SEQN,age,gender,screen_hours,sleep_hours,PAQ710,PAQ715,PAD680,weight,SDMVPSU,SDMVSTRA
83732.0,62.0,Male,5.0,5.5,5.0,5.397605346934028e-79,,135629.507405,1.0,125.0
83733.0,53.0,Male,5.0,8.0,5.0,5.397605346934028e-79,,25282.425927,1.0,125.0
83734.0,78.0,Male,13.0,7.0,5.0,8.0,,12575.838818,1.0,131.0
83735.0,56.0,Female,5.0,6.5,3.0,2.0,,102078.634508,1.0,131.0
83736.0,42.0,Female,9.0,,4.0,5.0,,18234.736219,2.0,126.0
83737.0,72.0,Female,1.0795210693868056e-78,9.0,5.397605346934028e-79,5.397605346934028e-79,10.0,10878.684022,1.0,128.0
83741.0,22.0,Male,2.0,6.5,1.0,1.0,,39353.307397,2.0,128.0
83742.0,32.0,Female,6.0,8.0,4.0,2.0,,23557.163453,1.0,125.0
83743.0,18.0,Male,1.0,6.5,1.0,5.397605346934028e-79,,18249.325929,2.0,122.0
83744.0,56.0,Male,9.0,4.0,1.0,8.0,,20068.662891,2.0,126.0
83747.0,46.0,Male,12.0,10.0,4.0,8.0,,35673.964272,1.0,121.0
83749.0,17.0,Female,5.0,8.0,3.0,2.0,,63059.812938,2.0,131.0
83750.0,45.0,Male,12.0,8.0,4.0,8.0,,97001.987877,1.0,125.0
83751.0,16.0,Female,13.0,7.0,5.0,8.0,,14802.213772,1.0,128.0
83752.0,30.0,Female,1.0,6.5,1.0,5.397605346934028e-79,,38680.531261,1.0,124.0
83754.0,67.0,Female,12.0,9.5,4.0,8.0,,10191.914345,1.0,128.0
83755.0,67.0,Male,5.0,7.0,2.0,3.0,,13991.639152,1.0,126.0
83756.0,16.0,Male,3.0,9.5,5.397605346934028e-79,3.0,,46918.697172,1.0,122.0
83757.0,57.0,Female,9.0,8.0,1.0,8.0,60.0,12413.062527,1.0,120.0
83758.0,80.0,Male,5.0,9.0,4.0,1.0,,5.397605346934028e-79,2.0,133.0
83759.0,19.0,Female,4.0,8.5,2.0,2.0,,19250.414038,2.0,121.0
83761.0,24.0,Female,12.0,4.0,8.0,4.0,,18010.012692,1.0,119.0
83762.0,27.0,Female,8.0,7.5,3.0,5.0,,43424.328288,1.0,132.0
83767.0,54.0,Female,7.0,7.0,5.0,2.0,,23219.518074,2.0,122.0
83769.0,49.0,Male,1.0,7.0,1.0,5.397605346934028e-79,,28350.831746,1.0,132.0
83773.0,80.0,Female,10.0,9.0,2.0,8.0,,39939.418885,1.0,131.0
83775.0,69.0,Female,13.0,6.5,5.0,8.0,,8799.980525,2.0,119.0
83776.0,58.0,Female,7.0,8.0,4.0,3.0,,21493.64217,2.0,128.0
83777.0,56.0,Male,1.0,6.0,1.0,5.397605346934028e-79,,14484.987902,2.0,133.0
83778.0,16.0,Male,5.0,8.5,3.0,2.0,,18651.126141,1.0,127.0
83781.0,27.0,Female,10.0,7.0,5.0,5.0,,38537.18944,2.0,119.0
83783.0,17.0,Male,2.0,7.5,5.397605346934028e-79,2.0,,89837.269154,2.0,129.0
83784.0,22.0,Male,4.0,8.0,2.0,2.0,,42493.486456,2.0,121.0
83785.0,60.0,Female,10.0,8.0,2.0,8.0,,10191.914345,1.0,128.0
83786.0,51.0,Male,2.0,6.5,2.0,5.397605346934028e-79,,28391.195299,2.0,129.0
83787.0,68.0,Female,10.0,7.0,2.0,8.0,60.0,10732.606587,1.0,128.0
83788.0,69.0,Female,2.0,8.5,2.0,5.397605346934028e-79,,49234.971244,2.0,120.0
83789.0,66.0,Male,5.0,8.0,4.0,1.0,,181461.242024,1.0,132.0
83790.0,56.0,Male,12.0,7.5,4.0,8.0,,32402.172747,2.0,126.0
83791.0,80.0,Female,1.0795210693868056e-78,7.5,5.397605346934028e-79,5.397605346934028e-79,,62213.984015,2.0,123.0
83799.0,37.0,Female,16.0,10.0,8.0,8.0,,35348.435447,1.0,122.0
83801.0,80.0,Female,11.0,7.5,3.0,8.0,,61722.129659,2.0,132.0
83802.0,29.0,Female,3.0,9.0,3.0,5.397605346934028e-79,,26347.770743,2.0,120.0
83803.0,27.0,Male,6.0,8.0,3.0,3.0,,21170.1696,2.0,126.0
83809.0,20.0,Female,7.0,7.0,3.0,4.0,,40405.577191,1.0,129.0
83812.0,68.0,Female,3.0,10.0,3.0,5.397605346934028e-79,,9985.161752,1.0,124.0
83813.0,24.0,Male,1.0795210693868056e-78,7.0,5.397605346934028e-79,5.397605346934028e-79,,127925.616456,1.0,130.0
83816.0,27.0,Male,4.0,10.0,2.0,2.0,,73364.003944,1.0,126.0
83817.0,42.0,Male,1.0,8.0,1.0,5.397605346934028e-79,,156668.5007,2.0,124.0
83818.0,80.0,Female,7.0,8.0,4.0,3.0,,8609.62524,2.0,119.0
83819.0,16.0,Female,10.0,8.5,5.0,5.0,,36859.21159,2.0,132.0
83820.0,70.0,Male,3.0,6.5,3.0,5.397605346934028e-79,,57057.111281,2.0,132.0
83821.0,80.0,Male,7.0,9.5,5.0,2.0,,16856.90242,1.0,130.0
83822.0,20.0,Female,11.0,6.5,3.0,8.0,,35683.4136,2.0,126.0
83823.0,29.0,Female,9.0,9.0,1.0,8.0,,23096.462098,1.0,129.0
83824.0,23.0,Male,12.0,8.0,8.0,4.0,,17901.767853,1.0,119.0
83825.0,16.0,Female,7.0,7.5,5.0,2.0,,17985.284751,1.0,121.0
83827.0,61.0,Male,5.0,6.0,4.0,1.0,,15028.726858,1.0,126.0
83828.0,39.0,Female,8.0,8.0,5.397605346934028e-79,8.0,,30343.023526,2.0,129.0
83829.0,50.0,Male,1.0,7.5,5.397605346934028e-79,1.0,,19543.327056,2.0,122.0
83832.0,50.0,Female,16.0,5.0,8.0,8.0,20.0,12034.175845,1.0,121.0
83834.0,69.0,Male,13.0,2.5,5.0,8.0,,12267.52054,2.0,131.0
83836.0,18.0,Female,8.0,9.0,3.0,5.0,,10403.834454,1.0,133.0
83837.0,45.0,Female,1.0795210693868056e-78,6.5,5.397605346934028e-79,5.397605346934028e-79,,16341.919117,1.0,133.0
83843.0,80.0,Male,8.0,9.0,5.0,3.0,,18517.464588,1.0,128.0
83844.0,27.0,Male,10.0,7.5,2.0,8.0,,33012.516984,1.0,121.0
83845.0,44.0,Female,13.0,9.0,5.0,8.0,,22031.510992,2.0,124.0
83846.0,41.0,Female,11.0,5.0,3.0,8.0,,5.397605346934028e-79,2.0,128.0
83847.0,18.0,Male,4.0,8.0,1.0,3.0,,86016.324929,2.0,128.0
83849.0,71.0,Male,11.0,4.5,3.0,8.0,,11258.826795,1.0,127.0
83851.0,37.0,Female,2.0,6.0,1.0,1.0,,73157.086814,1.0,120.0
83853.0,49.0,Female,3.0,7.5,1.0,2.0,,110568.780895,2.0,123.0
83854.0,46.0,Female,3.0,7.0,2.0,1.0,,26459.144642,1.0,127.0
83856.0,30.0,Male,10.0,7.5,2.0,8.0,,48195.032625,1.0,130.0
83857.0,31.0,Female,4.0,6.0,2.0,2.0,,135210.781434,1.0,130.0
83860.0,41.0,Male,2.0,7.0,2.0,5.397605346934028e-79,,22668.56273,2.0,125.0
83861.0,80.0,Male,11.0,7.5,3.0,8.0,,5.397605346934028e-79,2.0,120.0
83862.0,19.0,Female,4.0,9.0,2.0,2.0,,27656.345746,2.0,127.0
83863.0,35.0,Male,9.0,8.0,1.0,8.0,,25463.372657,1.0,120.0
83865.0,21.0,Female,3.0,9.5,3.0,5.397605346934028e-79,,63044.869905,2.0,126.0
83866.0,40.0,Male,3.0,8.0,2.0,1.0,,29280.855908,1.0,132.0
83869.0,67.0,Female,2.0,6.5,1.0,1.0,,37505.346642,2.0,132.0
83870.0,48.0,Male,4.0,7.0,3.0,1.0,,40991.596214,1.0,132.0
83871.0,30.0,Female,9.0,8.0,1.0,8.0,60.0,23411.220472,1.0,120.0
83872.0,63.0,Male,4.0,7.0,2.0,2.0,,7738.995646,1.0,122.0
83874.0,54.0,Male,10.0,8.5,2.0,8.0,,16247.530192,1.0,133.0
83875.0,42.0,Female,1.0,4.0,1.0,5.397605346934028e-79,,21360.939121,2.0,130.0
83876.0,71.0,Female,6.0,10.0,2.0,4.0,,51541.657183,2.0,132.0
83880.0,79.0,Female,10.0,11.0,2.0,8.0,,46534.060482,1.0,123.0
83881.0,32.0,Female,9.0,9.0,1.0,8.0,,61363.034774,2.0,125.0
83883.0,80.0,Female,12.0,8.5,4.0,8.0,,11641.228605,1.0,128.0
83884.0,61.0,Male,10.0,,2.0,8.0,,8113.690331,1.0,127.0
83885.0,38.0,Female,2.0,9.0,1.0,1.0,,13606.800072,2.0,121.0
83886.0,74.0,Male,3.0,9.0,3.0,5.397605346934028e-79,,18906.149564,2.0,123.0
83887.0,51.0,Female,10.0,7.5,2.0,8.0,,27815.239396,1.0,119.0
83889.0,26.0,Male,4.0,7.5,3.0,1.0,,170717.940863,1.0,132.0
83890.0,18.0,Female,6.0,10.0,3.0,3.0,,7587.102082,1.0,119.0
83891.0,54.0,Female,5.0,8.0,5.0,5.397605346934028e-79,,97546.396749,1.0,125.0
83893.0,68.0,Female,8.0,10.0,5.397605346934028e-79,8.0,,5.397605346934028e-79,1.0,121.0
83894.0,60.0,Male,10.0,8.0,2.0,8.0,,14849.610234,2.0,133.0
83895.0,80.0,Female,12.0,10.0,4.0,8.0,,38906.088612,1.0,130.0
83897.0,29.0,Female,7.0,10.0,2.0,5.0,,68402.551901,2.0,121.0
83898.0,55.0,Male,1.0,8.0,1.0,5.397605346934028e-79,,197997.70503,2.0,127.0
83899.0,27.0,Male,8.0,7.5,5.397605346934028e-79,8.0,,41361.395933,1.0,131.0
83900.0,52.0,Female,6.0,10.0,2.0,4.0,,38992.143171,1.0,125.0
83902.0,49.0,Male,1.0,6.5,5.397605346934028e-79,1.0,,180562.622596,1.0,132.0
83903.0,47.0,Female,6.0,7.0,2.0,4.0,,30052.523171,2.0,128.0
83904.0,80.0,Female,11.0,,3.0,8.0,,5.397605346934028e-79,2.0,133.0
83907.0,22.0,Male,13.0,7.0,8.0,5.0,,17901.767853,1.0,119.0
83908.0,51.0,Male,8.0,6.0,5.397605346934028e-79,8.0,,22812.965188,2.0,120.0
83909.0,49.0,Female,4.0,8.5,5.397605346934028e-79,4.0,,41791.705485,2.0,131.0
83910.0,37.0,Male,4.0,7.0,4.0,5.397605346934028e-79,,30870.783863,2.0,126.0
83911.0,43.0,Female,6.0,7.5,3.0,3.0,,37552.297073,1.0,129.0
83913.0,43.0,Male,8.0,6.0,5.397605346934028e-79,8.0,,11939.081157,2.0,120.0
83914.0,23.0,Female,5.0,9.0,5.397605346934028e-79,5.0,,32116.999102,1.0,121.0
83915.0,71.0,Male,10.0,8.5,2.0,8.0,,12158.220371,2.0,127.0
83917.0,17.0,Female,2.0,8.0,5.397605346934028e-79,2.0,,33923.731709,1.0,125.0
83919.0,19.0,Male,4.0,6.0,5.397605346934028e-79,4.0,,18630.561724,1.0,120.0
83920.0,68.0,Female,9.0,10.0,1.0,8.0,,9306.463126,1.0,121.0
83924.0,48.0,Female,5.0,8.0,5.0,5.397605346934028e-79,,108055.854056,2.0,123.0
83925.0,74.0,Female,4.0,8.0,2.0,2.0,,12379.093161,1.0,128.0
83926.0,66.0,Male,3.0,7.0,3.0,5.397605346934028e-79,,113023.591546,2.0,126.0
83927.0,66.0,Female,4.0,5.5,4.0,5.397605346934028e-79,,5.397605346934028e-79,2.0,122.0
83928.0,62.0,Female,,9.5,,2.0,,9223.528226,1.0,120.0
83930.0,17.0,Male,12.0,8.0,8.0,4.0,,42629.615392,1.0,131.0
83931.0,37.0,Male,11.0,12.0,3.0,8.0,,30255.561433,2.0,125.0
83932.0,80.0,Female,1.0,8.5,1.0,5.397605346934028e-79,,50790.182481,1.0,130.0
83933.0,31.0,Female,2.0,7.5,5.397605346934028e-79,2.0,,54657.454167,2.0,125.0
83934.0,27.0,Female,9.0,8.5,1.0,8.0,,23177.371662,2.0,126.0
83935.0,44.0,Female,4.0,5.5,2.0,2.0,,24243.789685,2.0,128.0
83937.0,75.0,Female,9.0,10.0,1.0,8.0,,22485.677011,1.0,129.0
83938.0,45.0,Male,11.0,7.5,8.0,3.0,,15518.639687,1.0,119.0
83940.0,16.0,Male,5.0,11.0,3.0,2.0,,21434.753457,1.0,129.0
83941.0,71.0,Male,9.0,8.0,1.0,8.0,,7124.584524,1.0,124.0
83943.0,17.0,Female,3.0,7.5,5.397605346934028e-79,3.0,,16897.158322,2.0,129.0
83944.0,75.0,Male,13.0,5.0,5.0,8.0,,12818.137491,2.0,126.0
83946.0,43.0,Male,4.0,7.0,2.0,2.0,,164144.33165,1.0,126.0
83947.0,33.0,Female,3.0,8.5,2.0,1.0,,115584.386412,2.0,128.0
83949.0,78.0,Female,13.0,10.0,5.0,8.0,,51570.787479,1.0,125.0
83950.0,55.0,Male,13.0,5.0,5.0,8.0,,38997.631276,2.0,130.0
83951.0,24.0,Male,12.0,5.0,4.0,8.0,,37871.565336,2.0,132.0
83953.0,46.0,Female,11.0,8.0,3.0,8.0,,34058.675648,1.0,128.0
83954.0,53.0,Male,9.0,6.5,1.0,8.0,,120076.911339,2.0,123.0
83955.0,47.0,Male,8.0,6.0,5.0,3.0,,23189.912945,1.0,133.0
83958.0,47.0,Female,2.0,6.0,2.0,5.397605346934028e-79,,22634.332368,2.0,131.0
83959.0,22.0,Female,3.0,11.0,2.0,1.0,,57766.459844,1.0,125.0
83961.0,44.0,Female,2.0,7.5,2.0,5.397605346934028e-79,,123942.642998,2.0,121.0
83962.0,28.0,Female,2.0,8.0,2.0,5.397605346934028e-79,,31735.964902,2.0,129.0
83963.0,44.0,Female,5.0,6.0,2.0,3.0,,29204.598577,2.0,130.0
83964.0,72.0,Female,10.0,7.5,2.0,8.0,,23978.556307,2.0,128.0
83965.0,49.0,Male,6.0,6.0,5.0,1.0,,27627.433535,1.0,127.0
83966.0,27.0,Male,9.0,5.0,1.0,8.0,,39017.960483,1.0,120.0
83967.0,40.0,Male,4.0,8.5,3.0,1.0,,21185.728757,2.0,128.0
83969.0,21.0,Female,4.0,8.5,3.0,1.0,,73707.187729,1.0,127.0
83971.0,26.0,Female,2.0,6.0,5.397605346934028e-79,2.0,,53247.122965,1.0,131.0
83973.0,63.0,Male,2.0,7.5,2.0,5.397605346934028e-79,,161983.591606,1.0,120.0
83975.0,65.0,Female,3.0,9.0,3.0,5.397605346934028e-79,,10191.914345,1.0,127.0
83976.0,80.0,Male,12.0,5.5,4.0,8.0,,45423.218372,2.0,127.0
83977.0,80.0,Female,6.0,12.0,1.0,5.0,,58406.004915,2.0,121.0
83982.0,25.0,Male,3.0,6.5,2.0,1.0,,151436.562639,2.0,123.0
83983.0,71.0,Female,5.0,9.0,3.0,2.0,,5.397605346934028e-79,1.0,124.0
83985.0,55.0,Male,9.0,8.0,1.0,8.0,,142700.496043,2.0,128.0
83986.0,40.0,Male,3.0,5.5,2.0,1.0,,50727.109106,1.0,122.0
83987.0,68.0,Male,8.0,11.0,5.397605346934028e-79,8.0,,9350.338441,1.0,121.0
83988.0,21.0,Male,10.0,7.5,5.0,5.0,,43018.902365,2.0,122.0
83989.0,37.0,Female,8.0,5.0,3.0,5.0,,26323.048964,2.0,130.0
83990.0,79.0,Female,12.0,8.0,4.0,8.0,,14327.558193,1.0,128.0
83992.0,68.0,Male,6.0,9.0,1.0,5.0,,20179.417316,2.0,133.0
83993.0,41.0,Female,7.0,7.5,4.0,3.0,,27214.149657,2.0,124.0
83994.0,60.0,Female,10.0,7.5,5.0,5.0,,223381.482388,2.0,127.0
83995.0,43.0,Male,4.0,6.5,3.0,1.0,,24624.0564,2.0,129.0
83996.0,60.0,Female,1.0795210693868056e-78,8.5,5.397605346934028e-79,5.397605346934028e-79,,18103.656902,2.0,119.0
83998.0,31.0,Female,4.0,7.5,3.0,1.0,,122235.867207,1.0,132.0
83999.0,71.0,Male,8.0,8.0,5.397605346934028e-79,8.0,,13483.718541,1.0,119.0
84001.0,54.0,Female,9.0,6.5,1.0,8.0,,17701.82134,1.0,123.0
84002.0,48.0,Male,2.0,,1.0,1.0,,124749.859713,1.0,122.0
84005.0,26.0,Male,4.0,6.5,2.0,2.0,,27144.009523,2.0,126.0
84006.0,45.0,Female,7.0,6.0,5.0,2.0,,28821.999917,1.0,132.0
84007.0,27.0,Female,5.0,8.0,5.0,5.397605346934028e-79,,5.397605346934028e-79,2.0,131.0
84008.0,62.0,Female,11.0,9.0,3.0,8.0,,16375.276871,1.0,119.0
84010.0,68.0,Female,4.0,8.0,2.0,2.0,,152511.870586,1.0,129.0
84011.0,32.0,Male,4.0,6.5,2.0,2.0,,44544.034334,1.0,126.0
84012.0,24.0,Male,9.0,5.5,1.0,8.0,,40340.159427,1.0,124.0
84014.0,53.0,Male,8.0,7.0,8.0,5.397605346934028e-79,,15162.869423,2.0,128.0
84015.0,73.0,Male,9.0,7.0,1.0,8.0,,10945.113108,2.0,133.0
84016.0,41.0,Female,1.0,4.5,5.397605346934028e-79,1.0,,43742.970217,2.0,127.0
84018.0,27.0,Male,1.0,8.0,5.397605346934028e-79,1.0,,133131.457626,2.0,129.0
84019.0,54.0,Male,7.0,6.0,5.0,2.0,,23307.562192,2.0,130.0
84021.0,29.0,Female,1.0,8.0,5.397605346934028e-79,1.0,,18013.97539,1.0,130.0
84022.0,60.0,Female,5.0,7.0,3.0,2.0,,8376.294199,2.0,129.0
84023.0,19.0,Female,6.0,11.0,5.0,1.0,,26330.580255,2.0,132.0
84025.0,18.0,Female,12.0,7.5,4.0,8.0,,42951.324965,2.0,127.0
84026.0,44.0,Male,6.0,7.0,3.0,3.0,,17830.145083,2.0,132.0
84028.0,61.0,Female,1.0795210693868056e-78,8.5,5.397605346934028e-79,5.397605346934028e-79,,141736.877671,2.0,121.0
84029.0,28.0,Female,1.0795210693868056e-78,9.5,5.397605346934028e-79,5.397605346934028e-79,,50798.059826,2.0,127.0
84030.0,46.0,Male,11.0,8.0,3.0,8.0,,25221.741084,1.0,120.0
84032.0,51.0,Male,10.0,,2.0,8.0,,24220.703626,1.0,128.0
84033.0,41.0,Female,1.0795210693868056e-78,8.0,5.397605346934028e-79,5.397605346934028e-79,,54200.877488,1.0,122.0
84034.0,25.0,Female,5.0,9.5,2.0,3.0,,25379.408583,2.0,126.0
84036.0,36.0,Male,4.0,8.0,2.0,2.0,,128658.980045,2.0,121.0
84037.0,66.0,Male,10.0,8.0,2.0,8.0,,185426.756225,2.0,133.0
84038.0,23.0,Female,3.0,7.0,3.0,5.397605346934028e-79,,96343.268815,2.0,129.0
84039.0,36.0,Male,13.0,8.5,5.0,8.0,,37744.082899,1.0,125.0
84040.0,62.0,Male,2.0,7.5,5.397605346934028e-79,2.0,,5.397605346934028e-79,1.0,129.0
84041.0,71.0,Female,2.0,7.5,1.0,1.0,,109544.909032,1.0,126.0
84042.0,75.0,Male,13.0,8.0,5.0,8.0,,12320.306534,1.0,131.0
84044.0,58.0,Female,9.0,9.5,1.0,8.0,30.0,5.397605346934028e-79,1.0,119.0
84046.0,45.0,Female,5.0,8.0,3.0,2.0,,89348.088605,1.0,131.0
84047.0,72.0,Female,5.0,8.0,2.0,3.0,,21201.048387,2.0,121.0
84050.0,79.0,Female,5.0,10.0,5.0,5.397605346934028e-79,,79382.030433,1.0,130.0
84051.0,55.0,Female,5.0,6.0,4.0,1.0,,19355.327344,1.0,128.0
84054.0,17.0,Male,13.0,8.0,5.0,8.0,,23813.085283,1.0,127.0
84055.0,64.0,Female,9.0,7.0,4.0,5.0,,28394.776693,1.0,126.0
84058.0,21.0,Female,4.0,8.5,2.0,2.0,,101774.501889,2.0,128.0
84061.0,50.0,Female,7.0,8.0,5.0,2.0,,146410.687308,1.0,127.0
84062.0,45.0,Female,9.0,7.0,1.0,8.0,,22397.937264,2.0,122.0
84065.0,48.0,Female,10.0,9.0,2.0,8.0,,122048.907038,1.0,127.0
84068.0,59.0,Male,9.0,6.0,1.0,8.0,,19273.946771,2.0,126.0
84069.0,61.0,Female,13.0,7.0,5.0,8.0,,15284.42494,1.0,123.0
84070.0,40.0,Male,3.0,5.5,2.0,1.0,60.0,105159.29155,1.0,119.0
84071.0,72.0,Female,2.0,7.0,2.0,5.397605346934028e-79,,5.397605346934028e-79,2.0,122.0
84072.0,27.0,Female,1.0795210693868056e-78,8.5,5.397605346934028e-79,5.397605346934028e-79,,37725.5933,1.0,132.0
84073.0,39.0,Female,8.0,5.0,5.397605346934028e-79,8.0,,23928.976208,1.0,127.0
84074.0,26.0,Female,16.0,3.0,8.0,8.0,,34020.381254,2.0,128.0
84075.0,62.0,Male,13.0,3.0,5.0,8.0,,40373.364885,2.0,125.0
84076.0,20.0,Male,2.0,7.0,2.0,5.397605346934028e-79,,5.397605346934028e-79,1.0,128.0
84077.0,46.0,Female,7.0,8.5,2.0,5.0,,19193.356019,1.0,124.0
84082.0,24.0,Female,7.0,10.0,2.0,5.0,,22744.571405,1.0,133.0
84086.0,45.0,Male,10.0,8.0,2.0,8.0,,134484.853586,2.0,131.0
84087.0,36.0,Male,1.0,7.5,1.0,5.397605346934028e-79,,18550.188454,1.0,133.0
84088.0,45.0,Female,7.0,7.0,2.0,5.0,,86941.936418,2.0,120.0
84089.0,53.0,Male,8.0,7.0,5.397605346934028e-79,8.0,,23398.828515,2.0,131.0
84090.0,26.0,Female,1.0,7.0,1.0,5.397605346934028e-79,,92810.746632,1.0,132.0
84091.0,60.0,Female,11.0,7.0,3.0,8.0,,16839.231379,1.0,119.0
84092.0,58.0,Female,10.0,7.0,5.0,5.0,,12909.961721,1.0,119.0
84093.0,16.0,Female,5.0,8.5,2.0,3.0,,18604.439406,1.0,124.0
84094.0,73.0,Female,1.0795210693868056e-78,7.5,5.397605346934028e-79,5.397605346934028e-79,,94718.989174,2.0,129.0
84095.0,61.0,Female,8.0,7.5,3.0,5.0,,19994.152784,2.0,129.0
84098.0,26.0,Male,4.0,8.0,2.0,2.0,,24913.200394,1.0,124.0
84099.0,74.0,Male,12.0,10.0,4.0,8.0,,11400.745908,1.0,127.0
84101.0,80.0,Male,10.0,9.0,5.0,5.0,,45839.18191,2.0,127.0
84103.0,33.0,Male,4.0,11.0,1.0,3.0,,29765.236681,1.0,131.0
84105.0,28.0,Male,4.0,8.0,2.0,2.0,,44183.467982,2.0,121.0
84106.0,57.0,Male,2.0,7.5,2.0,5.397605346934028e-79,,19577.75466,2.0,122.0
84107.0,60.0,Female,8.0,7.0,5.397605346934028e-79,8.0,,10624.63096,1.0,126.0
84108.0,63.0,Male,10.0,4.5,5.0,5.0,,34910.790222,2.0,119.0
84109.0,66.0,Male,11.0,6.0,3.0,8.0,,130247.490606,1.0,130.0
84110.0,28.0,Male,2.0,7.0,1.0,1.0,,33012.516984,1.0,120.0
84111.0,58.0,Male,,5.5,,,,21934.817668,1.0,122.0
84112.0,46.0,Male,4.0,6.0,2.0,2.0,,12641.380049,2.0,120.0
84114.0,59.0,Male,13.0,9.0,5.0,8.0,,99287.934073,1.0,131.0
84115.0,80.0,Male,8.0,6.0,5.397605346934028e-79,8.0,,18768.224506,2.0,132.0
84118.0,72.0,Female,10.0,7.5,2.0,8.0,,12241.751649,1.0,127.0
84119.0,52.0,Male,4.0,8.0,2.0,2.0,,25530.895149,2.0,122.0
84120.0,67.0,Male,6.0,8.0,4.0,2.0,,8753.903385,1.0,122.0
84121.0,18.0,Male,11.0,8.5,3.0,8.0,,18513.759776,1.0,127.0
84122.0,54.0,Male,13.0,6.0,5.0,8.0,,26046.288437,1.0,120.0
84125.0,72.0,Female,7.0,12.0,5.0,2.0,,104095.119499,2.0,125.0
84126.0,38.0,Male,10.0,11.0,5.0,5.0,,37414.894949,2.0,131.0
84128.0,46.0,Female,9.0,6.5,1.0,8.0,60.0,23248.968221,1.0,128.0
84129.0,80.0,Male,11.0,6.0,3.0,8.0,,20556.749123,2.0,132.0
84130.0,26.0,Female,6.0,7.5,5.0,1.0,,98480.345057,2.0,123.0
84137.0,28.0,Female,11.0,8.5,8.0,3.0,,25225.54145,2.0,122.0
84139.0,78.0,Female,12.0,8.5,4.0,8.0,,12072.422598,1.0,128.0
84140.0,21.0,Female,1.0795210693868056e-78,7.0,5.397605346934028e-79,5.397605346934028e-79,,29782.450467,2.0,120.0
84142.0,24.0,Male,9.0,6.0,5.0,4.0,,80641.122109,1.0,131.0
84143.0,35.0,Female,8.0,8.0,5.397605346934028e-79,8.0,,75174.777481,2.0,124.0
84147.0,78.0,Male,9.0,11.0,1.0,8.0,,9137.070875,2.0,122.0
84151.0,53.0,Female,1.0,9.5,5.397605346934028e-79,1.0,,210752.422853,2.0,127.0
84152.0,46.0,Female,9.0,7.0,1.0,8.0,,16360.876727,2.0,133.0
84156.0,29.0,Female,2.0,5.0,2.0,5.397605346934028e-79,,18462.081212,1.0,124.0
84157.0,45.0,Male,10.0,8.0,5.0,5.0,,48453.257254,1.0,125.0
84160.0,45.0,Female,10.0,8.5,2.0,8.0,,5.397605346934028e-79,1.0,119.0
84165.0,57.0,Male,10.0,8.0,2.0,8.0,,27801.285892,1.0,133.0
84166.0,67.0,Female,5.0,7.5,5.0,5.397605346934028e-79,,148368.339917,2.0,125.0
84167.0,46.0,Male,2.0,7.0,2.0,5.397605346934028e-79,,15064.018692,2.0,131.0
84168.0,61.0,Male,12.0,8.0,4.0,8.0,,21947.76368,2.0,132.0
84169.0,43.0,Male,10.0,4.5,5.0,5.0,,19747.852919,2.0,125.0
84170.0,46.0,Male,3.0,,3.0,5.397605346934028e-79,,45291.792639,1.0,128.0
84171.0,30.0,Female,2.0,7.5,2.0,5.397605346934028e-79,,72530.976365,1.0,131.0
84172.0,20.0,Male,6.0,8.0,3.0,3.0,,27757.33553,2.0,125.0
84173.0,52.0,Male,3.0,7.0,3.0,5.397605346934028e-79,,21710.539835,1.0,127.0
84174.0,54.0,Female,10.0,9.0,5.0,5.0,,25227.77051,2.0,125.0
84177.0,77.0,Male,10.0,7.5,2.0,8.0,,9033.441989,1.0,127.0
84178.0,80.0,Male,11.0,9.5,3.0,8.0,,29156.852135,2.0,132.0
84180.0,33.0,Male,10.0,10.0,2.0,8.0,,38026.445558,2.0,119.0
84181.0,35.0,Male,16.0,4.5,8.0,8.0,,27036.781252,1.0,132.0
84182.0,41.0,Female,11.0,8.0,3.0,8.0,,5.397605346934028e-79,2.0,121.0
84183.0,80.0,Female,9.0,10.0,1.0,8.0,,12197.218593,1.0,129.0
84184.0,58.0,Male,3.0,7.5,2.0,1.0,60.0,35423.296579,1.0,123.0
84185.0,37.0,Male,6.0,6.0,4.0,2.0,,24721.918982,2.0,130.0
84186.0,45.0,Male,10.0,7.5,5.0,5.0,,5.397605346934028e-79,1.0,121.0
84187.0,25.0,Female,3.0,8.0,2.0,1.0,,93511.137964,2.0,120.0
84188.0,61.0,Female,13.0,11.0,5.0,8.0,,8532.351674,1.0,133.0
84189.0,62.0,Female,2.0,10.0,2.0,5.397605346934028e-79,,19639.755181,2.0,121.0
84192.0,27.0,Female,5.0,6.0,4.0,1.0,,31428.978415,1.0,127.0
84194.0,58.0,Female,5.0,9.5,5.0,5.397605346934028e-79,,155606.091142,2.0,125.0
84195.0,45.0,Male,9.0,7.0,1.0,8.0,,20474.315491,2.0,126.0
84196.0,32.0,Male,6.0,4.0,3.0,3.0,,16148.665253,2.0,121.0
84197.0,59.0,Male,4.0,8.0,4.0,5.397605346934028e-79,,204990.718839,2.0,127.0
84200.0,24.0,Female,8.0,10.0,8.0,5.397605346934028e-79,,75925.397117,1.0,133.0
84201.0,78.0,Male,8.0,10.5,5.397605346934028e-79,8.0,,15916.911834,1.0,130.0
84202.0,19.0,Male,6.0,12.0,2.0,4.0,,24639.451398,1.0,129.0
84203.0,21.0,Male,7.0,7.0,4.0,3.0,,39928.001148,2.0,130.0
84205.0,51.0,Male,9.0,8.0,1.0,8.0,,19039.666484,2.0,131.0
84206.0,16.0,Male,5.0,5.5,2.0,3.0,,12020.13567,1.0,133.0
84208.0,67.0,Female,11.0,10.0,3.0,8.0,,10732.606587,1.0,128.0
84211.0,18.0,Male,3.0,9.5,3.0,5.397605346934028e-79,,13266.176648,2.0,133.0
84212.0,67.0,Female,12.0,8.0,4.0,8.0,,8117.914205,1.0,124.0
84216.0,65.0,Male,12.0,8.0,4.0,8.0,,5.397605346934028e-79,2.0,133.0
84217.0,59.0,Female,3.0,8.5,2.0,1.0,,25274.24215,2.0,131.0
84218.0,56.0,Male,4.0,6.5,4.0,5.397605346934028e-79,,93455.681602,1.0,123.0
84219.0,31.0,Male,2.0,8.0,2.0,5.397605346934028e-79,,143339.977737,1.0,130.0
84220.0,36.0,Male,10.0,7.5,2.0,8.0,,22745.924781,2.0,124.0
84221.0,16.0,Female,1.0795210693868056e-78,8.5,5.397605346934028e-79,5.397605346934028e-79,,57122.052232,1.0,131.0
84222.0,44.0,Male,8.0,4.0,5.0,3.0,,38928.084258,2.0,123.0
84224.0,56.0,Female,13.0,11.0,5.0,8.0,,18419.303278,1.0,120.0
84225.0,60.0,Male,9.0,8.5,1.0,8.0,,29728.417045,1.0,131.0
84226.0,64.0,Male,5.0,9.0,5.0,5.397605346934028e-79,,15166.168792,2.0,130.0
84227.0,36.0,Male,16.0,7.5,8.0,8.0,,28518.930892,1.0,131.0
84228.0,38.0,Male,9.0,6.5,1.0,8.0,,39405.660262,1.0,132.0
84229.0,43.0,Female,8.0,8.0,5.397605346934028e-79,8.0,,14300.661118,2.0,126.0
84230.0,28.0,Female,10.0,8.5,2.0,8.0,,19991.718564,1.0,124.0
84231.0,75.0,Female,6.0,7.0,3.0,3.0,,49144.370802,2.0,132.0
84232.0,61.0,Male,3.0,8.0,3.0,5.397605346934028e-79,,11486.676531,2.0,120.0
84233.0,17.0,Male,10.0,10.0,5.0,5.0,,29113.903102,1.0,125.0
84234.0,40.0,Female,11.0,6.5,3.0,8.0,,18525.772138,2.0,132.0
84235.0,47.0,Female,5.0,8.0,3.0,2.0,,20787.275475,2.0,126.0
84236.0,75.0,Male,9.0,3.0,5.0,4.0,,17078.704383,1.0,126.0
84238.0,25.0,Female,4.0,5.0,2.0,2.0,,31453.644353,1.0,125.0
84239.0,74.0,Male,4.0,8.5,4.0,5.397605346934028e-79,,95771.521852,1.0,126.0
84241.0,50.0,Male,11.0,9.5,3.0,8.0,,32162.122634,1.0,122.0
84242.0,42.0,Female,1.0795210693868056e-78,7.5,5.397605346934028e-79,5.397605346934028e-79,,24902.588317,2.0,128.0
84243.0,16.0,Female,8.0,8.0,5.397605346934028e-79,8.0,,7138.579063,2.0,132.0
84245.0,43.0,Female,8.0,7.5,8.0,5.397605346934028e-79,,133750.695696,2.0,123.0
84246.0,57.0,Female,3.0,7.0,2.0,1.0,,29421.563602,1.0,129.0
84247.0,16.0,Female,10.0,8.0,2.0,8.0,,46646.665402,1.0,131.0
84248.0,29.0,Female,10.0,6.5,2.0,8.0,60.0,30369.499348,1.0,126.0
84251.0,20.0,Male,1.0,3.5,1.0,5.397605346934028e-79,,29900.469521,2.0,126.0
84256.0,63.0,Male,13.0,2.0,5.0,8.0,,28074.333819,2.0,126.0
84260.0,60.0,Male,3.0,7.0,1.0,2.0,,25410.972383,2.0,122.0
84264.0,61.0,Male,3.0,6.5,3.0,5.397605346934028e-79,,13110.809568,2.0,128.0
84265.0,76.0,Male,11.0,8.5,3.0,8.0,,7898.138121,2.0,129.0
84267.0,58.0,Male,6.0,8.0,5.0,1.0,,5.397605346934028e-79,2.0,126.0
84269.0,26.0,Male,5.0,8.0,2.0,3.0,,69325.725647,2.0,126.0
84271.0,67.0,Male,13.0,11.0,5.0,8.0,,31079.708729,2.0,132.0
84273.0,63.0,Male,10.0,8.5,2.0,8.0,,18161.464518,2.0,119.0
84276.0,26.0,Female,8.0,7.0,5.397605346934028e-79,8.0,,20622.939396,2.0,126.0
84277.0,28.0,Female,8.0,9.0,5.397605346934028e-79,8.0,,39379.673858,1.0,132.0
84279.0,56.0,Female,11.0,6.0,3.0,8.0,,27228.771546,2.0,130.0
84280.0,77.0,Male,3.0,8.5,3.0,5.397605346934028e-79,,84168.644048,1.0,130.0
84282.0,18.0,Female,6.0,11.0,1.0,5.0,,12397.880792,1.0,121.0
84284.0,70.0,Female,11.0,4.0,3.0,8.0,,78519.193758,2.0,125.0
84285.0,44.0,Female,1.0,7.0,1.0,5.397605346934028e-79,,39643.178896,1.0,125.0
84287.0,34.0,Male,3.0,8.0,3.0,5.397605346934028e-79,,37056.157704,2.0,132.0
84290.0,30.0,Male,4.0,8.0,4.0,5.397605346934028e-79,,24952.57168,1.0,125.0
84291.0,36.0,Female,5.0,7.5,3.0,2.0,,17615.509615,2.0,131.0
84292.0,54.0,Female,13.0,10.0,5.0,8.0,,17860.360163,2.0,120.0
84293.0,41.0,Male,9.0,6.0,1.0,8.0,,141761.204219,1.0,122.0
84294.0,23.0,Male,8.0,10.0,4.0,4.0,,58702.735456,1.0,123.0
84295.0,58.0,Female,4.0,8.5,2.0,2.0,,14373.639996,2.0,119.0
84298.0,36.0,Female,2.0,7.5,5.397605346934028e-79,2.0,,22677.870367,2.0,122.0
84299.0,51.0,Male,5.0,7.0,2.0,3.0,,172438.97021,2.0,130.0
84300.0,25.0,Female,11.0,7.0,8.0,3.0,,27392.5824,1.0,121.0
84301.0,72.0,Male,5.0,6.5,5.0,5.397605346934028e-79,,18402.424194,2.0,120.0
84302.0,74.0,Male,11.0,6.5,3.0,8.0,,91273.394461,1.0,130.0
84303.0,68.0,Female,3.0,7.0,3.0,5.397605346934028e-79,,5.397605346934028e-79,1.0,130.0
84305.0,36.0,Female,9.0,9.0,1.0,8.0,,25979.97462,1.0,126.0
84308.0,41.0,Female,1.0795210693868056e-78,8.5,5.397605346934028e-79,5.397605346934028e-79,,122919.135508,2.0,131.0
84309.0,66.0,Male,10.0,8.0,2.0,8.0,,12207.888893,2.0,121.0
84311.0,47.0,Female,5.0,5.0,5.397605346934028e-79,5.0,,5.397605346934028e-79,2.0,123.0
84315.0,60.0,Male,5.0,7.5,2.0,3.0,,11217.092603,2.0,127.0
84316.0,45.0,Female,9.0,7.5,8.0,1.0,,89518.165651,1.0,130.0
84318.0,39.0,Male,2.0,6.5,2.0,5.397605346934028e-79,,24053.07522,2.0,131.0
84319.0,57.0,Female,1.0795210693868056e-78,7.5,5.397605346934028e-79,5.397605346934028e-79,,131821.553001,2.0,123.0
84321.0,62.0,Female,9.0,9.5,1.0,8.0,,9533.17837,1.0,121.0
84322.0,40.0,Male,9.0,4.0,4.0,5.0,30.0,23876.049583,1.0,119.0
84323.0,21.0,Female,4.0,7.0,2.0,2.0,,28629.208823,2.0,131.0
84324.0,59.0,Male,12.0,7.0,4.0,8.0,,24144.724933,2.0,125.0
84325.0,17.0,Female,3.0,8.0,1.0,2.0,,59614.015581,1.0,130.0
84327.0,63.0,Male,9.0,4.0,1.0,8.0,,10619.793851,1.0,124.0
84328.0,16.0,Male,2.0,9.0,1.0,1.0,,22599.275251,2.0,120.0
84329.0,38.0,Male,8.0,7.0,5.397605346934028e-79,8.0,60.0,29584.77319,2.0,129.0
84332.0,62.0,Female,13.0,7.0,5.0,8.0,,19269.041929,2.0,131.0
84336.0,80.0,Female,5.0,7.5,5.0,5.397605346934028e-79,,48624.339213,1.0,126.0
84338.0,50.0,Female,8.0,8.0,3.0,5.0,,14881.854246,2.0,131.0
84340.0,16.0,Female,13.0,6.0,8.0,5.0,,25032.459713,2.0,125.0
84347.0,28.0,Female,3.0,8.0,2.0,1.0,,86993.472763,2.0,122.0
84349.0,39.0,Female,3.0,8.0,2.0,1.0,,72530.976365,1.0,131.0
84353.0,54.0,Male,4.0,7.0,4.0,5.397605346934028e-79,,14705.373883,2.0,132.0
84354.0,80.0,Male,1.0795210693868056e-78,10.0,5.397605346934028e-79,5.397605346934028e-79,,17212.624711,1.0,125.0
84357.0,25.0,Male,1.0,10.0,1.0,5.397605346934028e-79,,40926.254656,1.0,120.0
84359.0,72.0,Female,11.0,9.0,3.0,8.0,,132501.968008,2.0,127.0
84360.0,55.0,Male,13.0,6.5,5.0,8.0,,27522.339244,1.0,129.0
84361.0,31.0,Female,2.0,6.0,2.0,5.397605346934028e-79,,150608.149324,2.0,127.0
84363.0,36.0,Female,9.0,8.0,1.0,8.0,60.0,23955.66746,1.0,120.0
84364.0,27.0,Male,2.0,7.0,2.0,5.397605346934028e-79,,32607.720112,2.0,121.0
84366.0,48.0,Female,4.0,8.0,2.0,2.0,,27122.319489,1.0,121.0
84368.0,42.0,Male,10.0,6.0,5.0,5.0,,30530.969509,2.0,128.0
84369.0,31.0,Female,2.0,7.0,2.0,5.397605346934028e-79,,28427.470709,2.0,124.0
84372.0,70.0,Female,5.0,7.5,5.0,5.397605346934028e-79,,89337.540804,1.0,125.0
84374.0,74.0,Female,9.0,9.0,1.0,8.0,60.0,17896.180374,2.0,131.0
84375.0,60.0,Male,9.0,8.5,1.0,8.0,,9810.087456,1.0,122.0
84376.0,55.0,Male,7.0,8.0,4.0,3.0,,19443.203972,1.0,121.0
84377.0,70.0,Male,2.0,8.0,2.0,5.397605346934028e-79,,15020.742849,2.0,133.0
84378.0,45.0,Female,10.0,6.5,5.0,5.0,,18177.543338,2.0,132.0
84379.0,35.0,Male,8.0,7.5,5.397605346934028e-79,8.0,,18463.570343,2.0,133.0
84380.0,35.0,Male,5.0,8.0,2.0,3.0,,30531.706639,1.0,121.0
84381.0,80.0,Male,13.0,8.0,5.0,8.0,,15621.572563,2.0,133.0
84382.0,16.0,Male,10.0,8.0,5.0,5.0,,19314.99199,2.0,127.0
84383.0,32.0,Female,8.0,7.0,5.397605346934028e-79,8.0,,115671.318148,1.0,121.0
84384.0,34.0,Male,4.0,7.0,2.0,2.0,,27103.912622,2.0,130.0
84385.0,18.0,Male,8.0,8.0,5.0,3.0,,50696.481898,1.0,122.0
84388.0,65.0,Male,13.0,5.0,5.0,8.0,,10032.236791,1.0,124.0
84389.0,66.0,Female,8.0,9.0,5.0,3.0,,53531.255966,2.0,130.0
84390.0,33.0,Male,1.0,5.0,1.0,5.397605346934028e-79,,22209.537069,2.0,133.0
84391.0,18.0,Male,4.0,9.5,1.0,3.0,,93908.506536,1.0,130.0
84392.0,53.0,Female,5.0,4.0,2.0,3.0,,13624.105571,2.0,122.0
84393.0,35.0,Male,8.0,7.5,4.0,4.0,,34962.91587,2.0,122.0
84394.0,45.0,Female,4.0,9.0,3.0,1.0,,19912.304622,1.0,120.0
84395.0,25.0,Female,5.0,7.0,5.397605346934028e-79,5.0,,80793.890411,2.0,120.0
84396.0,38.0,Female,5.0,8.0,4.0,1.0,,23955.66746,1.0,120.0
84398.0,38.0,Male,10.0,8.5,2.0,8.0,,86229.831283,2.0,133.0
84399.0,17.0,Female,9.0,7.0,1.0,8.0,,79941.925035,1.0,132.0
84400.0,60.0,Female,10.0,6.0,2.0,8.0,,9223.528226,1.0,128.0
84401.0,19.0,Female,7.0,9.0,3.0,4.0,,16192.986806,1.0,119.0
84402.0,27.0,Female,6.0,9.0,5.0,1.0,,31571.309862,1.0,122.0
84403.0,61.0,Male,1.0795210693868056e-78,8.5,5.397605346934028e-79,5.397605346934028e-79,,146124.563504,2.0,121.0
84404.0,31.0,Male,1.0,8.5,1.0,5.397605346934028e-79,,111595.62554,2.0,132.0
84405.0,33.0,Male,1.0795210693868056e-78,7.0,5.397605346934028e-79,5.397605346934028e-79,,27983.746016,2.0,124.0
84409.0,47.0,Female,8.0,,8.0,5.397605346934028e-79,,112669.201283,2.0,120.0
84410.0,28.0,Female,12.0,11.5,4.0,8.0,,45854.622339,2.0,127.0
84411.0,23.0,Male,6.0,9.0,4.0,2.0,,73368.295628,1.0,130.0
84412.0,25.0,Female,4.0,8.0,4.0,5.397605346934028e-79,,34230.068338,1.0,121.0
84413.0,41.0,Male,2.0,7.5,5.397605346934028e-79,2.0,,24341.074442,2.0,122.0
84414.0,16.0,Male,7.0,6.5,4.0,3.0,,48006.130424,1.0,122.0
84417.0,18.0,Female,3.0,10.5,2.0,1.0,,8662.429987,2.0,122.0
84418.0,75.0,Male,11.0,8.0,3.0,8.0,,9033.441989,1.0,127.0
84419.0,35.0,Female,2.0,7.5,1.0,1.0,,26122.560851,1.0,120.0
84420.0,27.0,Male,8.0,7.0,4.0,4.0,,29462.709982,2.0,131.0
84423.0,59.0,Male,9.0,9.0,5.0,4.0,,36586.840291,1.0,122.0
84424.0,69.0,Male,6.0,5.0,5.0,1.0,,35122.445022,1.0,125.0
84425.0,51.0,Female,6.0,6.0,3.0,3.0,,36249.615291,2.0,125.0
84426.0,51.0,Male,2.0,7.5,2.0,5.397605346934028e-79,,16696.906702,2.0,132.0
84427.0,64.0,Male,4.0,8.0,2.0,2.0,,11802.000004,2.0,121.0
84429.0,45.0,Female,6.0,7.5,4.0,2.0,,14589.451732,2.0,126.0
84431.0,46.0,Male,9.0,9.0,1.0,8.0,60.0,25182.00925,1.0,120.0
84433.0,18.0,Male,3.0,11.0,2.0,1.0,,11682.157146,2.0,132.0
84434.0,31.0,Male,3.0,6.0,2.0,1.0,,124501.388828,2.0,128.0
84435.0,80.0,Female,4.0,9.0,2.0,2.0,,64425.000394,2.0,130.0
84436.0,16.0,Male,5.0,7.5,3.0,2.0,,14754.061795,1.0,131.0
84437.0,48.0,Female,3.0,6.0,3.0,5.397605346934028e-79,,20988.846383,2.0,132.0
84440.0,30.0,Female,4.0,6.5,2.0,2.0,,22086.757744,1.0,119.0
84441.0,51.0,Female,8.0,7.5,5.397605346934028e-79,8.0,30.0,5.397605346934028e-79,1.0,132.0
84442.0,34.0,Female,3.0,7.0,1.0,2.0,,5.397605346934028e-79,2.0,133.0
84443.0,64.0,Male,13.0,9.0,5.0,8.0,,32906.072961,1.0,130.0
84444.0,36.0,Female,5.0,6.0,4.0,1.0,,23876.276709,1.0,127.0
84447.0,77.0,Male,9.0,7.0,5.0,4.0,,61536.691192,2.0,126.0
84448.0,26.0,Female,5.0,7.5,2.0,3.0,,52313.474159,2.0,122.0
84450.0,18.0,Female,8.0,8.0,5.397605346934028e-79,8.0,,14949.945558,2.0,125.0
84451.0,51.0,Male,9.0,4.5,1.0,8.0,60.0,19972.780333,1.0,122.0
84452.0,56.0,Female,6.0,7.5,4.0,2.0,,41562.559498,1.0,131.0
84453.0,26.0,Male,2.0,9.0,2.0,5.397605346934028e-79,,32046.228811,1.0,122.0
84454.0,60.0,Female,9.0,6.0,1.0,8.0,,18704.207443,2.0,129.0
84455.0,66.0,Female,4.0,9.0,3.0,1.0,,8073.657438,1.0,124.0
84456.0,42.0,Female,1.0,7.5,5.397605346934028e-79,1.0,,24189.296496,1.0,129.0
84457.0,19.0,Female,12.0,7.0,4.0,8.0,,47389.253643,1.0,131.0
84459.0,31.0,Female,4.0,8.0,2.0,2.0,,25101.04495,1.0,129.0
84462.0,35.0,Female,8.0,6.5,5.397605346934028e-79,8.0,60.0,31311.744156,2.0,125.0
84463.0,59.0,Male,5.0,6.0,4.0,1.0,,17505.434005,2.0,122.0
84464.0,69.0,Male,8.0,6.5,5.0,3.0,,11610.287034,2.0,132.0
84466.0,19.0,Female,9.0,11.0,1.0,8.0,,11695.587717,1.0,133.0
84467.0,28.0,Male,10.0,8.0,2.0,8.0,,24076.731447,2.0,120.0
84469.0,62.0,Female,2.0,7.0,1.0,1.0,,18704.207443,2.0,129.0
84470.0,23.0,Male,3.0,6.5,2.0,1.0,,16851.639516,1.0,119.0
84471.0,74.0,Female,4.0,7.0,4.0,5.397605346934028e-79,,10645.001434,1.0,124.0
84473.0,22.0,Female,3.0,7.5,1.0,2.0,,62038.037573,2.0,126.0
84475.0,25.0,Male,13.0,8.0,8.0,5.0,,49415.133841,2.0,126.0
84476.0,16.0,Female,7.0,9.0,5.0,2.0,,38790.902381,2.0,132.0
84477.0,16.0,Male,5.0,6.0,3.0,2.0,,28956.317937,1.0,125.0
84479.0,55.0,Female,9.0,9.5,1.0,8.0,,25632.554262,2.0,127.0
84480.0,79.0,Female,2.0,7.5,2.0,5.397605346934028e-79,,18477.07704,2.0,125.0
84481.0,72.0,Male,13.0,9.0,5.0,8.0,,12178.873517,1.0,128.0
84482.0,58.0,Female,9.0,5.5,5.0,4.0,,35307.447039,2.0,129.0
84485.0,24.0,Female,10.0,5.0,5.0,5.0,,21258.426147,2.0,132.0
84487.0,24.0,Female,3.0,9.0,3.0,5.397605346934028e-79,,101774.501889,2.0,128.0
84488.0,54.0,Male,10.0,9.0,2.0,8.0,,49205.878667,1.0,126.0
84490.0,28.0,Female,10.0,10.0,2.0,8.0,,37610.903999,2.0,127.0
84492.0,37.0,Male,1.0,9.0,5.397605346934028e-79,1.0,,25310.753673,2.0,130.0
84493.0,44.0,Female,3.0,8.0,3.0,5.397605346934028e-79,,22560.544918,1.0,126.0
84494.0,22.0,Female,2.0,10.0,2.0,5.397605346934028e-79,,24105.707507,1.0,124.0
84495.0,53.0,Female,11.0,9.0,3.0,8.0,,62952.352174,1.0,125.0
84496.0,51.0,Male,13.0,7.0,5.0,8.0,,24457.335699,1.0,122.0
84498.0,57.0,Female,4.0,7.5,3.0,1.0,,102078.634508,1.0,131.0
84499.0,56.0,Male,1.0795210693868056e-78,8.0,5.397605346934028e-79,5.397605346934028e-79,,20243.664682,2.0,122.0
84500.0,54.0,Female,2.0,7.0,2.0,5.397605346934028e-79,,152807.839477,2.0,123.0
84502.0,56.0,Male,2.0,8.5,1.0,1.0,,17870.524677,2.0,128.0
84503.0,55.0,Male,5.0,,5.0,5.397605346934028e-79,,35391.665118,1.0,128.0
84505.0,23.0,Female,11.0,9.0,3.0,8.0,,66866.069822,1.0,133.0
84511.0,78.0,Female,3.0,8.0,3.0,5.397605346934028e-79,,85461.691379,2.0,125.0
84513.0,65.0,Female,6.0,7.5,5.0,1.0,,6480.946797,1.0,119.0
84514.0,41.0,Male,10.0,8.0,2.0,8.0,,28883.890084,1.0,122.0
84517.0,80.0,Female,13.0,10.0,5.0,8.0,,48002.076199,1.0,125.0
84522.0,19.0,Female,9.0,10.0,1.0,8.0,,16259.813017,2.0,129.0
84524.0,16.0,Female,1.0,9.0,5.397605346934028e-79,1.0,,46509.549983,2.0,132.0
84525.0,44.0,Male,10.0,8.0,2.0,8.0,,5.397605346934028e-79,1.0,132.0
84529.0,60.0,Female,2.0,6.0,1.0,1.0,,19892.914128,2.0,122.0
84530.0,80.0,Male,11.0,9.0,3.0,8.0,,34536.731856,1.0,122.0
84532.0,23.0,Female,7.0,8.0,5.0,2.0,,26170.057221,1.0,128.0
84534.0,62.0,Female,10.0,10.0,2.0,8.0,,7689.63082,1.0,127.0
84535.0,21.0,Female,4.0,10.5,4.0,5.397605346934028e-79,,68791.288538,1.0,130.0
84536.0,31.0,Male,5.0,8.0,3.0,2.0,,32979.693884,1.0,120.0
84537.0,34.0,Male,7.0,8.0,2.0,5.0,,24575.017282,1.0,129.0
84539.0,25.0,Female,8.0,7.5,5.397605346934028e-79,8.0,,96268.872253,2.0,123.0
84540.0,18.0,Female,7.0,9.5,5.0,2.0,,13515.942639,1.0,123.0
84542.0,31.0,Female,11.0,7.5,3.0,8.0,,36584.769854,2.0,127.0
84543.0,56.0,Male,9.0,6.0,1.0,8.0,,27369.897286,1.0,128.0
84545.0,47.0,Male,10.0,7.5,5.0,5.0,,101309.765404,2.0,132.0
84546.0,61.0,Female,8.0,7.0,5.397605346934028e-79,8.0,,10191.914345,1.0,128.0
84547.0,37.0,Female,10.0,7.5,2.0,8.0,,33499.731504,2.0,128.0
84548.0,54.0,Female,10.0,7.0,5.0,5.0,,22827.7601,1.0,131.0
84550.0,29.0,Male,9.0,9.0,1.0,8.0,,60341.522017,1.0,130.0
84551.0,73.0,Male,11.0,7.5,3.0,8.0,,9033.441989,1.0,127.0
84552.0,37.0,Female,7.0,5.5,5.0,2.0,,22482.964386,2.0,126.0
84555.0,56.0,Female,13.0,7.0,5.0,8.0,,15758.995692,1.0,128.0
84556.0,68.0,Male,10.0,8.0,2.0,8.0,,10674.720776,1.0,126.0
84558.0,27.0,Male,5.0,6.5,1.0,4.0,,23207.033316,1.0,122.0
84561.0,55.0,Female,2.0,6.5,5.397605346934028e-79,2.0,,162738.69545,2.0,128.0
84562.0,60.0,Female,12.0,8.0,4.0,8.0,,9123.29187,2.0,123.0
84564.0,74.0,Male,8.0,10.0,5.397605346934028e-79,8.0,,7482.376154,1.0,123.0
84565.0,25.0,Female,16.0,8.0,8.0,8.0,,24600.114536,2.0,129.0
84566.0,71.0,Female,10.0,9.0,2.0,8.0,,5.397605346934028e-79,1.0,124.0
84567.0,65.0,Male,9.0,8.0,5.0,4.0,,32780.948687,1.0,125.0
84568.0,72.0,Male,13.0,8.0,5.0,8.0,,70657.61319,1.0,123.0
84569.0,55.0,Female,7.0,7.0,4.0,3.0,,15758.995692,1.0,127.0
84573.0,16.0,Male,2.0,9.0,1.0,1.0,,27199.330505,2.0,128.0
84575.0,61.0,Male,11.0,6.5,3.0,8.0,,15515.034387,2.0,130.0
84576.0,46.0,Female,16.0,7.0,8.0,8.0,,20006.505374,2.0,126.0
84579.0,27.0,Female,2.0,8.0,2.0,5.397605346934028e-79,,45284.415645,2.0,122.0
84580.0,18.0,Male,4.0,7.5,1.0,3.0,,10209.173285,2.0,128.0
84581.0,32.0,Female,3.0,7.5,1.0,2.0,,33497.677105,2.0,121.0
84582.0,66.0,Male,6.0,7.0,5.0,1.0,,14237.325673,2.0,130.0
84583.0,56.0,Female,10.0,8.0,2.0,8.0,30.0,20015.40377,1.0,124.0
84584.0,62.0,Female,4.0,5.0,2.0,2.0,,7648.643888,2.0,129.0
84585.0,23.0,Male,11.0,9.0,3.0,8.0,,127682.389457,2.0,129.0
84586.0,23.0,Male,8.0,8.0,5.397605346934028e-79,8.0,60.0,37600.63121,1.0,122.0
84587.0,22.0,Female,12.0,9.0,4.0,8.0,30.0,22606.613933,1.0,120.0
84588.0,35.0,Male,4.0,5.0,2.0,2.0,,28779.776808,2.0,132.0
84592.0,58.0,Male,8.0,9.0,5.397605346934028e-79,8.0,,22671.986472,2.0,121.0
84593.0,40.0,Male,2.0,8.0,2.0,5.397605346934028e-79,,51657.950826,1.0,122.0
84594.0,67.0,Female,3.0,6.5,2.0,1.0,,174552.90358,1.0,132.0
84595.0,80.0,Male,16.0,8.0,8.0,8.0,,36168.486577,1.0,126.0
84596.0,26.0,Male,10.0,8.5,2.0,8.0,,36658.262604,1.0,128.0
84597.0,63.0,Female,13.0,5.0,5.0,8.0,,22160.120044,2.0,132.0
84600.0,30.0,Male,2.0,8.0,2.0,5.397605346934028e-79,,100031.758074,1.0,125.0
84602.0,63.0,Female,3.0,7.0,3.0,5.397605346934028e-79,,164047.380083,2.0,123.0
84606.0,63.0,Male,13.0,7.5,5.0,8.0,,41771.574884,1.0,126.0
84607.0,40.0,Female,9.0,9.0,1.0,8.0,,22132.000272,2.0,131.0
84608.0,70.0,Male,2.0,7.0,2.0,5.397605346934028e-79,,14028.715812,2.0,127.0
84609.0,62.0,Male,3.0,7.5,3.0,5.397605346934028e-79,,154445.051852,2.0,123.0
84610.0,54.0,Male,2.0,6.5,1.0,1.0,,167117.844444,2.0,120.0
84611.0,59.0,Female,7.0,5.0,3.0,4.0,,18471.343682,1.0,128.0
84612.0,48.0,Male,3.0,7.0,2.0,1.0,,22824.130499,1.0,128.0
84614.0,80.0,Male,11.0,7.5,3.0,8.0,,17246.66418,1.0,125.0
84615.0,54.0,Male,11.0,5.5,3.0,8.0,,20761.425584,2.0,133.0
84617.0,42.0,Female,2.0,8.0,2.0,5.397605346934028e-79,,89348.088605,1.0,131.0
84618.0,23.0,Female,5.0,5.5,3.0,2.0,,23386.152345,1.0,120.0
84619.0,41.0,Female,2.0,8.5,1.0,1.0,,15151.274916,2.0,122.0
84620.0,21.0,Female,5.0,10.0,1.0,4.0,,17113.850287,2.0,124.0
84622.0,80.0,Male,13.0,3.5,5.0,8.0,,12734.208408,2.0,131.0
84623.0,53.0,Male,3.0,8.0,1.0,2.0,,17686.411067,2.0,133.0
84625.0,40.0,Female,1.0795210693868056e-78,8.0,5.397605346934028e-79,5.397605346934028e-79,,25349.435304,2.0,121.0
84626.0,43.0,Male,2.0,7.5,5.397605346934028e-79,2.0,,42718.783413,1.0,133.0
84627.0,80.0,Male,8.0,11.0,5.397605346934028e-79,8.0,,11242.037093,1.0,128.0
84628.0,32.0,Female,1.0,6.5,5.397605346934028e-79,1.0,,34696.779833,1.0,128.0
84629.0,80.0,Female,13.0,9.0,5.0,8.0,,47552.670276,1.0,126.0
84631.0,57.0,Male,11.0,8.5,3.0,8.0,,22116.026482,1.0,126.0
84632.0,39.0,Female,3.0,9.0,2.0,1.0,,5.397605346934028e-79,2.0,129.0
84637.0,71.0,Female,6.0,4.0,4.0,2.0,,16924.761205,2.0,119.0
84639.0,30.0,Female,2.0,4.5,1.0,1.0,60.0,32774.570192,1.0,125.0
84640.0,80.0,Female,5.0,10.5,5.0,5.397605346934028e-79,,73121.085509,1.0,129.0
84641.0,28.0,Female,9.0,10.5,1.0,8.0,,31765.739971,2.0,131.0
84642.0,54.0,Female,6.0,9.0,2.0,4.0,,46560.17821,1.0,125.0
84644.0,80.0,Female,11.0,7.5,3.0,8.0,,60328.711772,2.0,123.0
84645.0,68.0,Male,10.0,8.0,2.0,8.0,,5.397605346934028e-79,1.0,127.0
84646.0,50.0,Female,1.0,8.0,5.397605346934028e-79,1.0,,146711.399686,2.0,128.0
84649.0,80.0,Male,8.0,11.0,5.0,3.0,,46665.576901,1.0,121.0
84650.0,30.0,Female,13.0,8.5,5.0,8.0,,22658.068482,2.0,124.0
84652.0,59.0,Male,11.0,6.5,3.0,8.0,,25901.859853,1.0,132.0
84657.0,35.0,Male,8.0,4.5,5.397605346934028e-79,8.0,,31118.264541,2.0,124.0
84658.0,22.0,Female,4.0,10.0,2.0,2.0,,33910.73345,2.0,128.0
84659.0,47.0,Female,5.0,6.5,3.0,2.0,,20868.350977,2.0,131.0
84660.0,40.0,Male,3.0,5.5,1.0,2.0,,24745.128412,1.0,123.0
84661.0,41.0,Male,9.0,7.5,1.0,8.0,,29973.3522,1.0,124.0
84662.0,63.0,Female,11.0,5.0,3.0,8.0,,21326.299005,2.0,123.0
84663.0,18.0,Male,3.0,10.0,2.0,1.0,,18432.834251,1.0,120.0
84665.0,73.0,Female,6.0,9.0,4.0,2.0,,107669.345344,2.0,121.0
84668.0,56.0,Female,1.0795210693868056e-78,6.5,5.397605346934028e-79,5.397605346934028e-79,30.0,19335.701509,2.0,131.0
84671.0,25.0,Female,1.0,8.0,1.0,5.397605346934028e-79,,72074.287538,2.0,133.0
84672.0,39.0,Female,11.0,6.0,3.0,8.0,,26229.268298,1.0,125.0
84673.0,29.0,Male,1.0795210693868056e-78,7.5,5.397605346934028e-79,5.397605346934028e-79,60.0,42929.609134,1.0,119.0
84675.0,33.0,Male,4.0,7.0,1.0,3.0,,28034.570216,1.0,132.0
84676.0,70.0,Male,5.0,4.5,5.0,5.397605346934028e-79,,15081.312466,2.0,132.0
84677.0,43.0,Female,6.0,7.0,2.0,4.0,,19539.920192,2.0,131.0
84679.0,68.0,Female,10.0,8.0,2.0,8.0,,21817.750387,2.0,128.0
84680.0,60.0,Male,10.0,7.0,2.0,8.0,,9736.648269,2.0,133.0
84683.0,73.0,Female,4.0,7.5,3.0,1.0,,11709.090327,2.0,119.0
84685.0,27.0,Female,3.0,8.0,3.0,5.397605346934028e-79,,78513.996733,1.0,121.0
84686.0,23.0,Male,8.0,12.0,4.0,4.0,,37671.062156,2.0,121.0
84688.0,18.0,Female,7.0,10.0,5.0,2.0,,16097.600481,2.0,126.0
84689.0,47.0,Female,2.0,7.0,2.0,5.397605346934028e-79,,26104.67954,2.0,120.0
84691.0,80.0,Female,3.0,6.5,3.0,5.397605346934028e-79,,9787.233556,2.0,119.0
84694.0,58.0,Male,3.0,8.0,3.0,5.397605346934028e-79,,130692.799771,1.0,130.0
84695.0,80.0,Male,11.0,11.0,3.0,8.0,,12005.567992,1.0,128.0
84696.0,61.0,Male,13.0,8.5,5.0,8.0,,9491.973814,2.0,127.0
84698.0,22.0,Female,6.0,10.0,5.0,1.0,,87567.834323,1.0,126.0
84700.0,48.0,Female,9.0,6.0,1.0,8.0,,18382.333053,1.0,124.0
84702.0,47.0,Male,1.0,6.5,1.0,5.397605346934028e-79,15.0,37644.931144,1.0,124.0
84703.0,75.0,Male,6.0,6.0,5.0,1.0,,17259.534084,2.0,132.0
84704.0,55.0,Female,5.0,7.0,1.0,4.0,,115311.668805,2.0,125.0
84705.0,75.0,Male,16.0,9.0,8.0,8.0,5.397605346934028e-79,5.397605346934028e-79,2.0,131.0
84706.0,51.0,Female,5.0,8.0,4.0,1.0,,24975.378783,2.0,130.0
84707.0,22.0,Female,9.0,9.0,1.0,8.0,,94200.827549,2.0,124.0
84709.0,18.0,Male,10.0,7.0,5.0,5.0,,13511.47763,2.0,131.0
84710.0,71.0,Female,1.0795210693868056e-78,12.0,5.397605346934028e-79,5.397605346934028e-79,40.0,7756.685068,1.0,123.0
84711.0,41.0,Male,8.0,6.0,3.0,5.0,,20652.436618,1.0,132.0
84712.0,34.0,Male,10.0,12.0,5.0,5.0,,22046.197412,1.0,125.0
84715.0,60.0,Male,5.0,10.0,5.0,5.397605346934028e-79,,41581.199328,1.0,122.0
84716.0,44.0,Female,7.0,12.0,3.0,4.0,,49489.815679,1.0,120.0
84717.0,50.0,Male,12.0,6.0,4.0,8.0,,22116.026482,1.0,126.0
84719.0,19.0,Male,8.0,9.0,5.0,3.0,,13407.361848,2.0,126.0
84720.0,57.0,Female,13.0,7.0,5.0,8.0,,15387.160983,1.0,126.0
84723.0,47.0,Male,5.0,9.0,3.0,2.0,,21616.434538,2.0,120.0
84726.0,33.0,Male,4.0,8.0,1.0,3.0,,26164.344544,2.0,121.0
84727.0,80.0,Male,4.0,7.0,3.0,1.0,,21681.577508,1.0,121.0
84732.0,80.0,Male,10.0,7.0,2.0,8.0,,42067.874233,1.0,123.0
84734.0,36.0,Female,6.0,10.0,4.0,2.0,,111467.647866,2.0,125.0
84735.0,59.0,Male,7.0,4.0,5.0,2.0,,40490.172276,2.0,124.0
84736.0,54.0,Female,13.0,5.0,5.0,8.0,,24100.148835,2.0,131.0
84738.0,45.0,Male,2.0,7.0,2.0,5.397605346934028e-79,,135604.665032,2.0,121.0
84741.0,63.0,Female,10.0,8.0,2.0,8.0,,20263.199248,2.0,132.0
84742.0,80.0,Female,6.0,9.0,4.0,2.0,,35713.823291,2.0,128.0
84745.0,42.0,Female,9.0,8.0,1.0,8.0,60.0,26629.766997,2.0,133.0
84747.0,66.0,Female,6.0,9.5,5.0,1.0,,40578.955148,2.0,132.0
84748.0,22.0,Male,6.0,9.0,2.0,4.0,,35823.165693,2.0,125.0
84751.0,54.0,Male,13.0,11.0,5.0,8.0,,145749.828766,1.0,126.0
84752.0,62.0,Male,1.0795210693868056e-78,9.0,5.397605346934028e-79,5.397605346934028e-79,,104832.176273,1.0,131.0
84753.0,33.0,Male,16.0,7.0,8.0,8.0,,32112.213036,2.0,123.0
84754.0,70.0,Male,7.0,8.0,5.0,2.0,,75231.794112,2.0,125.0
84755.0,65.0,Female,9.0,11.0,1.0,8.0,,25784.775178,1.0,120.0
84756.0,36.0,Male,2.0,6.0,2.0,5.397605346934028e-79,,27135.093003,2.0,122.0
84757.0,56.0,Male,6.0,8.5,4.0,2.0,,145099.962707,2.0,121.0
84759.0,34.0,Female,13.0,5.5,5.0,8.0,,37205.302757,2.0,124.0
84760.0,23.0,Female,2.0,8.5,5.397605346934028e-79,2.0,,50784.620384,2.0,123.0
84762.0,16.0,Male,2.0,7.0,1.0,1.0,,24910.054053,2.0,127.0
84763.0,56.0,Female,1.0795210693868056e-78,8.5,5.397605346934028e-79,5.397605346934028e-79,,19355.327344,1.0,128.0
84764.0,41.0,Male,2.0,8.0,1.0,1.0,,23434.711022,2.0,121.0
84765.0,44.0,Female,8.0,6.0,5.397605346934028e-79,8.0,,19411.816721,1.0,124.0
84766.0,40.0,Female,1.0,7.5,1.0,5.397605346934028e-79,,24811.293824,1.0,123.0
84767.0,20.0,Male,8.0,6.5,3.0,5.0,,27829.547217,1.0,126.0
84768.0,33.0,Female,4.0,7.5,2.0,2.0,,31883.761419,1.0,121.0
84770.0,52.0,Male,11.0,10.0,3.0,8.0,,19557.429137,2.0,132.0
84771.0,31.0,Male,10.0,9.0,5.0,5.0,,17746.224626,1.0,120.0
84774.0,48.0,Female,10.0,7.0,2.0,8.0,,24238.17643,2.0,129.0
84775.0,28.0,Male,6.0,9.5,4.0,2.0,,33035.244551,1.0,129.0
84776.0,47.0,Male,6.0,7.0,5.0,1.0,,16743.388028,1.0,123.0
84777.0,43.0,Male,9.0,4.5,1.0,8.0,,18425.919264,2.0,131.0
84778.0,20.0,Female,5.0,12.0,5.397605346934028e-79,5.0,,36654.388856,1.0,132.0
84780.0,29.0,Female,12.0,8.5,4.0,8.0,,16688.194441,2.0,133.0
84783.0,47.0,Female,10.0,8.0,2.0,8.0,,25111.098234,1.0,129.0
84784.0,42.0,Male,9.0,7.5,4.0,5.0,,21940.697447,2.0,133.0
84785.0,66.0,Male,13.0,8.5,5.0,8.0,,25408.716248,1.0,131.0
84786.0,50.0,Female,5.0,8.5,3.0,2.0,,130635.701412,1.0,121.0
84787.0,78.0,Female,12.0,7.0,4.0,8.0,,16901.948131,2.0,131.0
84788.0,71.0,Male,9.0,7.0,5.0,4.0,,67310.049888,1.0,125.0
84790.0,41.0,Male,10.0,7.5,2.0,8.0,,30349.313868,1.0,123.0
84791.0,20.0,Male,4.0,11.0,2.0,2.0,,31687.554073,1.0,123.0
84793.0,28.0,Male,4.0,9.0,3.0,1.0,,76544.83605,1.0,130.0
84795.0,38.0,Female,2.0,6.5,1.0,1.0,,147833.640122,1.0,126.0
84796.0,51.0,Female,2.0,7.0,2.0,5.397605346934028e-79,,96082.454067,1.0,123.0
84797.0,25.0,Female,1.0795210693868056e-78,9.0,5.397605346934028e-79,5.397605346934028e-79,,108241.601303,2.0,124.0
84800.0,19.0,Male,4.0,7.0,2.0,2.0,,14357.112766,1.0,121.0
84802.0,76.0,Female,5.0,7.5,5.0,5.397605346934028e-79,,104523.819259,2.0,124.0
84803.0,44.0,Male,10.0,7.0,2.0,8.0,,59605.516203,1.0,127.0
84804.0,71.0,Male,4.0,6.0,3.0,1.0,,11383.08984,2.0,126.0
84805.0,53.0,Female,10.0,9.5,2.0,8.0,,19395.2128,1.0,133.0
84806.0,18.0,Male,4.0,5.5,2.0,2.0,,12366.365637,1.0,129.0
84808.0,45.0,Male,2.0,6.5,1.0,1.0,,22940.80521,1.0,129.0
84810.0,18.0,Male,10.0,7.5,5.0,5.0,,15142.557961,2.0,126.0
84813.0,31.0,Male,3.0,6.0,2.0,1.0,,137796.982774,2.0,123.0
84816.0,28.0,Female,8.0,7.0,5.397605346934028e-79,8.0,60.0,67048.488606,2.0,131.0
84817.0,75.0,Male,5.0,8.0,4.0,1.0,,11258.826795,1.0,127.0
84818.0,33.0,Female,1.0795210693868056e-78,6.5,5.397605346934028e-79,5.397605346934028e-79,,51802.543948,1.0,130.0
84820.0,44.0,Male,2.0,8.0,2.0,5.397605346934028e-79,,28078.164563,2.0,133.0
84825.0,41.0,Female,4.0,6.5,2.0,2.0,,17887.15798,2.0,131.0
84826.0,45.0,Female,12.0,7.0,4.0,8.0,,11685.487257,1.0,119.0
84828.0,61.0,Female,10.0,12.0,2.0,8.0,,9166.833894,1.0,129.0
84829.0,24.0,Male,9.0,10.0,1.0,8.0,,41452.688427,1.0,131.0
84830.0,25.0,Male,1.0795210693868056e-78,7.0,5.397605346934028e-79,5.397605346934028e-79,,45610.501826,2.0,133.0
84831.0,54.0,Male,11.0,5.0,3.0,8.0,,25179.874148,2.0,132.0
84832.0,58.0,Male,4.0,7.5,3.0,1.0,,179864.51626,1.0,132.0
84833.0,32.0,Female,4.0,8.0,2.0,2.0,,21209.253983,1.0,121.0
84835.0,39.0,Male,12.0,7.0,4.0,8.0,20.0,24053.07522,2.0,130.0
84837.0,45.0,Female,3.0,8.0,2.0,1.0,,15938.117476,1.0,120.0
84838.0,23.0,Male,4.0,6.0,2.0,2.0,,25070.025968,2.0,122.0
84841.0,27.0,Female,6.0,8.0,3.0,3.0,,25379.408583,2.0,126.0
84842.0,50.0,Male,10.0,7.0,2.0,8.0,,27673.951279,1.0,132.0
84843.0,24.0,Male,5.0,9.5,2.0,3.0,,25374.075322,2.0,122.0
84844.0,17.0,Male,13.0,6.5,5.0,8.0,,22110.854911,1.0,129.0
84846.0,24.0,Male,6.0,11.0,5.0,1.0,,15567.305986,2.0,125.0
84847.0,28.0,Female,10.0,8.0,2.0,8.0,,43187.868218,2.0,127.0
84849.0,36.0,Male,10.0,6.0,2.0,8.0,,28721.552627,2.0,130.0
84850.0,53.0,Female,3.0,7.0,1.0,2.0,60.0,17528.052548,1.0,120.0
84852.0,28.0,Female,11.0,8.0,3.0,8.0,,52875.553829,1.0,131.0
84854.0,51.0,Female,10.0,6.0,2.0,8.0,,14229.180598,2.0,133.0
84859.0,42.0,Female,1.0795210693868056e-78,8.0,5.397605346934028e-79,5.397605346934028e-79,,24999.201477,1.0,126.0
84862.0,56.0,Female,10.0,5.5,5.0,5.0,,119426.336706,1.0,125.0
84865.0,26.0,Male,4.0,8.0,1.0,3.0,,57250.119071,2.0,125.0
84866.0,33.0,Male,3.0,6.5,3.0,5.397605346934028e-79,,25463.372657,1.0,120.0
84867.0,62.0,Female,8.0,7.0,5.397605346934028e-79,8.0,,10042.219819,1.0,127.0
84868.0,40.0,Male,10.0,4.0,2.0,8.0,,24591.75906,2.0,126.0
84869.0,54.0,Female,6.0,7.0,5.0,1.0,,134366.201344,1.0,130.0
84870.0,33.0,Male,1.0795210693868056e-78,8.5,5.397605346934028e-79,5.397605346934028e-79,,24134.966655,2.0,133.0
84872.0,32.0,Male,16.0,7.0,8.0,8.0,,26545.556862,1.0,121.0
84874.0,22.0,Male,5.0,6.0,3.0,2.0,,49005.751048,2.0,123.0
84878.0,46.0,Male,10.0,9.0,2.0,8.0,,30058.733367,1.0,129.0
84879.0,35.0,Female,8.0,7.5,5.397605346934028e-79,8.0,,23876.276709,1.0,128.0
84880.0,44.0,Female,4.0,8.5,1.0,3.0,,20110.416911,1.0,125.0
84885.0,61.0,Female,8.0,7.0,5.0,3.0,,17720.812203,1.0,123.0
84887.0,42.0,Female,12.0,8.0,4.0,8.0,,20885.653698,1.0,126.0
84891.0,52.0,Female,1.0,8.0,5.397605346934028e-79,1.0,,19505.468676,2.0,132.0
84893.0,46.0,Female,8.0,9.0,3.0,5.0,,18197.375115,1.0,119.0
84894.0,73.0,Female,4.0,9.0,3.0,1.0,,108789.587392,1.0,125.0
84895.0,80.0,Female,13.0,10.0,5.0,8.0,,44764.107785,2.0,126.0
84896.0,22.0,Male,10.0,6.0,8.0,2.0,,11233.64763,1.0,119.0
84899.0,32.0,Female,2.0,8.5,2.0,5.397605346934028e-79,,44385.95881,1.0,123.0
84900.0,45.0,Male,1.0795210693868056e-78,7.5,5.397605346934028e-79,5.397605346934028e-79,,145204.951868,2.0,124.0
84901.0,61.0,Female,3.0,8.0,2.0,1.0,,8015.415288,1.0,124.0
84902.0,67.0,Female,12.0,8.5,4.0,8.0,,5157.019076,2.0,119.0
84904.0,48.0,Female,10.0,7.0,8.0,2.0,,18861.196884,1.0,125.0
84905.0,18.0,Female,6.0,7.0,1.0,5.0,,6774.753046,2.0,119.0
84906.0,53.0,Male,2.0,9.0,2.0,5.397605346934028e-79,,48515.741982,2.0,130.0
84910.0,51.0,Female,2.0,6.5,2.0,5.397605346934028e-79,,15508.215512,1.0,127.0
84912.0,57.0,Male,3.0,9.0,3.0,5.397605346934028e-79,,20693.172195,1.0,125.0
84913.0,47.0,Female,10.0,9.0,2.0,8.0,,26547.626289,1.0,132.0
84914.0,52.0,Female,10.0,9.5,5.0,5.0,,56385.556108,2.0,130.0
84915.0,45.0,Female,9.0,7.5,4.0,5.0,,26271.81613,1.0,128.0
84916.0,38.0,Male,6.0,6.0,1.0,5.0,60.0,24664.587153,2.0,131.0
84917.0,32.0,Male,3.0,9.5,2.0,1.0,,41203.419096,2.0,124.0
84918.0,16.0,Female,2.0,8.0,1.0,1.0,60.0,15100.516176,2.0,120.0
84919.0,61.0,Male,12.0,8.5,4.0,8.0,,10938.865652,1.0,128.0
84920.0,35.0,Male,3.0,7.0,3.0,5.397605346934028e-79,,22979.692123,1.0,121.0
84921.0,54.0,Male,12.0,7.0,4.0,8.0,15.0,19279.165648,1.0,124.0
84923.0,66.0,Female,13.0,7.0,5.0,8.0,,20180.931379,1.0,126.0
84924.0,28.0,Female,2.0,8.0,5.397605346934028e-79,2.0,,85881.588799,1.0,130.0
84926.0,40.0,Male,10.0,9.0,5.0,5.0,,23769.420135,1.0,131.0
84927.0,43.0,Female,7.0,9.0,4.0,3.0,,154348.406117,2.0,130.0
84929.0,67.0,Female,2.0,8.0,2.0,5.397605346934028e-79,,8580.028209,2.0,133.0
84930.0,49.0,Male,3.0,7.0,3.0,5.397605346934028e-79,,20887.278137,2.0,121.0
84931.0,30.0,Male,4.0,5.5,2.0,2.0,,27755.238084,2.0,130.0
84932.0,60.0,Male,8.0,12.0,5.397605346934028e-79,8.0,,11974.54088,2.0,125.0
84933.0,30.0,Male,8.0,8.0,4.0,4.0,,34596.622271,1.0,122.0
84934.0,57.0,Male,9.0,6.0,1.0,8.0,,24428.339457,2.0,127.0
84935.0,26.0,Male,4.0,9.5,2.0,2.0,,107814.966648,1.0,123.0
84937.0,26.0,Female,6.0,8.0,4.0,2.0,,19747.613923,2.0,126.0
84938.0,77.0,Male,10.0,8.0,2.0,8.0,,14226.457019,2.0,125.0
84940.0,52.0,Male,1.0,6.5,5.397605346934028e-79,1.0,,20693.401057,1.0,132.0
84943.0,19.0,Male,1.0795210693868056e-78,5.0,5.397605346934028e-79,5.397605346934028e-79,60.0,5.397605346934028e-79,1.0,124.0
84944.0,60.0,Female,11.0,10.0,3.0,8.0,,35171.247841,2.0,132.0
84945.0,30.0,Female,4.0,7.5,2.0,2.0,,36756.555953,2.0,130.0
84946.0,38.0,Female,9.0,5.5,1.0,8.0,60.0,31207.053616,1.0,129.0
84947.0,24.0,Male,5.0,6.0,3.0,2.0,,138734.713097,2.0,126.0
84948.0,41.0,Female,10.0,7.0,2.0,8.0,,19269.814282,1.0,124.0
84949.0,78.0,Female,12.0,6.5,4.0,8.0,,21474.643398,2.0,130.0
84950.0,48.0,Male,11.0,7.5,8.0,3.0,,16824.842978,2.0,125.0
84952.0,68.0,Female,1.0,6.5,1.0,5.397605346934028e-79,,18387.241554,2.0,120.0
84954.0,64.0,Female,10.0,11.0,2.0,8.0,,25888.023853,2.0,133.0
84956.0,43.0,Female,5.0,9.0,4.0,1.0,,119566.051089,1.0,129.0
84957.0,21.0,Male,6.0,7.0,4.0,2.0,,5.397605346934028e-79,1.0,119.0
84960.0,35.0,Female,4.0,7.5,1.0,3.0,,22970.576942,2.0,121.0
84962.0,57.0,Female,4.0,8.5,3.0,1.0,,26795.342064,1.0,123.0
84963.0,16.0,Female,6.0,10.5,2.0,4.0,,41005.329466,2.0,132.0
84964.0,22.0,Female,6.0,9.0,3.0,3.0,,36943.738946,1.0,126.0
84965.0,16.0,Female,8.0,8.0,3.0,5.0,,17580.489761,2.0,130.0
84966.0,48.0,Male,2.0,8.5,5.397605346934028e-79,2.0,,46122.157823,2.0,127.0
84967.0,76.0,Male,6.0,9.0,4.0,2.0,,67096.027472,1.0,125.0
84969.0,60.0,Male,8.0,8.0,5.397605346934028e-79,8.0,,11912.941323,1.0,125.0
84970.0,51.0,Male,3.0,9.0,2.0,1.0,,24177.595093,1.0,125.0
84972.0,74.0,Female,12.0,8.5,4.0,8.0,,5.397605346934028e-79,1.0,123.0
84973.0,18.0,Female,8.0,11.0,5.0,3.0,,35401.139652,1.0,122.0
84974.0,28.0,Female,5.0,9.0,3.0,2.0,,75728.670219,1.0,126.0
84976.0,31.0,Male,11.0,9.5,3.0,8.0,,29519.595134,1.0,131.0
84977.0,29.0,Male,2.0,6.0,5.397605346934028e-79,2.0,,5.397605346934028e-79,2.0,119.0
84978.0,60.0,Female,13.0,8.5,5.0,8.0,,8214.55604,1.0,124.0
84979.0,63.0,Female,11.0,6.0,3.0,8.0,,21326.299005,2.0,123.0
84980.0,54.0,Male,1.0,8.0,1.0,5.397605346934028e-79,,43345.517421,2.0,122.0
84982.0,26.0,Male,11.0,6.5,3.0,8.0,,31666.693853,1.0,120.0
84985.0,26.0,Female,1.0795210693868056e-78,9.5,5.397605346934028e-79,5.397605346934028e-79,,30504.880125,2.0,120.0
84988.0,52.0,Male,8.0,8.5,5.397605346934028e-79,8.0,,21357.147983,1.0,128.0
84989.0,37.0,Female,5.0,6.0,3.0,2.0,,24782.111005,1.0,130.0
84990.0,33.0,Female,3.0,7.5,5.397605346934028e-79,3.0,,5.397605346934028e-79,1.0,120.0
84992.0,68.0,Male,13.0,7.0,5.0,8.0,,13565.046825,1.0,130.0
84995.0,68.0,Female,13.0,9.0,5.0,8.0,,52199.597886,2.0,121.0
84997.0,29.0,Female,5.0,7.0,3.0,2.0,,15580.926592,1.0,122.0
84998.0,58.0,Female,10.0,,5.0,5.0,,32072.64966,1.0,126.0
85000.0,80.0,Male,13.0,10.0,5.0,8.0,,41380.829059,2.0,129.0
85001.0,19.0,Female,10.0,8.0,2.0,8.0,,17196.875624,1.0,125.0
85002.0,80.0,Female,11.0,12.0,3.0,8.0,,9460.54072,1.0,121.0
85003.0,57.0,Female,7.0,7.5,3.0,4.0,,14348.353386,1.0,122.0
85006.0,43.0,Female,13.0,8.5,5.0,8.0,,29092.738606,1.0,129.0
85007.0,47.0,Male,5.0,3.5,2.0,3.0,,39930.35613,1.0,130.0
85009.0,25.0,Female,8.0,7.5,5.0,3.0,,26675.250477,2.0,129.0
85010.0,20.0,Female,11.0,6.0,3.0,8.0,,32962.56092,2.0,124.0
85014.0,42.0,Male,2.0,10.5,2.0,5.397605346934028e-79,,23145.054574,2.0,131.0
85016.0,50.0,Female,8.0,7.0,5.397605346934028e-79,8.0,,21201.121056,1.0,124.0
85017.0,76.0,Male,5.0,7.0,3.0,2.0,,12331.942336,2.0,119.0
85019.0,36.0,Female,7.0,9.0,5.0,2.0,,21321.615681,1.0,121.0
85020.0,18.0,Female,2.0,,2.0,5.397605346934028e-79,,47919.630267,1.0,122.0
85022.0,61.0,Male,1.0795210693868056e-78,9.5,5.397605346934028e-79,5.397605346934028e-79,,151692.869453,2.0,125.0
85024.0,49.0,Male,6.0,8.0,2.0,4.0,,185947.589802,2.0,122.0
85028.0,51.0,Female,7.0,12.0,5.0,2.0,,44897.314702,1.0,125.0
85030.0,17.0,Female,9.0,8.0,1.0,8.0,,15490.777915,2.0,126.0
85031.0,67.0,Female,13.0,5.5,5.0,8.0,,5.397605346934028e-79,2.0,123.0
85033.0,70.0,Female,5.0,11.0,4.0,1.0,,9634.042185,1.0,119.0
85034.0,67.0,Female,9.0,9.0,1.0,8.0,,10423.295203,1.0,133.0
85035.0,80.0,Female,8.0,11.0,5.397605346934028e-79,8.0,,13372.387646,1.0,128.0
85037.0,60.0,Male,4.0,6.5,3.0,1.0,,8113.690331,1.0,123.0
85039.0,69.0,Female,8.0,9.5,5.0,3.0,,7567.639703,2.0,119.0
85040.0,25.0,Female,1.0,8.0,1.0,5.397605346934028e-79,,22606.613933,1.0,120.0
85041.0,78.0,Female,11.0,7.5,3.0,8.0,,10930.135401,1.0,124.0
85042.0,23.0,Male,9.0,8.0,1.0,8.0,,40326.666707,1.0,120.0
85043.0,26.0,Male,9.0,8.0,1.0,8.0,,25610.715127,1.0,130.0
85048.0,34.0,Male,2.0,9.0,1.0,1.0,,27479.640491,2.0,129.0
85049.0,52.0,Male,4.0,5.5,3.0,1.0,,17285.075932,1.0,127.0
85051.0,67.0,Male,4.0,7.0,3.0,1.0,,33995.057898,1.0,125.0
85052.0,34.0,Male,10.0,6.0,2.0,8.0,,22930.737588,2.0,124.0
85053.0,58.0,Male,2.0,7.0,2.0,5.397605346934028e-79,,20976.165707,2.0,122.0
85054.0,62.0,Male,9.0,5.5,4.0,5.0,,133826.952768,1.0,123.0
85055.0,39.0,Female,4.0,7.0,2.0,2.0,,72197.195565,2.0,132.0
85057.0,67.0,Male,2.0,7.0,1.0,1.0,,160570.756923,1.0,122.0
85060.0,55.0,Male,10.0,4.5,2.0,8.0,,20904.426879,2.0,133.0
85061.0,70.0,Male,13.0,8.0,5.0,8.0,,20574.761835,1.0,132.0
85062.0,57.0,Male,8.0,8.0,3.0,5.0,,20976.165707,2.0,122.0
85063.0,26.0,Female,5.0,8.0,5.397605346934028e-79,5.0,,40698.764205,2.0,123.0
85064.0,70.0,Male,5.0,6.5,4.0,1.0,,15916.911834,1.0,130.0
85066.0,49.0,Male,9.0,8.0,1.0,8.0,,30669.954711,1.0,125.0
85067.0,80.0,Male,4.0,8.0,4.0,5.397605346934028e-79,,46937.630766,1.0,126.0
85069.0,74.0,Female,9.0,6.5,1.0,8.0,60.0,18619.780046,1.0,123.0
85073.0,41.0,Female,8.0,7.0,5.397605346934028e-79,8.0,,21495.347534,1.0,121.0
85074.0,23.0,Female,5.0,8.0,4.0,1.0,,24157.53778,1.0,130.0
85075.0,41.0,Female,9.0,7.5,1.0,8.0,,24451.340211,2.0,129.0
85076.0,36.0,Female,1.0,7.0,5.397605346934028e-79,1.0,,31430.864572,1.0,128.0
85077.0,70.0,Male,12.0,8.5,4.0,8.0,,10500.369923,1.0,128.0
85078.0,17.0,Male,3.0,7.5,1.0,2.0,,5.397605346934028e-79,1.0,128.0
85079.0,74.0,Female,13.0,9.0,5.0,8.0,,16409.04826,2.0,119.0
85087.0,21.0,Male,5.0,7.0,3.0,2.0,,40313.597278,2.0,121.0
85088.0,68.0,Female,7.0,7.0,3.0,4.0,,49794.099332,1.0,121.0
85091.0,16.0,Female,8.0,8.0,5.397605346934028e-79,8.0,,19324.581333,1.0,127.0
85092.0,26.0,Male,2.0,8.5,2.0,5.397605346934028e-79,,142065.874835,1.0,119.0
85093.0,61.0,Female,2.0,8.5,2.0,5.397605346934028e-79,,107286.976852,2.0,125.0
85095.0,22.0,Female,4.0,9.0,1.0,3.0,,19991.718564,1.0,124.0
85096.0,18.0,Female,2.0,6.5,1.0,1.0,,5.397605346934028e-79,2.0,124.0
85098.0,68.0,Female,11.0,8.0,3.0,8.0,,7634.601098,1.0,120.0
85101.0,63.0,Male,8.0,8.0,5.397605346934028e-79,8.0,,8832.448801,1.0,121.0
85103.0,51.0,Male,3.0,5.5,2.0,1.0,,27369.897286,1.0,128.0
85104.0,29.0,Female,8.0,8.0,5.397605346934028e-79,8.0,60.0,17746.046183,2.0,133.0
85106.0,64.0,Male,9.0,8.0,1.0,8.0,,10239.964119,1.0,128.0
85107.0,24.0,Male,10.0,8.5,2.0,8.0,,57063.238056,2.0,127.0
85108.0,16.0,Female,9.0,12.5,5.0,4.0,,19079.272192,2.0,130.0
85109.0,65.0,Male,3.0,7.0,3.0,5.397605346934028e-79,,98650.640287,2.0,128.0
85110.0,41.0,Male,1.0795210693868056e-78,8.5,5.397605346934028e-79,5.397605346934028e-79,,134484.853586,2.0,131.0
85111.0,49.0,Female,7.0,7.5,3.0,4.0,,21429.458592,1.0,124.0
85113.0,21.0,Male,1.0795210693868056e-78,7.5,5.397605346934028e-79,5.397605346934028e-79,,27764.610966,2.0,131.0
85114.0,22.0,Female,3.0,8.0,3.0,5.397605346934028e-79,,23978.802102,1.0,133.0
85115.0,54.0,Male,4.0,6.5,4.0,5.397605346934028e-79,,5.397605346934028e-79,2.0,132.0
85117.0,37.0,Male,2.0,5.0,2.0,5.397605346934028e-79,,50473.516624,1.0,126.0
85118.0,45.0,Female,6.0,6.0,4.0,2.0,,91590.628559,2.0,130.0
85119.0,78.0,Male,11.0,8.0,3.0,8.0,,20173.038969,2.0,124.0
85120.0,65.0,Male,7.0,7.0,3.0,4.0,,172286.021479,1.0,133.0
85126.0,39.0,Female,10.0,8.0,5.0,5.0,,93053.831376,2.0,131.0
85127.0,35.0,Male,5.0,9.0,5.0,5.397605346934028e-79,,21037.87875,2.0,124.0
85128.0,65.0,Male,6.0,7.5,3.0,3.0,,142473.913556,2.0,124.0
85131.0,24.0,Female,1.0,9.0,5.397605346934028e-79,1.0,,57113.245352,2.0,133.0
85132.0,31.0,Female,3.0,7.0,2.0,1.0,,38680.531261,1.0,124.0
85136.0,17.0,Male,10.0,9.5,2.0,8.0,,12844.751846,2.0,131.0
85137.0,61.0,Male,6.0,7.0,1.0,5.0,,9267.012544,1.0,120.0
85138.0,31.0,Female,2.0,6.5,1.0,1.0,,69671.238795,1.0,126.0
85142.0,71.0,Male,9.0,6.5,1.0,8.0,,11242.037093,1.0,128.0
85143.0,67.0,Male,5.0,11.0,5.0,5.397605346934028e-79,,5.397605346934028e-79,1.0,125.0
85145.0,35.0,Male,5.0,6.5,4.0,1.0,,38880.236118,2.0,132.0
85147.0,25.0,Female,1.0,10.0,1.0,5.397605346934028e-79,,25412.980078,1.0,128.0
85148.0,45.0,Male,1.0,8.0,1.0,5.397605346934028e-79,,24609.690858,1.0,120.0
85149.0,66.0,Male,10.0,9.0,5.0,5.0,,11004.811942,2.0,126.0
85152.0,72.0,Female,11.0,7.5,3.0,8.0,,99979.391993,2.0,120.0
85154.0,47.0,Female,5.0,9.0,5.397605346934028e-79,5.0,60.0,22834.672123,2.0,132.0
85155.0,50.0,Female,6.0,7.0,1.0,5.0,,18549.943612,1.0,127.0
85156.0,73.0,Female,12.0,9.5,4.0,8.0,,26609.540814,2.0,130.0
85157.0,53.0,Male,11.0,8.0,3.0,8.0,,37933.146926,1.0,129.0
85158.0,44.0,Female,4.0,6.5,2.0,2.0,,24852.789369,2.0,120.0
85159.0,31.0,Female,11.0,9.0,3.0,8.0,,18996.644702,2.0,125.0
85160.0,26.0,Female,3.0,7.0,2.0,1.0,,71575.144272,1.0,126.0
85161.0,66.0,Female,4.0,7.0,2.0,2.0,,37578.942564,1.0,123.0
85163.0,29.0,Male,10.0,8.0,5.0,5.0,,39967.61661,1.0,121.0
85164.0,39.0,Male,3.0,6.0,2.0,1.0,,20419.764145,1.0,125.0
85166.0,53.0,Female,2.0,8.0,1.0,1.0,,11761.104052,2.0,133.0
85168.0,27.0,Male,10.0,6.0,2.0,8.0,,5.397605346934028e-79,1.0,121.0
85169.0,54.0,Male,2.0,3.0,1.0,1.0,,13233.565907,1.0,119.0
85170.0,80.0,Female,5.0,8.0,4.0,1.0,,21219.321849,2.0,133.0
85171.0,29.0,Female,7.0,7.5,2.0,5.0,,18529.813887,1.0,124.0
85173.0,45.0,Female,16.0,8.0,8.0,8.0,,18493.756993,1.0,129.0
85176.0,19.0,Male,4.0,6.0,5.397605346934028e-79,4.0,,13277.118892,2.0,133.0
85177.0,66.0,Female,13.0,7.0,5.0,8.0,,9585.755282,1.0,127.0
85179.0,20.0,Female,3.0,12.0,3.0,5.397605346934028e-79,,76074.974434,1.0,130.0
85181.0,48.0,Male,8.0,8.0,5.397605346934028e-79,8.0,,39501.731212,1.0,120.0
85183.0,33.0,Male,9.0,4.0,1.0,8.0,,27745.104018,1.0,128.0
85187.0,67.0,Female,5.0,8.0,5.397605346934028e-79,5.0,,135325.615906,2.0,127.0
85189.0,73.0,Male,10.0,9.0,2.0,8.0,,5.397605346934028e-79,1.0,127.0
85190.0,29.0,Female,10.0,11.0,2.0,8.0,,41056.373457,2.0,130.0
85192.0,53.0,Female,7.0,9.0,2.0,5.0,,119426.336706,1.0,125.0
85193.0,36.0,Female,4.0,7.0,3.0,1.0,,25736.21053,2.0,122.0
85194.0,38.0,Female,4.0,9.0,3.0,1.0,1.0,19590.177451,1.0,124.0
85197.0,60.0,Male,9.0,5.5,1.0,8.0,,11486.676531,2.0,120.0
85198.0,55.0,Male,6.0,6.0,5.0,1.0,,16604.281793,1.0,120.0
85199.0,17.0,Male,8.0,6.0,5.397605346934028e-79,8.0,,12036.820652,2.0,132.0
85200.0,46.0,Female,6.0,5.0,5.0,1.0,,23024.934697,2.0,133.0
85202.0,34.0,Male,9.0,10.0,1.0,8.0,60.0,37121.467226,1.0,121.0
85203.0,71.0,Female,12.0,8.5,4.0,8.0,,13561.171564,1.0,127.0
85204.0,20.0,Female,3.0,6.5,2.0,1.0,,35660.544959,1.0,130.0
85205.0,25.0,Male,11.0,7.0,3.0,8.0,,31666.693853,1.0,120.0
85209.0,43.0,Female,10.0,7.0,2.0,8.0,,92922.01215,1.0,131.0
85211.0,42.0,Male,1.0,7.0,1.0,5.397605346934028e-79,,20194.057269,2.0,133.0
85212.0,80.0,Male,1.0,4.5,1.0,5.397605346934028e-79,,19184.08334,2.0,128.0
85213.0,52.0,Male,2.0,7.0,2.0,5.397605346934028e-79,,27778.183052,1.0,127.0
85214.0,26.0,Male,2.0,8.5,5.397605346934028e-79,2.0,,31522.035062,2.0,133.0
85215.0,65.0,Male,13.0,11.0,5.0,8.0,,16724.56471,1.0,132.0
85216.0,65.0,Female,12.0,12.0,4.0,8.0,,19731.804117,2.0,132.0
85217.0,31.0,Male,4.0,7.0,3.0,1.0,,14962.090328,1.0,133.0
85218.0,32.0,Male,1.0795210693868056e-78,9.0,5.397605346934028e-79,5.397605346934028e-79,,5.397605346934028e-79,2.0,125.0
85219.0,75.0,Male,5.0,9.0,5.0,5.397605346934028e-79,,15172.156397,2.0,125.0
85220.0,47.0,Male,5.0,7.5,5.0,5.397605346934028e-79,,21557.511185,2.0,131.0
85222.0,35.0,Female,1.0,7.5,1.0,5.397605346934028e-79,,66879.765999,1.0,130.0
85224.0,48.0,Female,7.0,9.0,4.0,3.0,,25992.82454,1.0,126.0
85228.0,19.0,Male,10.0,9.5,2.0,8.0,,20082.704581,2.0,130.0
85229.0,29.0,Female,3.0,8.5,2.0,1.0,,123878.388479,1.0,132.0
85230.0,55.0,Female,5.0,9.0,3.0,2.0,,51879.068281,1.0,130.0
85231.0,40.0,Female,9.0,8.0,1.0,8.0,,18953.702151,1.0,129.0
85232.0,66.0,Female,6.0,7.5,1.0,5.0,,22943.629373,2.0,119.0
85233.0,52.0,Female,7.0,8.0,2.0,5.0,,60079.833667,2.0,125.0
85234.0,32.0,Male,11.0,7.0,3.0,8.0,,41759.266441,1.0,124.0
85236.0,78.0,Female,4.0,6.5,4.0,5.397605346934028e-79,,12754.627595,1.0,127.0
85238.0,80.0,Male,11.0,9.0,3.0,8.0,,16856.90242,1.0,130.0
85239.0,55.0,Female,10.0,7.5,8.0,2.0,,41562.559498,1.0,131.0
85241.0,52.0,Female,3.0,8.0,2.0,1.0,,128132.564563,1.0,129.0
85243.0,43.0,Female,11.0,7.5,3.0,8.0,,26162.980255,2.0,123.0
85244.0,43.0,Female,11.0,3.0,3.0,8.0,,19835.760283,2.0,119.0
85245.0,71.0,Female,4.0,7.0,3.0,1.0,,116361.604616,2.0,131.0
85246.0,23.0,Male,12.0,8.5,4.0,8.0,,37974.30622,1.0,122.0
85248.0,16.0,Female,6.0,8.0,1.0,5.0,,19612.750952,1.0,125.0
85249.0,53.0,Female,2.0,6.0,2.0,5.397605346934028e-79,,28904.866808,2.0,131.0
85250.0,70.0,Female,7.0,8.5,5.0,2.0,,13372.387646,1.0,128.0
85252.0,22.0,Female,8.0,9.0,4.0,4.0,,32782.776896,2.0,122.0
85253.0,57.0,Male,2.0,6.0,2.0,5.397605346934028e-79,,25960.692503,1.0,124.0
85254.0,17.0,Female,2.0,8.5,5.397605346934028e-79,2.0,,15739.75409,1.0,127.0
85256.0,27.0,Female,5.0,8.0,3.0,2.0,,73172.493438,2.0,121.0
85257.0,59.0,Male,13.0,3.0,5.0,8.0,,27667.711185,2.0,130.0
85258.0,17.0,Male,10.0,8.0,5.0,5.0,,33133.443824,2.0,131.0
85259.0,38.0,Male,6.0,4.5,2.0,4.0,,28456.122798,1.0,131.0
85260.0,18.0,Male,2.0,8.0,5.397605346934028e-79,2.0,10.0,16805.755919,1.0,122.0
85261.0,62.0,Male,2.0,7.5,2.0,5.397605346934028e-79,,15343.770045,2.0,130.0
85262.0,80.0,Female,13.0,11.0,5.0,8.0,,54223.827497,2.0,133.0
85263.0,46.0,Male,11.0,7.0,3.0,8.0,,29669.379968,1.0,130.0
85264.0,26.0,Female,8.0,7.5,3.0,5.0,,112100.033027,2.0,120.0
85266.0,70.0,Male,12.0,5.0,4.0,8.0,,10237.524185,2.0,133.0
85269.0,69.0,Female,2.0,8.0,2.0,5.397605346934028e-79,,8843.832637,2.0,125.0
85270.0,52.0,Male,2.0,8.0,5.397605346934028e-79,2.0,,129556.667497,2.0,123.0
85272.0,17.0,Male,9.0,7.0,5.0,4.0,,14611.155832,1.0,129.0
85274.0,72.0,Female,9.0,8.0,1.0,8.0,60.0,11004.784142,2.0,119.0
85275.0,80.0,Female,13.0,5.5,5.0,8.0,,17959.29805,2.0,131.0
85278.0,78.0,Male,6.0,8.0,4.0,2.0,,76016.583843,1.0,125.0
85279.0,50.0,Male,10.0,6.0,2.0,8.0,,31286.745492,2.0,132.0
85280.0,16.0,Male,2.0,8.0,2.0,5.397605346934028e-79,,12863.808984,1.0,125.0
85281.0,35.0,Male,2.0,8.0,1.0,1.0,,104107.271484,1.0,127.0
85283.0,80.0,Female,9.0,,1.0,8.0,,11906.36841,2.0,122.0
85284.0,20.0,Female,2.0,9.0,2.0,5.397605346934028e-79,,92220.857295,2.0,120.0
85285.0,80.0,Male,13.0,6.0,5.0,8.0,,13530.833396,2.0,131.0
85286.0,18.0,Female,7.0,10.0,2.0,5.0,,10950.946298,2.0,121.0
85287.0,69.0,Male,2.0,6.0,2.0,5.397605346934028e-79,,19293.572322,1.0,132.0
85288.0,55.0,Female,6.0,8.0,5.0,1.0,,103609.778336,2.0,131.0
85290.0,22.0,Female,8.0,7.5,5.397605346934028e-79,8.0,,30230.713706,2.0,119.0
85291.0,48.0,Male,4.0,7.0,3.0,1.0,,26773.858202,2.0,130.0
85292.0,68.0,Male,5.0,7.5,3.0,2.0,,124702.387807,1.0,123.0
85293.0,29.0,Female,2.0,7.5,2.0,5.397605346934028e-79,,16828.035781,1.0,133.0
85294.0,65.0,Female,7.0,3.5,2.0,5.0,,12541.238185,2.0,127.0
85295.0,51.0,Female,8.0,9.0,5.397605346934028e-79,8.0,,12991.176688,1.0,119.0
85296.0,78.0,Male,11.0,6.5,3.0,8.0,,20113.134875,1.0,122.0
85297.0,19.0,Female,2.0,8.0,2.0,5.397605346934028e-79,8.0,17183.005842,2.0,132.0
85298.0,79.0,Male,11.0,7.0,3.0,8.0,,15595.874121,1.0,129.0
85299.0,65.0,Female,1.0795210693868056e-78,7.0,5.397605346934028e-79,5.397605346934028e-79,,128071.139246,1.0,127.0
85302.0,46.0,Female,2.0,9.0,5.397605346934028e-79,2.0,,117608.971956,1.0,130.0
85303.0,45.0,Female,5.0,5.5,3.0,2.0,,19842.693524,2.0,131.0
85304.0,68.0,Male,8.0,8.0,5.397605346934028e-79,8.0,,16665.039132,2.0,130.0
85305.0,30.0,Male,5.0,6.0,1.0,4.0,,24099.65721,1.0,122.0
85308.0,74.0,Female,11.0,10.0,3.0,8.0,,19156.584586,2.0,131.0
85309.0,23.0,Female,7.0,10.0,2.0,5.0,,27392.5824,1.0,121.0
85310.0,72.0,Female,8.0,10.0,5.397605346934028e-79,8.0,,18937.916145,2.0,120.0
85312.0,20.0,Male,1.0,9.0,1.0,5.397605346934028e-79,,31969.920801,1.0,123.0
85314.0,69.0,Male,5.0,7.5,4.0,1.0,,12289.660376,2.0,125.0
85315.0,32.0,Male,9.0,7.5,1.0,8.0,,31880.146565,2.0,121.0
85316.0,45.0,Male,5.0,7.0,2.0,3.0,,101113.985768,2.0,126.0
85317.0,35.0,Male,13.0,6.0,5.0,8.0,,5.397605346934028e-79,1.0,125.0
85318.0,60.0,Female,2.0,8.5,2.0,5.397605346934028e-79,,9075.843172,2.0,122.0
85319.0,42.0,Female,10.0,9.0,2.0,8.0,,33203.714297,2.0,127.0
85320.0,71.0,Male,1.0,10.0,1.0,5.397605346934028e-79,,77897.262747,1.0,127.0
85322.0,63.0,Female,10.0,8.0,2.0,8.0,,10869.073094,2.0,127.0
85324.0,48.0,Male,4.0,7.0,5.397605346934028e-79,4.0,,47789.422933,2.0,122.0
85325.0,59.0,Female,3.0,6.5,3.0,5.397605346934028e-79,,125224.080778,2.0,126.0
85327.0,58.0,Female,1.0795210693868056e-78,7.5,5.397605346934028e-79,5.397605346934028e-79,,5.397605346934028e-79,1.0,130.0
85332.0,62.0,Male,3.0,8.0,3.0,5.397605346934028e-79,,8253.28356,1.0,124.0
85334.0,49.0,Male,1.0795210693868056e-78,6.5,5.397605346934028e-79,5.397605346934028e-79,,74005.214314,1.0,131.0
85335.0,79.0,Male,10.0,8.0,2.0,8.0,,12333.995764,1.0,131.0
85337.0,43.0,Female,13.0,4.0,5.0,8.0,,14968.722875,1.0,123.0
85338.0,43.0,Male,2.0,9.0,5.397605346934028e-79,2.0,,18317.158876,1.0,129.0
85339.0,45.0,Male,10.0,6.5,8.0,2.0,,21616.434538,2.0,120.0
85341.0,37.0,Female,1.0795210693868056e-78,6.0,5.397605346934028e-79,5.397605346934028e-79,,25727.593329,2.0,126.0
85343.0,21.0,Female,1.0,9.0,1.0,5.397605346934028e-79,,22606.613933,1.0,121.0
85345.0,75.0,Female,3.0,8.5,3.0,5.397605346934028e-79,,108789.587392,1.0,125.0
85346.0,76.0,Female,13.0,10.0,5.0,8.0,,11541.212501,1.0,127.0
85348.0,59.0,Male,2.0,8.5,2.0,5.397605346934028e-79,,15592.643065,1.0,131.0
85351.0,51.0,Female,4.0,8.5,3.0,1.0,,16198.916391,1.0,124.0
85352.0,38.0,Female,10.0,5.5,2.0,8.0,,22399.139811,1.0,131.0
85354.0,45.0,Female,3.0,7.5,1.0,2.0,,16481.004855,1.0,127.0
85355.0,22.0,Male,2.0,6.5,2.0,5.397605346934028e-79,,114717.647932,2.0,131.0
85356.0,43.0,Male,2.0,8.0,5.397605346934028e-79,2.0,,29555.904849,1.0,129.0
85357.0,60.0,Male,13.0,6.0,5.0,8.0,,5.397605346934028e-79,1.0,132.0
85358.0,78.0,Male,4.0,8.0,2.0,2.0,,11242.037093,1.0,128.0
85360.0,58.0,Male,5.0,7.0,2.0,3.0,,18181.110499,1.0,133.0
85361.0,43.0,Female,9.0,7.5,1.0,8.0,,28749.821674,2.0,128.0
85362.0,20.0,Female,9.0,10.0,1.0,8.0,,80403.809266,1.0,119.0
85363.0,66.0,Female,8.0,7.0,5.397605346934028e-79,8.0,30.0,20529.162011,2.0,129.0
85366.0,32.0,Male,1.0,5.0,1.0,5.397605346934028e-79,,20633.171654,1.0,123.0
85367.0,49.0,Female,1.0,6.5,1.0,5.397605346934028e-79,,24357.35114,1.0,123.0
85368.0,52.0,Female,13.0,8.0,5.0,8.0,,32535.368454,1.0,129.0
85369.0,31.0,Male,1.0795210693868056e-78,8.0,5.397605346934028e-79,5.397605346934028e-79,,115082.988838,1.0,130.0
85370.0,62.0,Female,1.0795210693868056e-78,6.5,5.397605346934028e-79,5.397605346934028e-79,,24183.461509,1.0,132.0
85374.0,43.0,Male,4.0,7.0,3.0,1.0,,24609.690858,1.0,120.0
85375.0,80.0,Female,13.0,6.0,5.0,8.0,,57151.319467,2.0,123.0
85376.0,21.0,Female,5.0,10.0,4.0,1.0,,37587.693625,1.0,132.0
85377.0,60.0,Female,2.0,8.0,1.0,1.0,,21129.78287,1.0,129.0
85378.0,17.0,Female,4.0,6.5,2.0,2.0,,41739.048638,1.0,127.0
85379.0,80.0,Female,11.0,12.0,3.0,8.0,,13869.042628,1.0,133.0
85380.0,55.0,Female,6.0,10.0,5.0,1.0,,45314.826644,1.0,123.0
85381.0,22.0,Male,10.0,8.0,5.0,5.0,,14331.165121,2.0,120.0
85382.0,18.0,Female,11.0,7.5,8.0,3.0,,25956.032688,2.0,124.0
85384.0,32.0,Female,2.0,8.0,1.0,1.0,,26926.426048,1.0,130.0
85386.0,25.0,Male,2.0,7.0,2.0,5.397605346934028e-79,,21170.1696,2.0,126.0
85388.0,18.0,Male,2.0,7.5,1.0,1.0,,27987.641518,2.0,132.0
85390.0,23.0,Female,11.0,10.0,3.0,8.0,,35708.115269,2.0,129.0
85392.0,18.0,Male,5.0,9.0,5.397605346934028e-79,5.0,,10197.460269,2.0,131.0
85393.0,80.0,Female,10.0,11.0,2.0,8.0,,16018.196896,1.0,124.0
85394.0,34.0,Male,6.0,7.5,3.0,3.0,,22896.546375,2.0,126.0
85395.0,24.0,Female,4.0,8.5,2.0,2.0,,85449.842282,1.0,121.0
85396.0,33.0,Female,4.0,8.0,3.0,1.0,,13561.759792,2.0,120.0
85398.0,65.0,Female,8.0,8.0,5.397605346934028e-79,8.0,,23587.833063,1.0,129.0
85399.0,35.0,Female,4.0,9.5,3.0,1.0,,40964.047691,1.0,131.0
85400.0,27.0,Male,3.0,7.0,3.0,5.397605346934028e-79,,73368.295628,1.0,130.0
85401.0,46.0,Female,7.0,8.5,4.0,3.0,,21811.573773,1.0,121.0
85402.0,80.0,Male,11.0,9.0,3.0,8.0,,22866.660732,1.0,129.0
85404.0,77.0,Female,12.0,10.0,4.0,8.0,,5.397605346934028e-79,2.0,124.0
85406.0,71.0,Male,1.0,7.5,1.0,5.397605346934028e-79,,9409.835406,1.0,124.0
85407.0,31.0,Female,8.0,9.0,4.0,4.0,,14952.897142,1.0,120.0
85408.0,30.0,Female,4.0,4.0,3.0,1.0,,31367.133258,2.0,130.0
85409.0,31.0,Male,6.0,8.0,1.0,5.0,,20871.394436,1.0,124.0
85411.0,22.0,Male,8.0,6.0,5.397605346934028e-79,8.0,,5.397605346934028e-79,2.0,132.0
85412.0,26.0,Female,16.0,7.0,8.0,8.0,,18092.597505,2.0,125.0
85415.0,41.0,Female,3.0,8.0,1.0,2.0,,23453.35666,2.0,130.0
85419.0,32.0,Male,2.0,9.0,2.0,5.397605346934028e-79,,28414.98586,1.0,126.0
85420.0,21.0,Female,6.0,11.5,2.0,4.0,,18622.612219,1.0,125.0
85422.0,75.0,Female,8.0,6.5,5.0,3.0,,15222.873487,1.0,123.0
85423.0,65.0,Female,4.0,4.5,1.0,3.0,,140620.444308,1.0,131.0
85424.0,75.0,Male,7.0,7.0,5.0,2.0,,16434.373561,2.0,132.0
85425.0,80.0,Male,12.0,6.0,4.0,8.0,,13271.950446,2.0,132.0
85426.0,36.0,Female,2.0,7.0,1.0,1.0,,29558.67059,2.0,129.0
85427.0,28.0,Male,4.0,7.0,2.0,2.0,,29467.739111,2.0,122.0
85429.0,68.0,Female,5.0,8.0,5.0,5.397605346934028e-79,,41101.720908,2.0,132.0
85431.0,47.0,Female,13.0,11.0,5.0,8.0,,25804.834256,1.0,128.0
85435.0,26.0,Male,2.0,8.0,5.397605346934028e-79,2.0,,116436.914801,2.0,120.0
85436.0,31.0,Female,2.0,8.0,5.397605346934028e-79,2.0,,21312.554152,2.0,132.0
85437.0,34.0,Female,4.0,7.5,2.0,2.0,,19553.143082,1.0,125.0
85438.0,45.0,Female,3.0,7.5,2.0,1.0,,92418.167452,2.0,126.0
85441.0,66.0,Female,3.0,6.0,3.0,5.397605346934028e-79,30.0,18846.775207,2.0,128.0
85442.0,64.0,Male,4.0,7.5,2.0,2.0,,20836.654905,2.0,128.0
85443.0,48.0,Female,13.0,8.0,5.0,8.0,,155175.878451,2.0,130.0
85444.0,56.0,Female,9.0,10.0,1.0,8.0,,12825.472886,1.0,119.0
85445.0,75.0,Female,13.0,7.0,5.0,8.0,,10745.266811,1.0,127.0
85448.0,80.0,Female,12.0,8.5,4.0,8.0,,62612.938742,2.0,121.0
85450.0,74.0,Male,1.0,8.0,1.0,5.397605346934028e-79,,19278.730108,2.0,120.0
85451.0,53.0,Female,5.0,8.5,3.0,2.0,,173009.658958,1.0,129.0
85453.0,42.0,Female,5.0,12.0,4.0,1.0,,23268.903088,2.0,127.0
85454.0,55.0,Female,8.0,8.0,5.397605346934028e-79,8.0,,20505.145273,1.0,123.0
85455.0,16.0,Female,8.0,9.0,5.397605346934028e-79,8.0,,16165.178883,2.0,128.0
85456.0,68.0,Male,13.0,9.5,5.0,8.0,,33600.472404,1.0,125.0
85457.0,70.0,Female,9.0,9.0,4.0,5.0,,65696.022601,1.0,131.0
85458.0,27.0,Male,9.0,8.0,1.0,8.0,,5.397605346934028e-79,2.0,122.0
85460.0,17.0,Female,2.0,6.0,5.397605346934028e-79,2.0,,17666.853162,1.0,133.0
85463.0,48.0,Female,9.0,7.0,1.0,8.0,,16286.688564,2.0,133.0
85464.0,67.0,Male,10.0,8.5,2.0,8.0,,11756.840204,1.0,128.0
85465.0,66.0,Female,11.0,6.0,3.0,8.0,,9303.521939,1.0,128.0
85467.0,67.0,Male,16.0,8.0,8.0,8.0,,42171.650143,2.0,123.0
85468.0,46.0,Female,2.0,4.0,5.397605346934028e-79,2.0,,23191.20225,2.0,132.0
85469.0,71.0,Male,6.0,4.0,5.0,1.0,,16203.750893,2.0,125.0
85470.0,63.0,Female,12.0,10.0,4.0,8.0,,8062.071858,1.0,128.0
85471.0,63.0,Male,8.0,8.5,5.397605346934028e-79,8.0,15.0,24931.406531,2.0,120.0
85472.0,68.0,Male,10.0,8.0,2.0,8.0,,26469.762899,2.0,122.0
85474.0,57.0,Female,9.0,7.0,1.0,8.0,,5.397605346934028e-79,1.0,126.0
85476.0,30.0,Female,9.0,7.0,1.0,8.0,,23499.140883,1.0,125.0
85477.0,44.0,Female,4.0,6.0,3.0,1.0,,20561.819855,1.0,128.0
85479.0,77.0,Male,1.0795210693868056e-78,6.5,5.397605346934028e-79,5.397605346934028e-79,,78848.053825,2.0,127.0
85480.0,18.0,Female,3.0,7.5,3.0,5.397605346934028e-79,,12196.829921,2.0,122.0
85481.0,51.0,Male,1.0,8.5,1.0,5.397605346934028e-79,,23893.851417,2.0,131.0
85483.0,32.0,Female,5.0,8.0,3.0,2.0,,67832.444047,2.0,126.0
85484.0,29.0,Male,9.0,8.0,1.0,8.0,,33350.079772,1.0,122.0
85485.0,56.0,Male,6.0,7.0,5.0,1.0,,26231.023753,1.0,127.0
85487.0,34.0,Male,2.0,5.5,5.397605346934028e-79,2.0,,23613.082231,2.0,132.0
85488.0,23.0,Male,10.0,8.0,2.0,8.0,,22700.550233,2.0,133.0
85489.0,22.0,Male,4.0,7.0,2.0,2.0,,91629.22004,2.0,126.0
85490.0,78.0,Male,11.0,11.0,3.0,8.0,,16913.480847,1.0,125.0
85491.0,62.0,Male,9.0,9.0,5.0,4.0,,40195.73223,2.0,125.0
85492.0,22.0,Female,11.0,8.5,3.0,8.0,,74598.257474,1.0,122.0
85493.0,80.0,Female,8.0,9.0,3.0,5.0,,17626.730498,2.0,126.0
85494.0,16.0,Female,3.0,9.0,3.0,5.397605346934028e-79,,21337.390641,1.0,121.0
85496.0,43.0,Male,4.0,6.5,4.0,5.397605346934028e-79,,97755.036794,1.0,131.0
85497.0,34.0,Female,3.0,6.0,1.0,2.0,,24969.366477,1.0,127.0
85499.0,61.0,Female,12.0,6.5,4.0,8.0,,38915.983903,1.0,126.0
85501.0,66.0,Female,4.0,8.0,2.0,2.0,,10641.212016,1.0,120.0
85502.0,16.0,Female,11.0,7.5,3.0,8.0,,13359.546897,1.0,127.0
85503.0,75.0,Female,3.0,6.0,2.0,1.0,,91035.848698,2.0,119.0
85504.0,16.0,Female,3.0,10.0,2.0,1.0,,22304.220017,2.0,129.0
85505.0,18.0,Female,10.0,10.5,2.0,8.0,,17156.885648,2.0,133.0
85508.0,50.0,Female,7.0,9.0,2.0,5.0,,10216.923458,1.0,123.0
85510.0,60.0,Female,13.0,5.0,8.0,5.0,,10439.619283,2.0,122.0
85511.0,25.0,Male,9.0,9.5,4.0,5.0,,70029.931898,2.0,119.0
85515.0,21.0,Female,4.0,9.0,2.0,2.0,,18275.822647,1.0,119.0
85516.0,59.0,Female,2.0,7.0,1.0,1.0,,12252.255182,2.0,129.0
85517.0,80.0,Female,10.0,10.0,2.0,8.0,,39988.650835,2.0,132.0
85518.0,32.0,Female,4.0,8.5,2.0,2.0,,26327.673053,1.0,132.0
85521.0,71.0,Female,4.0,9.0,4.0,5.397605346934028e-79,,62019.577183,1.0,126.0
85522.0,50.0,Female,4.0,6.5,3.0,1.0,,14140.388572,1.0,124.0
85523.0,45.0,Male,5.0,9.0,3.0,2.0,,113242.809064,2.0,131.0
85525.0,40.0,Female,9.0,8.0,1.0,8.0,,18584.817647,1.0,120.0
85527.0,40.0,Female,8.0,6.5,8.0,5.397605346934028e-79,,30668.852582,2.0,124.0
85529.0,65.0,Female,3.0,7.0,3.0,5.397605346934028e-79,,9252.089421,2.0,123.0
85530.0,77.0,Female,4.0,6.0,2.0,2.0,,16953.383742,2.0,129.0
85531.0,37.0,Male,2.0,5.5,2.0,5.397605346934028e-79,,25681.054277,2.0,120.0
85535.0,35.0,Male,10.0,10.0,2.0,8.0,,18481.080564,1.0,124.0
85536.0,70.0,Male,11.0,9.0,3.0,8.0,,11400.745908,1.0,128.0
85537.0,25.0,Female,3.0,8.0,5.397605346934028e-79,3.0,,43398.062986,2.0,123.0
85538.0,80.0,Female,10.0,12.5,2.0,8.0,,10231.679672,1.0,127.0
85541.0,63.0,Female,4.0,9.0,2.0,2.0,,9042.325939,2.0,133.0
85542.0,20.0,Male,10.0,8.5,5.0,5.0,,39879.594734,1.0,121.0
85543.0,74.0,Female,8.0,8.0,5.397605346934028e-79,8.0,,21764.070461,2.0,125.0
85545.0,74.0,Male,5.0,8.0,5.0,5.397605346934028e-79,,87241.569319,1.0,121.0
85546.0,18.0,Female,5.0,9.0,1.0,4.0,,8839.274708,2.0,133.0
85548.0,38.0,Male,9.0,4.0,1.0,8.0,20.0,29319.516912,2.0,129.0
85549.0,64.0,Female,12.0,6.0,4.0,8.0,60.0,17672.441216,1.0,124.0
85551.0,27.0,Male,1.0,7.5,5.397605346934028e-79,1.0,,27910.32295,2.0,119.0
85552.0,61.0,Female,7.0,8.0,5.0,2.0,,95404.275238,1.0,131.0
85553.0,75.0,Female,6.0,7.5,4.0,2.0,,86746.385589,1.0,128.0
85555.0,70.0,Male,10.0,8.0,2.0,8.0,,11499.382897,1.0,119.0
85556.0,24.0,Female,9.0,7.0,1.0,8.0,,20091.231742,1.0,122.0
85557.0,38.0,Male,13.0,6.0,5.0,8.0,,29368.562782,1.0,121.0
85562.0,73.0,Male,3.0,8.0,3.0,5.397605346934028e-79,,8660.691776,1.0,125.0
85563.0,21.0,Male,7.0,7.0,4.0,3.0,,32731.109391,1.0,123.0
85564.0,72.0,Female,1.0795210693868056e-78,8.0,5.397605346934028e-79,5.397605346934028e-79,15.0,11950.281372,1.0,124.0
85565.0,18.0,Female,3.0,9.5,2.0,1.0,,15899.603745,1.0,127.0
85566.0,42.0,Female,4.0,8.5,3.0,1.0,,24939.499304,1.0,131.0
85567.0,16.0,Female,7.0,8.5,5.0,2.0,,30624.525773,2.0,121.0
85568.0,17.0,Male,10.0,6.0,5.0,5.0,,16607.372252,2.0,124.0
85571.0,61.0,Male,5.0,8.0,3.0,2.0,,9112.305504,2.0,125.0
85573.0,33.0,Male,2.0,7.0,2.0,5.397605346934028e-79,,82577.343261,2.0,126.0
85576.0,73.0,Male,5.0,5.0,5.0,5.397605346934028e-79,,64342.123829,2.0,132.0
85577.0,50.0,Male,10.0,8.0,2.0,8.0,,17024.961101,1.0,133.0
85578.0,62.0,Female,2.0,8.0,2.0,5.397605346934028e-79,,16872.658871,1.0,119.0
85580.0,48.0,Female,12.0,8.0,4.0,8.0,,16788.157776,1.0,123.0
85584.0,47.0,Male,2.0,8.0,2.0,5.397605346934028e-79,,143358.162109,2.0,128.0
85585.0,80.0,Female,3.0,9.0,2.0,1.0,,19371.957988,1.0,122.0
85586.0,52.0,Male,2.0,8.0,2.0,5.397605346934028e-79,,42014.719504,1.0,122.0
85587.0,49.0,Female,1.0,6.0,1.0,5.397605346934028e-79,,132587.559958,2.0,131.0
85588.0,25.0,Male,11.0,8.5,8.0,3.0,,20001.604294,2.0,122.0
85589.0,29.0,Male,8.0,8.0,5.397605346934028e-79,8.0,,44399.675275,2.0,127.0
85590.0,16.0,Female,10.0,8.0,5.0,5.0,,20978.783743,2.0,131.0
85591.0,18.0,Female,1.0,8.0,1.0,5.397605346934028e-79,,9083.361224,1.0,129.0
85592.0,16.0,Female,7.0,8.0,2.0,5.0,,29545.183262,1.0,120.0
85594.0,74.0,Male,3.0,7.0,3.0,5.397605346934028e-79,,88843.121618,2.0,129.0
85596.0,16.0,Female,2.0,7.0,1.0,1.0,,19861.514409,2.0,129.0
85597.0,71.0,Male,11.0,7.0,3.0,8.0,,11258.826795,1.0,127.0
85598.0,63.0,Male,13.0,7.0,5.0,8.0,,16170.444425,2.0,127.0
85599.0,21.0,Female,4.0,10.0,3.0,1.0,,121486.330259,1.0,132.0
85601.0,18.0,Female,1.0,9.0,1.0,5.397605346934028e-79,,17942.304387,1.0,120.0
85603.0,33.0,Male,8.0,6.0,5.397605346934028e-79,8.0,,24960.841221,2.0,119.0
85604.0,30.0,Male,5.0,7.0,3.0,2.0,,37817.491591,2.0,125.0
85609.0,17.0,Male,5.0,8.0,1.0,4.0,,12692.13969,1.0,123.0
85611.0,20.0,Female,9.0,3.0,4.0,5.0,,14561.171689,1.0,133.0
85613.0,37.0,Female,8.0,7.5,8.0,5.397605346934028e-79,60.0,28456.359488,1.0,124.0
85614.0,55.0,Female,13.0,8.0,5.0,8.0,,127880.383144,2.0,125.0
85618.0,53.0,Female,3.0,5.5,1.0,2.0,,203562.855386,2.0,127.0
85621.0,19.0,Female,3.0,10.0,3.0,5.397605346934028e-79,,18509.242396,1.0,129.0
85624.0,72.0,Female,5.0,10.0,2.0,3.0,,20665.282586,1.0,133.0
85625.0,80.0,Male,5.0,10.0,3.0,2.0,,32059.026673,2.0,129.0
85626.0,72.0,Male,13.0,7.0,5.0,8.0,,10895.463688,2.0,120.0
85627.0,35.0,Female,3.0,8.0,1.0,2.0,,42493.490962,1.0,120.0
85628.0,62.0,Female,4.0,8.0,1.0,3.0,,8349.572488,1.0,121.0
85630.0,42.0,Male,3.0,6.5,3.0,5.397605346934028e-79,,26376.071547,2.0,132.0
85631.0,20.0,Female,4.0,11.0,3.0,1.0,,28244.382858,2.0,129.0
85632.0,80.0,Male,6.0,5.0,5.0,1.0,,50290.691726,2.0,127.0
85634.0,46.0,Male,2.0,6.0,5.397605346934028e-79,2.0,,41784.872155,2.0,128.0
85635.0,57.0,Male,7.0,7.0,3.0,4.0,,22379.90733,1.0,124.0
85636.0,52.0,Male,1.0,7.5,1.0,5.397605346934028e-79,,20693.401057,1.0,132.0
85639.0,17.0,Male,1.0,8.5,1.0,5.397605346934028e-79,,23377.638715,1.0,126.0
85641.0,69.0,Female,6.0,8.0,3.0,3.0,,15636.010767,1.0,123.0
85642.0,31.0,Male,5.0,4.5,5.0,5.397605346934028e-79,,28707.827366,2.0,132.0
85643.0,67.0,Male,5.0,5.0,5.0,5.397605346934028e-79,,5.397605346934028e-79,2.0,123.0
85644.0,18.0,Male,8.0,6.0,5.0,3.0,,7603.28439,1.0,129.0
85645.0,17.0,Female,4.0,8.5,2.0,2.0,,49480.507747,1.0,125.0
85647.0,75.0,Female,5.0,8.0,2.0,3.0,,97841.062494,1.0,131.0
85648.0,67.0,Male,7.0,6.5,5.0,2.0,,14532.42213,1.0,132.0
85649.0,43.0,Female,1.0795210693868056e-78,6.5,5.397605346934028e-79,5.397605346934028e-79,,46182.452005,2.0,123.0
85651.0,33.0,Male,3.0,10.0,1.0,2.0,,19905.350994,2.0,131.0
85655.0,27.0,Female,3.0,11.0,2.0,1.0,,23096.462098,1.0,129.0
85656.0,34.0,Female,2.0,6.5,2.0,5.397605346934028e-79,,104271.7247,2.0,132.0
85659.0,24.0,Female,13.0,9.0,8.0,5.0,,41491.84403,2.0,130.0
85660.0,54.0,Male,6.0,6.5,3.0,3.0,,16143.347461,2.0,128.0
85661.0,36.0,Female,13.0,8.5,5.0,8.0,,53953.715806,2.0,132.0
85662.0,69.0,Female,11.0,9.0,3.0,8.0,,10717.765651,2.0,127.0
85663.0,62.0,Male,8.0,8.0,5.397605346934028e-79,8.0,20.0,8947.863538,2.0,132.0
85664.0,58.0,Female,9.0,8.0,8.0,1.0,,133198.135635,2.0,123.0
85667.0,38.0,Male,10.0,7.0,5.0,5.0,,31080.759376,1.0,128.0
85668.0,78.0,Male,9.0,5.5,5.0,4.0,,14018.599399,2.0,132.0
85669.0,78.0,Male,7.0,8.5,5.0,2.0,,72039.920287,1.0,128.0
85670.0,45.0,Male,11.0,8.0,3.0,8.0,,25685.957612,2.0,123.0
85672.0,63.0,Female,13.0,4.0,5.0,8.0,30.0,24385.710938,1.0,126.0
85674.0,61.0,Male,13.0,6.5,5.0,8.0,,15515.034387,2.0,130.0
85675.0,22.0,Male,6.0,7.0,3.0,3.0,,129026.00032,1.0,126.0
85676.0,32.0,Female,9.0,6.0,1.0,8.0,,21253.741362,2.0,133.0
85678.0,30.0,Male,2.0,8.5,2.0,5.397605346934028e-79,,77454.494362,1.0,131.0
85679.0,80.0,Male,7.0,10.0,5.0,2.0,,33485.766618,2.0,128.0
85681.0,65.0,Male,13.0,10.0,5.0,8.0,,9115.818176,1.0,128.0
85682.0,32.0,Male,4.0,7.5,2.0,2.0,,100377.074169,2.0,131.0
85683.0,69.0,Female,5.0,8.0,2.0,3.0,,144711.50301,2.0,121.0
85684.0,61.0,Male,10.0,7.0,2.0,8.0,,8037.980511,1.0,124.0
85685.0,67.0,Male,4.0,8.0,3.0,1.0,,10573.132321,1.0,133.0
85691.0,66.0,Male,2.0,6.5,1.0,1.0,,20339.011094,1.0,119.0
85692.0,25.0,Female,8.0,7.0,4.0,4.0,,20669.713422,2.0,133.0
85696.0,32.0,Female,2.0,9.0,2.0,5.397605346934028e-79,,30063.742696,2.0,125.0
85697.0,80.0,Male,13.0,7.0,5.0,8.0,,14340.523275,1.0,125.0
85700.0,77.0,Female,4.0,9.0,4.0,5.397605346934028e-79,,81468.816776,1.0,125.0
85701.0,67.0,Female,7.0,10.0,5.0,2.0,,19075.572832,2.0,132.0
85702.0,40.0,Female,9.0,8.0,1.0,8.0,,35931.303151,1.0,127.0
85704.0,46.0,Male,3.0,7.5,2.0,1.0,,122705.438054,1.0,129.0
85706.0,28.0,Female,12.0,9.5,4.0,8.0,,25670.906819,2.0,124.0
85707.0,41.0,Female,2.0,7.5,5.397605346934028e-79,2.0,,132717.303691,2.0,124.0
85708.0,16.0,Male,5.0,10.0,5.0,5.397605346934028e-79,,8316.207467,2.0,120.0
85710.0,33.0,Male,13.0,10.0,8.0,5.0,,122889.857887,2.0,125.0
85711.0,52.0,Female,16.0,7.5,8.0,8.0,,123451.930588,2.0,123.0
85712.0,22.0,Male,5.0,6.0,3.0,2.0,,5.397605346934028e-79,1.0,124.0
85714.0,52.0,Female,8.0,10.0,5.0,3.0,,21270.595558,2.0,133.0
85715.0,66.0,Male,1.0795210693868056e-78,7.5,5.397605346934028e-79,5.397605346934028e-79,,34180.512708,2.0,125.0
85716.0,33.0,Female,13.0,9.0,8.0,5.0,,26317.4698,1.0,128.0
85718.0,64.0,Male,8.0,9.0,5.397605346934028e-79,8.0,,6299.260684,1.0,131.0
85722.0,41.0,Female,9.0,8.0,1.0,8.0,,16334.50313,1.0,120.0
85724.0,80.0,Male,3.0,9.0,3.0,5.397605346934028e-79,,42219.527507,2.0,119.0
85725.0,60.0,Female,5.0,6.0,3.0,2.0,,40494.826023,1.0,125.0
85726.0,60.0,Male,9.0,9.0,5.0,4.0,,35879.175156,2.0,127.0
85727.0,30.0,Male,4.0,7.0,3.0,1.0,,21237.118082,2.0,126.0
85728.0,66.0,Female,13.0,10.0,5.0,8.0,,30881.53564,1.0,131.0
85730.0,78.0,Male,5.0,8.5,5.0,5.397605346934028e-79,,73000.112434,1.0,130.0
85731.0,44.0,Male,8.0,7.0,5.397605346934028e-79,8.0,,35013.400178,2.0,129.0
85732.0,34.0,Female,5.0,9.5,4.0,1.0,,17498.222602,2.0,133.0
85733.0,60.0,Female,9.0,4.0,1.0,8.0,,9303.521939,1.0,128.0
85734.0,17.0,Female,5.0,7.5,4.0,1.0,,19490.133474,1.0,133.0
85735.0,60.0,Male,11.0,9.0,3.0,8.0,,13001.613329,1.0,125.0
85736.0,51.0,Female,11.0,7.0,3.0,8.0,,13791.025135,1.0,121.0
85737.0,77.0,Female,2.0,6.0,5.397605346934028e-79,2.0,,5.397605346934028e-79,1.0,133.0
85738.0,60.0,Female,5.0,8.0,5.0,5.397605346934028e-79,,45991.859763,2.0,132.0
85739.0,70.0,Female,6.0,9.0,5.0,1.0,,159312.711047,2.0,127.0
85740.0,76.0,Male,10.0,8.5,2.0,8.0,,22357.909612,1.0,120.0
85741.0,60.0,Female,11.0,6.5,3.0,8.0,,21129.78287,1.0,129.0
85743.0,69.0,Male,6.0,10.0,5.0,1.0,,10480.214015,1.0,123.0
85745.0,78.0,Male,4.0,8.0,4.0,5.397605346934028e-79,,88483.935503,1.0,126.0
85746.0,50.0,Female,5.0,11.0,4.0,1.0,,21116.366883,1.0,124.0
85748.0,51.0,Female,6.0,6.0,1.0,5.0,,26172.194574,1.0,123.0
85750.0,64.0,Female,12.0,8.0,4.0,8.0,,22113.047398,2.0,120.0
85753.0,42.0,Male,9.0,7.0,1.0,8.0,,26125.66476,2.0,122.0
85756.0,58.0,Female,10.0,9.0,2.0,8.0,,27810.344399,2.0,127.0
85757.0,27.0,Male,1.0795210693868056e-78,6.0,5.397605346934028e-79,5.397605346934028e-79,,33041.554879,2.0,133.0
85759.0,43.0,Female,3.0,6.0,1.0,2.0,,19529.897321,1.0,130.0
85760.0,58.0,Male,2.0,5.5,1.0,1.0,,119358.611557,1.0,122.0
85761.0,54.0,Female,4.0,8.0,4.0,5.397605346934028e-79,,23975.872123,2.0,125.0
85765.0,19.0,Male,3.0,8.0,1.0,2.0,,5.397605346934028e-79,1.0,119.0
85766.0,80.0,Female,3.0,7.0,3.0,5.397605346934028e-79,,19848.379141,1.0,124.0
85770.0,55.0,Female,16.0,9.0,8.0,8.0,30.0,16819.109026,1.0,128.0
85772.0,53.0,Male,12.0,8.0,4.0,8.0,,20128.888887,1.0,119.0
85774.0,61.0,Female,2.0,12.0,2.0,5.397605346934028e-79,,9673.910277,1.0,125.0
85775.0,43.0,Male,10.0,9.0,2.0,8.0,,30654.708933,1.0,124.0
85776.0,19.0,Male,3.0,8.5,3.0,5.397605346934028e-79,,22465.717396,2.0,132.0
85777.0,68.0,Female,12.0,8.0,4.0,8.0,,8405.946464,1.0,133.0
85778.0,19.0,Female,8.0,7.0,5.397605346934028e-79,8.0,,11922.823274,1.0,125.0
85779.0,35.0,Female,3.0,8.0,2.0,1.0,,27624.666476,2.0,129.0
85781.0,37.0,Female,2.0,8.0,1.0,1.0,,18878.536002,1.0,133.0
85782.0,77.0,Male,9.0,7.0,1.0,8.0,,16252.798001,1.0,125.0
85783.0,32.0,Female,2.0,9.0,1.0,1.0,,28500.794091,1.0,128.0
85785.0,32.0,Female,13.0,9.0,5.0,8.0,,22642.362258,1.0,120.0
85786.0,61.0,Male,2.0,7.5,2.0,5.397605346934028e-79,,145838.682095,2.0,124.0
85787.0,26.0,Female,6.0,5.5,1.0,5.0,,96256.980778,2.0,123.0
85789.0,33.0,Female,9.0,9.5,1.0,8.0,,20452.396179,1.0,121.0
85790.0,60.0,Male,1.0,6.5,1.0,5.397605346934028e-79,,12381.014112,1.0,119.0
85791.0,28.0,Male,1.0795210693868056e-78,7.5,5.397605346934028e-79,5.397605346934028e-79,,30644.345692,1.0,126.0
85792.0,77.0,Male,13.0,7.0,5.0,8.0,,19348.622957,2.0,130.0
85795.0,19.0,Male,5.0,7.5,3.0,2.0,,5.397605346934028e-79,2.0,121.0
85796.0,38.0,Male,4.0,9.5,3.0,1.0,,33779.244739,1.0,121.0
85797.0,29.0,Male,4.0,7.0,2.0,2.0,,106580.56585,2.0,133.0
85799.0,36.0,Male,7.0,4.0,3.0,4.0,,31080.759376,1.0,128.0
85801.0,59.0,Male,4.0,7.0,3.0,1.0,,121800.613189,2.0,126.0
85803.0,66.0,Male,4.0,7.5,2.0,2.0,,15791.576167,2.0,124.0
85804.0,52.0,Male,1.0,7.0,1.0,5.397605346934028e-79,,18147.842933,2.0,128.0
85805.0,18.0,Female,10.0,6.0,2.0,8.0,,63182.858412,2.0,129.0
85807.0,60.0,Male,13.0,10.5,5.0,8.0,,8113.690331,1.0,127.0
85808.0,80.0,Male,3.0,9.0,3.0,5.397605346934028e-79,,14673.024636,2.0,125.0
85810.0,36.0,Male,10.0,7.0,2.0,8.0,,17963.242335,2.0,130.0
85811.0,57.0,Male,10.0,7.0,2.0,8.0,,21220.493782,2.0,126.0
85813.0,80.0,Male,4.0,7.5,3.0,1.0,,46294.986626,2.0,132.0
85814.0,41.0,Male,1.0795210693868056e-78,7.0,5.397605346934028e-79,5.397605346934028e-79,,22510.435776,1.0,126.0
85815.0,52.0,Male,3.0,7.5,3.0,5.397605346934028e-79,,19635.088259,2.0,128.0
85816.0,50.0,Female,4.0,7.0,2.0,2.0,,32476.08408,2.0,127.0
85817.0,36.0,Female,10.0,9.0,2.0,8.0,,71012.089861,2.0,126.0
85819.0,40.0,Female,5.0,5.0,3.0,2.0,,20450.799413,1.0,119.0
85820.0,24.0,Female,12.0,9.0,8.0,4.0,,21530.114385,1.0,119.0
85822.0,43.0,Female,3.0,7.5,3.0,5.397605346934028e-79,,28601.279374,2.0,123.0
85823.0,28.0,Female,10.0,7.5,2.0,8.0,,32854.078456,1.0,129.0
85825.0,42.0,Male,5.0,3.5,5.0,5.397605346934028e-79,,23200.881366,2.0,132.0
85827.0,44.0,Male,7.0,6.0,2.0,5.0,,17604.674554,2.0,131.0
85828.0,64.0,Female,1.0795210693868056e-78,3.0,5.397605346934028e-79,5.397605346934028e-79,60.0,8843.832637,2.0,125.0
85829.0,18.0,Male,8.0,5.0,4.0,4.0,,8228.416703,1.0,123.0
85830.0,66.0,Female,8.0,5.5,5.0,3.0,,156711.75809,2.0,123.0
85831.0,46.0,Female,5.0,5.0,5.0,5.397605346934028e-79,,20742.41094,2.0,126.0
85833.0,59.0,Male,7.0,8.5,5.0,2.0,,13465.109618,2.0,120.0
85834.0,59.0,Female,10.0,7.5,2.0,8.0,,15322.859885,1.0,124.0
85836.0,56.0,Male,2.0,6.0,2.0,5.397605346934028e-79,,215977.336305,2.0,127.0
85837.0,66.0,Female,13.0,9.0,5.0,8.0,,8466.753841,1.0,128.0
85841.0,16.0,Female,3.0,6.5,3.0,5.397605346934028e-79,,19535.278963,1.0,127.0
85844.0,55.0,Female,6.0,8.0,4.0,2.0,,15871.13699,1.0,125.0
85845.0,80.0,Male,9.0,7.5,5.0,4.0,,20474.202107,2.0,127.0
85846.0,25.0,Female,5.0,6.0,4.0,1.0,,24354.654346,1.0,132.0
85849.0,29.0,Female,2.0,9.0,2.0,5.397605346934028e-79,,83110.1968,1.0,122.0
85851.0,80.0,Female,4.0,7.0,1.0,3.0,,36071.377044,2.0,131.0
85852.0,61.0,Female,10.0,7.0,2.0,8.0,,7952.513815,1.0,130.0
85854.0,18.0,Male,1.0795210693868056e-78,7.0,5.397605346934028e-79,5.397605346934028e-79,,19786.663249,2.0,128.0
85855.0,62.0,Male,5.0,5.0,5.0,5.397605346934028e-79,,9309.706917,1.0,119.0
85856.0,47.0,Male,4.0,8.0,2.0,2.0,,21964.496548,2.0,128.0
85858.0,48.0,Female,2.0,9.5,2.0,5.397605346934028e-79,,27381.401041,1.0,129.0
85859.0,35.0,Female,3.0,7.0,2.0,1.0,,61813.312092,1.0,126.0
85861.0,76.0,Female,4.0,9.5,2.0,2.0,,96603.816468,2.0,131.0
85862.0,70.0,Male,4.0,9.5,2.0,2.0,,14624.525377,2.0,125.0
85863.0,75.0,Female,7.0,10.0,5.0,2.0,,24875.783754,2.0,132.0
85864.0,23.0,Male,3.0,8.0,3.0,5.397605346934028e-79,,73053.738452,2.0,130.0
85866.0,48.0,Male,5.0,6.0,3.0,2.0,,30268.325386,1.0,129.0
85867.0,55.0,Female,5.0,7.0,3.0,2.0,,9332.05108,2.0,119.0
85869.0,23.0,Female,16.0,7.5,8.0,8.0,,35740.037288,2.0,124.0
85870.0,66.0,Male,9.0,7.0,1.0,8.0,,11553.434416,1.0,128.0
85872.0,60.0,Male,3.0,10.0,2.0,1.0,,9267.012544,1.0,120.0
85875.0,71.0,Male,6.0,8.0,4.0,2.0,,67010.414274,2.0,128.0
85876.0,48.0,Male,12.0,7.0,4.0,8.0,,167381.483121,2.0,127.0
85878.0,27.0,Female,2.0,7.5,2.0,5.397605346934028e-79,,113777.723065,2.0,130.0
85879.0,66.0,Female,10.0,8.0,2.0,8.0,,6362.433886,1.0,124.0
85880.0,52.0,Female,4.0,4.5,5.397605346934028e-79,4.0,,19219.913378,2.0,131.0
85884.0,76.0,Female,7.0,7.0,5.0,2.0,,22021.022429,2.0,122.0
85885.0,53.0,Female,11.0,8.0,3.0,8.0,,48365.58467,2.0,125.0
85886.0,22.0,Female,3.0,9.0,2.0,1.0,,43585.693954,2.0,119.0
85887.0,80.0,Female,6.0,12.0,4.0,2.0,,18674.705424,1.0,119.0
85888.0,16.0,Male,3.0,9.0,1.0,2.0,,65038.540401,2.0,132.0
85893.0,61.0,Female,1.0795210693868056e-78,10.0,5.397605346934028e-79,5.397605346934028e-79,,8114.535005,2.0,129.0
85896.0,60.0,Male,13.0,7.0,5.0,8.0,,34966.345266,1.0,125.0
85898.0,47.0,Male,10.0,8.0,2.0,8.0,,20027.746633,1.0,133.0
85899.0,70.0,Male,5.0,6.0,3.0,2.0,,22076.993373,2.0,119.0
85900.0,65.0,Male,9.0,7.0,1.0,8.0,,9810.087456,1.0,122.0
85901.0,19.0,Male,9.0,7.0,1.0,8.0,,48340.153967,1.0,130.0
85902.0,56.0,Male,5.0,7.5,2.0,3.0,,96614.100939,2.0,120.0
85903.0,49.0,Male,10.0,9.0,8.0,2.0,,12949.033714,2.0,125.0
85904.0,66.0,Male,6.0,7.0,4.0,2.0,,15556.734531,2.0,133.0
85905.0,35.0,Male,4.0,7.0,2.0,2.0,,30579.673095,2.0,133.0
85908.0,51.0,Female,10.0,7.0,2.0,8.0,,15469.462184,1.0,119.0
85911.0,49.0,Female,11.0,9.5,3.0,8.0,,21371.78771,2.0,131.0
85912.0,49.0,Female,9.0,7.0,1.0,8.0,,23501.891518,1.0,125.0
85914.0,62.0,Female,1.0,10.5,1.0,5.397605346934028e-79,,9675.863403,1.0,130.0
85915.0,34.0,Female,3.0,4.0,3.0,5.397605346934028e-79,,28720.785791,2.0,121.0
85917.0,31.0,Female,6.0,7.0,4.0,2.0,,24237.209974,2.0,119.0
85918.0,66.0,Male,10.0,7.5,2.0,8.0,,19417.92575,2.0,121.0
85920.0,61.0,Female,4.0,7.5,2.0,2.0,,123255.166856,1.0,130.0
85922.0,47.0,Male,9.0,8.0,1.0,8.0,,24609.690858,1.0,120.0
85925.0,65.0,Female,1.0795210693868056e-78,6.0,5.397605346934028e-79,5.397605346934028e-79,,26870.512788,1.0,132.0
85928.0,66.0,Male,2.0,8.5,2.0,5.397605346934028e-79,,150934.937037,2.0,123.0
85930.0,75.0,Male,1.0,8.5,1.0,5.397605346934028e-79,,9240.465685,2.0,125.0
85931.0,80.0,Female,13.0,5.0,5.0,8.0,,34007.366238,2.0,132.0
85932.0,49.0,Female,2.0,7.5,1.0,1.0,,5.397605346934028e-79,1.0,124.0
85935.0,68.0,Female,10.0,5.5,2.0,8.0,,21777.448494,1.0,125.0
85936.0,27.0,Female,7.0,8.0,2.0,5.0,,22940.450927,1.0,127.0
85939.0,20.0,Male,8.0,10.0,4.0,4.0,,30891.477127,1.0,133.0
85941.0,75.0,Female,6.0,8.5,4.0,2.0,,56418.293334,2.0,124.0
85942.0,46.0,Female,2.0,8.0,2.0,5.397605346934028e-79,,31129.891973,1.0,130.0
85943.0,33.0,Male,2.0,8.0,1.0,1.0,,36812.312604,2.0,121.0
85944.0,25.0,Male,5.0,6.0,4.0,1.0,,31687.554073,1.0,123.0
85946.0,49.0,Male,5.0,7.0,1.0,4.0,,42951.942969,1.0,120.0
85947.0,22.0,Male,6.0,4.5,1.0,5.0,,42067.872311,1.0,130.0
85948.0,38.0,Female,13.0,6.0,5.0,8.0,,40284.539905,2.0,123.0
85949.0,64.0,Female,12.0,7.0,4.0,8.0,,9985.161752,1.0,124.0
85951.0,25.0,Male,10.0,7.5,5.0,5.0,,43018.902365,2.0,122.0
85952.0,50.0,Female,10.0,7.5,2.0,8.0,,14362.748712,2.0,133.0
85954.0,58.0,Female,3.0,5.5,3.0,5.397605346934028e-79,,5.397605346934028e-79,2.0,126.0
85955.0,23.0,Male,5.0,7.0,1.0,4.0,,143035.685013,1.0,126.0
85956.0,44.0,Female,1.0,10.5,1.0,5.397605346934028e-79,,5.397605346934028e-79,2.0,130.0
85957.0,62.0,Female,10.0,6.0,2.0,8.0,,10732.606587,1.0,128.0
85958.0,32.0,Female,9.0,9.0,5.0,4.0,,42651.297913,1.0,122.0
85960.0,59.0,Female,10.0,6.5,2.0,8.0,,118790.347091,1.0,132.0
85961.0,52.0,Female,16.0,8.0,8.0,8.0,,16271.159229,2.0,132.0
85962.0,65.0,Male,4.0,7.5,3.0,1.0,,153442.996244,2.0,120.0
85963.0,46.0,Male,10.0,7.0,2.0,8.0,,34394.800188,1.0,128.0
85964.0,50.0,Female,3.0,8.0,2.0,1.0,,222047.842777,2.0,127.0
85966.0,39.0,Female,2.0,8.5,5.397605346934028e-79,2.0,,20719.403639,2.0,121.0
85967.0,32.0,Male,9.0,8.0,1.0,8.0,,137236.245382,2.0,121.0
85968.0,61.0,Female,4.0,10.0,3.0,1.0,,20385.25684,2.0,125.0
85970.0,64.0,Male,1.0,6.5,1.0,5.397605346934028e-79,,12815.484644,2.0,123.0
85972.0,24.0,Female,9.0,7.5,1.0,8.0,,5.397605346934028e-79,1.0,119.0
85973.0,54.0,Female,5.0,6.0,2.0,3.0,,17756.945544,1.0,124.0
85974.0,59.0,Male,8.0,8.0,5.397605346934028e-79,8.0,60.0,28059.67315,2.0,129.0
85975.0,80.0,Female,13.0,10.0,5.0,8.0,,11510.964612,2.0,128.0
85976.0,37.0,Male,16.0,8.5,8.0,8.0,,16148.665253,2.0,121.0
85977.0,35.0,Male,2.0,6.0,5.397605346934028e-79,2.0,,24045.300659,1.0,121.0
85978.0,68.0,Female,4.0,8.5,4.0,5.397605346934028e-79,,170956.3395,2.0,122.0
85980.0,30.0,Male,8.0,6.5,5.397605346934028e-79,8.0,,35350.721643,2.0,127.0
85981.0,29.0,Male,1.0,7.0,1.0,5.397605346934028e-79,,34308.810939,1.0,120.0
85983.0,29.0,Male,1.0795210693868056e-78,6.0,5.397605346934028e-79,5.397605346934028e-79,,25504.228435,1.0,125.0
85986.0,77.0,Male,13.0,9.0,5.0,8.0,,15916.911834,1.0,130.0
85988.0,17.0,Male,6.0,9.0,5.0,1.0,,93908.506536,1.0,130.0
85990.0,50.0,Female,1.0795210693868056e-78,7.0,5.397605346934028e-79,5.397605346934028e-79,,121723.498266,2.0,120.0
85991.0,19.0,Male,8.0,7.0,3.0,5.0,,13353.828353,1.0,119.0
85992.0,31.0,Male,5.0,6.0,3.0,2.0,,28679.693773,2.0,124.0
85994.0,43.0,Female,2.0,7.5,2.0,5.397605346934028e-79,,28249.642587,2.0,121.0
85995.0,42.0,Male,10.0,6.0,2.0,8.0,,22987.958501,2.0,124.0
85996.0,54.0,Female,4.0,6.5,2.0,2.0,,18231.93905,2.0,133.0
85997.0,80.0,Female,6.0,7.0,4.0,2.0,,63301.861884,2.0,121.0
85998.0,80.0,Male,16.0,11.0,8.0,8.0,,10772.694384,1.0,121.0
86000.0,37.0,Male,4.0,7.0,3.0,1.0,,34468.617081,1.0,120.0
86002.0,61.0,Female,5.0,6.0,5.397605346934028e-79,5.0,,25888.023853,2.0,133.0
86003.0,62.0,Female,10.0,6.0,5.0,5.0,,129306.734318,2.0,125.0
86004.0,57.0,Female,1.0795210693868056e-78,6.5,5.397605346934028e-79,5.397605346934028e-79,,5.397605346934028e-79,2.0,131.0
86005.0,55.0,Female,5.0,6.5,3.0,2.0,,13950.204553,2.0,131.0
86007.0,46.0,Female,10.0,8.5,2.0,8.0,,25240.133108,2.0,122.0
86009.0,33.0,Female,2.0,6.0,2.0,5.397605346934028e-79,,48033.75778,1.0,130.0
86010.0,55.0,Male,10.0,7.0,2.0,8.0,,22281.315127,1.0,131.0
86011.0,45.0,Female,4.0,7.0,3.0,1.0,,33069.419482,2.0,122.0
86013.0,64.0,Female,13.0,8.0,5.0,8.0,,7995.284187,1.0,124.0
86014.0,39.0,Male,5.0,8.0,4.0,1.0,,26026.513192,1.0,127.0
86015.0,31.0,Male,6.0,8.0,3.0,3.0,20.0,5.397605346934028e-79,1.0,132.0
86017.0,70.0,Male,10.0,9.0,5.0,5.0,,20024.047908,1.0,125.0
86018.0,72.0,Female,11.0,9.0,3.0,8.0,,21966.250466,2.0,129.0
86019.0,26.0,Male,4.0,7.5,2.0,2.0,,111459.2658,2.0,133.0
86021.0,42.0,Male,10.0,8.0,2.0,8.0,,42690.715332,1.0,128.0
86022.0,23.0,Female,3.0,8.0,2.0,1.0,,75787.571302,2.0,129.0
86026.0,61.0,Male,3.0,5.0,3.0,5.397605346934028e-79,,9630.94732,1.0,123.0
86027.0,25.0,Female,10.0,9.0,5.0,5.0,,62396.979259,2.0,119.0
86028.0,56.0,Female,2.0,6.5,2.0,5.397605346934028e-79,,11742.14525,1.0,121.0
86029.0,26.0,Female,4.0,8.5,2.0,2.0,,90541.342472,1.0,126.0
86031.0,22.0,Female,3.0,8.5,2.0,1.0,,21723.700087,1.0,121.0
86032.0,50.0,Female,9.0,7.0,1.0,8.0,,20913.062634,1.0,128.0
86033.0,35.0,Female,3.0,7.0,3.0,5.397605346934028e-79,,23106.07823,2.0,122.0
86034.0,48.0,Male,3.0,9.5,2.0,1.0,,116604.495188,1.0,123.0
86035.0,37.0,Male,1.0795210693868056e-78,7.0,5.397605346934028e-79,5.397605346934028e-79,,151729.849988,1.0,130.0
86036.0,61.0,Male,13.0,9.5,5.0,8.0,,9115.818176,1.0,128.0
86037.0,65.0,Female,7.0,8.5,4.0,3.0,,101577.690293,2.0,128.0
86039.0,71.0,Female,4.0,8.5,4.0,5.397605346934028e-79,,102896.885858,2.0,121.0
86040.0,35.0,Male,4.0,4.0,4.0,5.397605346934028e-79,,37635.723203,2.0,127.0
86041.0,35.0,Male,3.0,8.0,1.0,2.0,,22209.537069,2.0,133.0
86044.0,67.0,Female,5.0,8.0,5.0,5.397605346934028e-79,,42237.695467,1.0,127.0
86047.0,80.0,Female,13.0,6.5,5.0,8.0,,28836.232514,1.0,131.0
86048.0,16.0,Female,6.0,7.5,4.0,2.0,,33145.470585,2.0,132.0
86050.0,39.0,Female,4.0,10.0,2.0,2.0,,24320.60008,2.0,132.0
86051.0,36.0,Female,10.0,5.5,8.0,2.0,,30040.64535,2.0,128.0
86052.0,59.0,Male,2.0,8.0,2.0,5.397605346934028e-79,,35880.833947,1.0,130.0
86053.0,57.0,Female,5.0,9.0,2.0,3.0,,14569.211236,2.0,133.0
86054.0,40.0,Male,10.0,13.0,2.0,8.0,,33202.297754,2.0,123.0
86055.0,80.0,Male,4.0,8.0,4.0,5.397605346934028e-79,,16798.535758,2.0,125.0
86056.0,33.0,Female,8.0,7.5,5.397605346934028e-79,8.0,,44019.426048,1.0,127.0
86057.0,46.0,Male,1.0795210693868056e-78,8.0,5.397605346934028e-79,5.397605346934028e-79,,148266.416737,2.0,121.0
86058.0,51.0,Female,2.0,5.5,5.397605346934028e-79,2.0,,139438.749817,1.0,127.0
86059.0,25.0,Female,4.0,9.0,2.0,2.0,,23606.267506,2.0,125.0
86060.0,68.0,Female,11.0,11.5,3.0,8.0,,37288.02211,1.0,125.0
86061.0,37.0,Male,5.0,7.5,2.0,3.0,,119296.980335,2.0,125.0
86062.0,80.0,Male,5.0,7.0,2.0,3.0,,15102.785876,2.0,132.0
86063.0,64.0,Male,5.0,4.0,5.0,5.397605346934028e-79,,33600.472404,1.0,125.0
86065.0,69.0,Male,8.0,9.0,5.0,3.0,,32161.805407,2.0,126.0
86067.0,51.0,Male,11.0,8.0,3.0,8.0,,20223.170989,1.0,124.0
86068.0,20.0,Male,10.0,9.0,5.0,5.0,,16018.92295,2.0,132.0
86069.0,63.0,Female,9.0,9.0,5.0,4.0,,32565.983039,2.0,132.0
86070.0,52.0,Male,13.0,7.0,5.0,8.0,,14998.358139,2.0,126.0
86071.0,38.0,Female,7.0,7.0,3.0,4.0,,28976.686059,2.0,121.0
86072.0,71.0,Female,5.0,8.5,5.397605346934028e-79,5.0,,87008.936552,2.0,125.0
86077.0,80.0,Female,16.0,8.5,8.0,8.0,,45999.378825,2.0,126.0
86080.0,27.0,Female,11.0,10.0,8.0,3.0,,5.397605346934028e-79,1.0,121.0
86082.0,49.0,Female,1.0795210693868056e-78,6.0,5.397605346934028e-79,5.397605346934028e-79,,23361.701895,1.0,124.0
86083.0,73.0,Female,1.0795210693868056e-78,7.0,5.397605346934028e-79,5.397605346934028e-79,60.0,50779.456974,1.0,130.0
86085.0,19.0,Female,4.0,8.5,2.0,2.0,,18898.640444,1.0,132.0
86086.0,19.0,Male,8.0,7.0,5.397605346934028e-79,8.0,60.0,21434.250317,1.0,129.0
86087.0,31.0,Female,9.0,6.5,1.0,8.0,,23411.220472,1.0,120.0
86088.0,80.0,Female,11.0,10.0,3.0,8.0,,54083.90865,2.0,126.0
86090.0,26.0,Female,9.0,7.5,1.0,8.0,,55594.909237,2.0,126.0
86091.0,64.0,Female,9.0,10.5,1.0,8.0,,10732.606587,1.0,128.0
86092.0,36.0,Male,2.0,8.5,2.0,5.397605346934028e-79,,26015.122088,1.0,129.0
86093.0,66.0,Female,3.0,8.5,2.0,1.0,,138195.845878,2.0,124.0
86094.0,28.0,Male,7.0,7.0,4.0,3.0,,16890.249897,2.0,124.0
86096.0,49.0,Male,8.0,6.0,8.0,5.397605346934028e-79,,15946.240213,2.0,119.0
86097.0,80.0,Female,11.0,8.5,3.0,8.0,,44348.069452,2.0,121.0
86098.0,56.0,Male,2.0,7.5,2.0,5.397605346934028e-79,,156895.650565,2.0,124.0
86100.0,33.0,Male,10.0,8.0,2.0,8.0,,27745.104018,1.0,128.0
86102.0,52.0,Female,10.0,13.0,5.0,5.0,,38896.443076,2.0,130.0
86103.0,46.0,Male,13.0,8.0,8.0,5.0,,19809.005887,1.0,129.0
86104.0,53.0,Male,7.0,7.0,5.0,2.0,,22116.026482,1.0,126.0
86105.0,23.0,Female,3.0,6.5,3.0,5.397605346934028e-79,,35205.682195,2.0,132.0
86109.0,64.0,Male,3.0,6.5,2.0,1.0,,117472.437133,1.0,123.0
86110.0,20.0,Female,1.0,10.0,1.0,5.397605346934028e-79,,22986.823097,1.0,133.0
86112.0,80.0,Male,11.0,9.0,3.0,8.0,,15844.654821,2.0,131.0
86113.0,47.0,Female,5.0,7.5,2.0,3.0,,82198.313968,2.0,128.0
86116.0,16.0,Male,3.0,9.0,2.0,1.0,,17132.770691,2.0,119.0
86118.0,70.0,Female,13.0,8.0,5.0,8.0,,11578.992834,1.0,121.0
86120.0,67.0,Female,8.0,9.5,5.397605346934028e-79,8.0,,10095.927374,2.0,123.0
86121.0,23.0,Male,13.0,9.0,5.0,8.0,,32608.644662,2.0,131.0
86123.0,36.0,Female,1.0,7.5,5.397605346934028e-79,1.0,,115699.452062,2.0,124.0
86125.0,36.0,Male,2.0,6.5,2.0,5.397605346934028e-79,,28584.406715,2.0,130.0
86126.0,26.0,Male,3.0,7.5,3.0,5.397605346934028e-79,,80819.112454,1.0,131.0
86127.0,46.0,Female,6.0,10.0,5.0,1.0,,22051.690445,2.0,126.0
86129.0,70.0,Female,3.0,9.0,5.397605346934028e-79,3.0,,12175.081329,2.0,130.0
86132.0,59.0,Female,13.0,9.5,5.0,8.0,,53708.604685,1.0,125.0
86136.0,37.0,Female,1.0795210693868056e-78,8.0,5.397605346934028e-79,5.397605346934028e-79,,29671.87806,2.0,131.0
86137.0,47.0,Male,2.0,9.0,2.0,5.397605346934028e-79,,97364.470187,2.0,126.0
86139.0,69.0,Male,5.0,4.0,5.0,5.397605346934028e-79,,12493.837188,2.0,119.0
86143.0,57.0,Female,2.0,6.0,2.0,5.397605346934028e-79,,22445.997369,1.0,129.0
86144.0,25.0,Male,5.0,8.5,5.0,5.397605346934028e-79,,27757.33553,2.0,125.0
86146.0,40.0,Male,1.0,7.0,1.0,5.397605346934028e-79,,21802.893183,2.0,122.0
86147.0,16.0,Male,7.0,7.5,2.0,5.0,,28192.25997,1.0,125.0
86149.0,54.0,Female,1.0,5.0,1.0,5.397605346934028e-79,,26765.699354,2.0,123.0
86150.0,47.0,Female,3.0,8.0,1.0,2.0,,15458.649912,1.0,133.0
86151.0,80.0,Male,7.0,8.0,5.0,2.0,,36006.593585,2.0,129.0
86152.0,25.0,Male,2.0,5.0,2.0,5.397605346934028e-79,,16973.987607,2.0,122.0
86155.0,18.0,Female,6.0,7.5,5.0,1.0,,63059.812938,2.0,131.0
86156.0,61.0,Female,10.0,9.0,2.0,8.0,,6779.995423,1.0,119.0
86157.0,80.0,Male,2.0,8.0,2.0,5.397605346934028e-79,,37779.516659,1.0,130.0
86158.0,45.0,Female,12.0,10.5,4.0,8.0,,32766.099938,2.0,130.0
86159.0,20.0,Female,5.0,8.0,3.0,2.0,,18981.572747,1.0,119.0
86160.0,29.0,Female,3.0,11.0,2.0,1.0,,22313.842263,2.0,133.0
86163.0,73.0,Female,4.0,6.0,2.0,2.0,,114244.27164,2.0,122.0
86165.0,65.0,Male,10.0,9.0,2.0,8.0,,8295.484674,1.0,120.0
86167.0,36.0,Female,1.0,7.0,1.0,5.397605346934028e-79,,19680.86701,1.0,133.0
86168.0,80.0,Male,1.0,8.5,1.0,5.397605346934028e-79,,48417.341109,1.0,130.0
86169.0,46.0,Female,8.0,6.5,5.397605346934028e-79,8.0,,26104.67954,2.0,120.0
86172.0,33.0,Female,16.0,7.0,8.0,8.0,,70481.879606,2.0,123.0
86173.0,31.0,Male,11.0,6.5,3.0,8.0,,39930.324387,2.0,121.0
86174.0,16.0,Female,9.0,7.0,1.0,8.0,,51687.092029,1.0,123.0
86175.0,33.0,Male,3.0,8.5,5.397605346934028e-79,3.0,,20571.890041,1.0,120.0
86176.0,33.0,Male,11.0,8.0,3.0,8.0,,24627.118808,1.0,120.0
86177.0,38.0,Female,3.0,7.0,2.0,1.0,,117841.994369,1.0,122.0
86178.0,69.0,Male,13.0,7.5,5.0,8.0,,13480.72066,2.0,126.0
86181.0,42.0,Female,1.0,8.0,5.397605346934028e-79,1.0,,150271.216063,1.0,129.0
86182.0,54.0,Male,12.0,7.5,4.0,8.0,,20633.304348,2.0,121.0
86183.0,46.0,Male,12.0,4.5,4.0,8.0,,25982.665885,2.0,131.0
86184.0,18.0,Female,2.0,7.0,2.0,5.397605346934028e-79,,13978.07725,1.0,123.0
86185.0,53.0,Male,1.0795210693868056e-78,6.5,5.397605346934028e-79,5.397605346934028e-79,,148630.266901,2.0,123.0
86186.0,55.0,Female,3.0,8.0,2.0,1.0,,5.397605346934028e-79,1.0,124.0
86188.0,30.0,Female,2.0,6.5,2.0,5.397605346934028e-79,,31757.039093,2.0,128.0
86189.0,28.0,Female,3.0,9.0,3.0,5.397605346934028e-79,,67212.062587,2.0,132.0
86190.0,54.0,Female,4.0,7.0,3.0,1.0,,30969.500152,1.0,132.0
86191.0,29.0,Female,1.0,8.0,1.0,5.397605346934028e-79,,27046.920272,2.0,131.0
86192.0,59.0,Female,13.0,8.0,5.0,8.0,,17102.742245,2.0,119.0
86194.0,80.0,Male,12.0,8.5,4.0,8.0,,60516.278362,2.0,123.0
86195.0,61.0,Female,1.0,9.0,1.0,5.397605346934028e-79,,8948.245099,2.0,122.0
86196.0,55.0,Female,1.0795210693868056e-78,9.0,5.397605346934028e-79,5.397605346934028e-79,,38620.794257,1.0,122.0
86197.0,62.0,Male,10.0,6.0,5.0,5.0,,9698.654238,1.0,129.0
86200.0,48.0,Female,9.0,9.0,1.0,8.0,,16069.27112,2.0,119.0
86201.0,80.0,Female,4.0,8.5,1.0,3.0,,43886.692375,2.0,124.0
86203.0,48.0,Male,3.0,6.5,3.0,5.397605346934028e-79,,97755.036794,1.0,131.0
86205.0,25.0,Male,1.0,9.0,1.0,5.397605346934028e-79,,122877.929669,1.0,120.0
86207.0,16.0,Female,1.0,8.0,1.0,5.397605346934028e-79,,14419.596189,1.0,119.0
86208.0,53.0,Male,2.0,8.0,2.0,5.397605346934028e-79,,166220.401138,2.0,121.0
86209.0,31.0,Male,5.0,6.0,3.0,2.0,,24121.614715,1.0,124.0
86210.0,47.0,Female,7.0,8.0,3.0,4.0,,26591.832371,1.0,132.0
86212.0,32.0,Female,4.0,7.0,2.0,2.0,,32227.312427,1.0,124.0
86213.0,39.0,Male,11.0,8.0,3.0,8.0,,18863.227493,2.0,122.0
86214.0,80.0,Female,11.0,7.0,3.0,8.0,,10745.266811,1.0,127.0
86215.0,63.0,Male,5.0,11.0,5.0,5.397605346934028e-79,,154467.369354,2.0,130.0
86218.0,25.0,Female,7.0,9.5,4.0,3.0,,66697.572076,2.0,132.0
86219.0,60.0,Female,3.0,8.5,3.0,5.397605346934028e-79,,24672.804618,1.0,133.0
86220.0,38.0,Male,4.0,6.0,3.0,1.0,,19152.353841,2.0,131.0
86221.0,57.0,Female,5.0,9.0,5.0,5.397605346934028e-79,,17097.808681,1.0,125.0
86223.0,77.0,Female,9.0,8.5,1.0,8.0,,17359.263295,2.0,127.0
86225.0,80.0,Male,5.0,8.5,5.0,5.397605346934028e-79,,37779.516659,1.0,130.0
86226.0,23.0,Female,3.0,9.0,2.0,1.0,,83562.22371,1.0,132.0
86227.0,70.0,Female,3.0,4.5,3.0,5.397605346934028e-79,,16410.133822,1.0,123.0
86231.0,50.0,Male,10.0,7.0,2.0,8.0,,24650.462042,1.0,129.0
86233.0,45.0,Male,2.0,8.0,2.0,5.397605346934028e-79,,5.397605346934028e-79,2.0,130.0
86236.0,34.0,Male,4.0,7.0,3.0,1.0,,24361.13315,2.0,132.0
86237.0,80.0,Male,5.0,9.0,4.0,1.0,,11400.745908,1.0,128.0
86238.0,45.0,Female,4.0,6.5,2.0,2.0,,18153.974966,2.0,131.0
86239.0,57.0,Female,10.0,10.0,2.0,8.0,,56461.22314,1.0,125.0
86241.0,73.0,Female,11.0,6.5,3.0,8.0,,16977.004931,1.0,125.0
86242.0,62.0,Female,10.0,6.0,2.0,8.0,,9585.755282,1.0,123.0
86243.0,62.0,Male,7.0,7.0,5.0,2.0,,12590.267329,2.0,125.0
86244.0,80.0,Female,7.0,10.0,5.0,2.0,,9494.338098,1.0,124.0
86245.0,47.0,Female,4.0,10.0,3.0,1.0,,22260.333221,1.0,123.0
86246.0,33.0,Male,1.0,7.5,1.0,5.397605346934028e-79,,27020.310702,1.0,126.0
86247.0,78.0,Female,8.0,9.0,5.0,3.0,,86475.735523,1.0,130.0
86249.0,24.0,Female,11.0,11.0,3.0,8.0,,60595.169112,2.0,130.0
86252.0,16.0,Male,8.0,8.5,5.397605346934028e-79,8.0,,52790.062749,2.0,123.0
86255.0,74.0,Female,13.0,4.5,5.0,8.0,,12490.175569,1.0,128.0
86258.0,80.0,Female,5.0,7.5,5.0,5.397605346934028e-79,,52126.766231,2.0,132.0
86259.0,43.0,Female,3.0,5.5,2.0,1.0,,101232.29798,2.0,121.0
86260.0,26.0,Female,2.0,8.5,2.0,5.397605346934028e-79,,55769.61901,1.0,120.0
86261.0,24.0,Male,5.0,7.0,2.0,3.0,,83866.766993,1.0,131.0
86262.0,31.0,Female,9.0,8.5,1.0,8.0,,38497.998822,2.0,127.0
86265.0,57.0,Male,10.0,9.5,2.0,8.0,,5.397605346934028e-79,1.0,123.0
86267.0,55.0,Female,5.0,10.0,4.0,1.0,,5.397605346934028e-79,1.0,125.0
86268.0,57.0,Female,6.0,9.0,3.0,3.0,,16198.916391,1.0,124.0
86271.0,55.0,Female,2.0,6.5,2.0,5.397605346934028e-79,,24136.31977,2.0,128.0
86272.0,22.0,Female,10.0,10.0,5.0,5.0,,27106.617987,2.0,131.0
86273.0,73.0,Female,13.0,9.0,5.0,8.0,,16901.948131,2.0,131.0
86275.0,20.0,Male,13.0,4.5,8.0,5.0,,49590.821804,1.0,129.0
86276.0,68.0,Male,11.0,7.0,3.0,8.0,,9630.94732,1.0,127.0
86277.0,65.0,Female,13.0,9.0,5.0,8.0,,7178.22428,2.0,122.0
86278.0,22.0,Male,8.0,6.0,5.397605346934028e-79,8.0,30.0,49005.565618,1.0,132.0
86279.0,35.0,Female,1.0,8.5,5.397605346934028e-79,1.0,,39488.27774,1.0,131.0
86280.0,80.0,Male,7.0,9.5,5.0,2.0,,34680.418998,1.0,130.0
86281.0,26.0,Male,12.0,7.0,8.0,4.0,,19915.553745,2.0,121.0
86282.0,51.0,Female,13.0,13.0,5.0,8.0,,23219.518074,2.0,122.0
86284.0,46.0,Male,2.0,7.0,2.0,5.397605346934028e-79,,39757.552328,2.0,127.0
86285.0,18.0,Male,10.0,4.5,5.0,5.0,,18612.96153,1.0,127.0
86286.0,60.0,Female,5.0,5.0,2.0,3.0,,21795.40589,1.0,132.0
86287.0,18.0,Female,6.0,10.0,5.0,1.0,,11288.49021,2.0,119.0
86288.0,17.0,Female,6.0,7.0,1.0,5.0,,74378.891709,2.0,120.0
86290.0,29.0,Female,9.0,8.0,1.0,8.0,,72127.259311,1.0,126.0
86291.0,60.0,Female,9.0,6.5,5.0,4.0,,100398.53141,2.0,131.0
86292.0,16.0,Male,10.0,10.0,5.0,5.0,,30910.679793,2.0,130.0
86293.0,40.0,Female,2.0,7.0,1.0,1.0,,24119.851824,2.0,130.0
86296.0,40.0,Male,1.0,6.0,1.0,5.397605346934028e-79,,145628.596487,2.0,125.0
86297.0,35.0,Female,4.0,8.5,4.0,5.397605346934028e-79,,53363.748451,1.0,130.0
86298.0,50.0,Female,1.0,8.5,5.397605346934028e-79,1.0,,182355.646731,1.0,126.0
86299.0,41.0,Male,16.0,6.0,8.0,8.0,,38773.485362,1.0,129.0
86300.0,59.0,Female,4.0,8.0,5.397605346934028e-79,4.0,,26172.194574,1.0,123.0
86301.0,26.0,Male,9.0,10.0,1.0,8.0,,28599.647244,2.0,130.0
86308.0,22.0,Female,9.0,9.0,1.0,8.0,,27277.758336,1.0,126.0
86310.0,80.0,Female,10.0,7.5,2.0,8.0,,5.397605346934028e-79,2.0,119.0
86311.0,18.0,Female,9.0,8.5,1.0,8.0,,12692.669963,1.0,120.0
86312.0,58.0,Male,7.0,6.0,2.0,5.0,,15652.041395,1.0,123.0
86315.0,80.0,Female,10.0,13.0,2.0,8.0,,13372.387646,1.0,128.0
86317.0,80.0,Male,12.0,11.0,4.0,8.0,,5.397605346934028e-79,1.0,133.0
86318.0,63.0,Male,4.0,7.0,2.0,2.0,,46882.488409,1.0,133.0
86319.0,55.0,Female,10.0,10.0,5.0,5.0,,94677.38508,1.0,125.0
86320.0,80.0,Male,12.0,6.0,4.0,8.0,,9508.886305,1.0,127.0
86321.0,25.0,Female,12.0,8.5,4.0,8.0,,20313.581053,2.0,124.0
86322.0,39.0,Female,8.0,6.5,5.397605346934028e-79,8.0,30.0,23002.596593,2.0,120.0
86323.0,24.0,Female,8.0,9.0,5.397605346934028e-79,8.0,,23567.386917,1.0,121.0
86324.0,29.0,Female,3.0,7.5,1.0,2.0,,77479.222104,1.0,130.0
86325.0,60.0,Male,13.0,6.5,5.0,8.0,,8513.230786,2.0,119.0
86326.0,69.0,Female,11.0,9.0,3.0,8.0,,41101.720908,2.0,132.0
86328.0,75.0,Male,7.0,6.0,5.0,2.0,,16421.027783,1.0,133.0
86329.0,18.0,Female,10.0,7.0,2.0,8.0,,16377.976709,1.0,124.0
86332.0,34.0,Female,13.0,4.0,5.0,8.0,,22482.964386,2.0,126.0
86333.0,23.0,Male,4.0,7.5,5.397605346934028e-79,4.0,,18514.883991,2.0,133.0
86334.0,72.0,Male,3.0,8.5,3.0,5.397605346934028e-79,,18262.647572,2.0,130.0
86335.0,60.0,Male,3.0,8.5,2.0,1.0,,8037.980511,1.0,124.0
86336.0,62.0,Female,11.0,7.5,3.0,8.0,,33815.795957,1.0,131.0
86338.0,55.0,Male,8.0,9.0,5.397605346934028e-79,8.0,60.0,16604.281793,1.0,121.0
86339.0,80.0,Female,12.0,9.0,4.0,8.0,,27526.278036,2.0,122.0
86342.0,31.0,Male,2.0,6.5,2.0,5.397605346934028e-79,,29890.378965,2.0,126.0
86343.0,54.0,Male,1.0,7.0,1.0,5.397605346934028e-79,,16598.29782,2.0,129.0
86347.0,54.0,Male,11.0,7.0,3.0,8.0,,29622.780837,2.0,132.0
86348.0,35.0,Male,4.0,7.0,2.0,2.0,,26465.403227,1.0,129.0
86349.0,71.0,Male,9.0,6.5,1.0,8.0,,19359.586207,1.0,129.0
86350.0,49.0,Female,4.0,6.5,2.0,2.0,,34976.454459,2.0,127.0
86351.0,53.0,Male,2.0,7.0,2.0,5.397605346934028e-79,,99287.934073,1.0,131.0
86352.0,31.0,Female,2.0,5.0,1.0,1.0,,23544.538428,2.0,129.0
86354.0,37.0,Male,5.0,7.0,4.0,1.0,,26055.544114,1.0,120.0
86356.0,49.0,Female,9.0,7.0,1.0,8.0,,16341.919117,1.0,133.0
86357.0,75.0,Female,8.0,8.0,8.0,5.397605346934028e-79,,10475.60658,2.0,125.0
86358.0,62.0,Female,4.0,6.0,2.0,2.0,,157119.706349,1.0,120.0
86359.0,37.0,Male,5.0,9.0,5.0,5.397605346934028e-79,,102178.453475,1.0,130.0
86360.0,50.0,Male,8.0,10.0,5.397605346934028e-79,8.0,15.0,25450.100098,1.0,125.0
86361.0,76.0,Female,6.0,7.5,3.0,3.0,,58731.531751,1.0,130.0
86362.0,58.0,Male,13.0,9.0,5.0,8.0,,30079.200754,1.0,122.0
86364.0,42.0,Female,1.0,8.0,1.0,5.397605346934028e-79,,119923.095435,1.0,122.0
86365.0,68.0,Male,16.0,10.0,8.0,8.0,30.0,9267.012544,1.0,121.0
86366.0,53.0,Female,8.0,6.5,4.0,4.0,,171732.581851,2.0,127.0
86367.0,48.0,Male,8.0,8.0,5.397605346934028e-79,8.0,60.0,31180.627671,1.0,130.0
86368.0,52.0,Male,3.0,6.0,3.0,5.397605346934028e-79,,28717.277878,1.0,129.0
86372.0,39.0,Female,1.0,5.5,1.0,5.397605346934028e-79,,28102.253371,2.0,129.0
86377.0,76.0,Female,3.0,8.5,3.0,5.397605346934028e-79,,99979.391993,2.0,120.0
86379.0,42.0,Male,10.0,8.0,5.0,5.0,,27765.51651,1.0,125.0
86383.0,78.0,Female,11.0,9.0,3.0,8.0,,11232.633659,1.0,133.0
86384.0,37.0,Female,8.0,6.0,5.397605346934028e-79,8.0,,53558.805067,2.0,130.0
86386.0,72.0,Male,3.0,8.5,2.0,1.0,,8456.879105,1.0,124.0
86393.0,45.0,Male,4.0,7.0,2.0,2.0,,15234.229744,2.0,129.0
86394.0,38.0,Male,9.0,7.0,1.0,8.0,,29673.848195,1.0,127.0
86395.0,36.0,Female,5.0,7.0,5.0,5.397605346934028e-79,,56143.431819,1.0,120.0
86396.0,27.0,Male,3.0,9.0,5.397605346934028e-79,3.0,,32758.648814,1.0,120.0
86397.0,28.0,Female,1.0795210693868056e-78,8.5,5.397605346934028e-79,5.397605346934028e-79,,23567.386917,1.0,120.0
86399.0,35.0,Female,4.0,8.5,4.0,5.397605346934028e-79,,17037.191893,2.0,130.0
86400.0,62.0,Female,9.0,8.0,1.0,8.0,,9223.528226,1.0,128.0
86401.0,53.0,Male,6.0,9.5,3.0,3.0,,28081.610342,1.0,126.0
86402.0,19.0,Male,13.0,8.0,8.0,5.0,,13566.18221,2.0,122.0
86404.0,80.0,Male,7.0,8.0,5.0,2.0,,14856.89084,2.0,126.0
86405.0,80.0,Male,7.0,8.0,5.0,2.0,,14340.523275,1.0,125.0
86406.0,80.0,Male,11.0,9.0,3.0,8.0,,36357.675929,1.0,119.0
86409.0,21.0,Female,5.0,7.0,1.0,4.0,,28307.578582,1.0,124.0
86410.0,16.0,Male,2.0,8.0,2.0,5.397605346934028e-79,,13149.569579,2.0,131.0
86413.0,44.0,Female,1.0795210693868056e-78,7.5,5.397605346934028e-79,5.397605346934028e-79,,121496.52817,2.0,120.0
86415.0,21.0,Female,3.0,7.0,3.0,5.397605346934028e-79,,83460.922658,2.0,123.0
86416.0,51.0,Female,13.0,4.0,5.0,8.0,,44522.073852,2.0,125.0
86417.0,40.0,Male,3.0,6.5,2.0,1.0,,20770.955139,1.0,133.0
86418.0,57.0,Male,2.0,7.0,2.0,5.397605346934028e-79,,17607.214153,1.0,123.0
86420.0,80.0,Male,4.0,8.0,2.0,2.0,,17458.93465,1.0,130.0
86424.0,23.0,Male,16.0,8.0,8.0,8.0,,34504.294725,1.0,128.0
86425.0,25.0,Female,4.0,8.0,4.0,5.397605346934028e-79,,27521.266974,1.0,128.0
86426.0,75.0,Female,11.0,6.0,3.0,8.0,,24294.258781,1.0,129.0
86428.0,39.0,Male,2.0,8.0,1.0,1.0,,33497.493011,1.0,126.0
86430.0,66.0,Male,4.0,9.5,4.0,5.397605346934028e-79,,10239.964119,1.0,127.0
86432.0,80.0,Male,13.0,11.0,5.0,8.0,,17927.006654,2.0,128.0
86433.0,78.0,Male,3.0,9.5,2.0,1.0,,79560.899251,2.0,131.0
86435.0,72.0,Male,8.0,7.5,5.397605346934028e-79,8.0,,11344.197645,1.0,121.0
86436.0,30.0,Female,2.0,8.0,1.0,1.0,,54739.949819,1.0,126.0
86439.0,67.0,Male,12.0,10.5,4.0,8.0,,12207.075185,1.0,126.0
86441.0,50.0,Female,1.0,6.0,1.0,5.397605346934028e-79,,25154.477913,2.0,122.0
86443.0,59.0,Male,6.0,6.0,2.0,4.0,,122869.397649,2.0,123.0
86444.0,44.0,Male,1.0,8.0,1.0,5.397605346934028e-79,,21346.59652,2.0,124.0
86445.0,51.0,Male,7.0,7.0,2.0,5.0,,15676.170163,2.0,129.0
86446.0,51.0,Female,7.0,8.0,2.0,5.0,,169653.762617,2.0,121.0
86447.0,22.0,Female,8.0,10.0,5.0,3.0,,68049.288397,2.0,131.0
86450.0,77.0,Male,11.0,7.5,3.0,8.0,,9714.7824,1.0,133.0
86451.0,63.0,Male,5.0,5.0,5.0,5.397605346934028e-79,,6857.420201,1.0,124.0
86452.0,45.0,Male,10.0,7.5,2.0,8.0,,22974.896483,2.0,129.0
86453.0,36.0,Female,10.0,5.5,8.0,2.0,,26136.514459,2.0,130.0
86454.0,64.0,Male,5.0,7.0,3.0,2.0,,7433.93746,1.0,120.0
86456.0,36.0,Female,3.0,7.5,3.0,5.397605346934028e-79,,30777.317538,2.0,128.0
86458.0,44.0,Female,1.0795210693868056e-78,7.0,5.397605346934028e-79,5.397605346934028e-79,,39300.188564,1.0,132.0
86459.0,50.0,Female,2.0,8.0,2.0,5.397605346934028e-79,,18990.327162,1.0,127.0
86460.0,37.0,Female,3.0,7.5,2.0,1.0,,62553.923968,1.0,130.0
86461.0,31.0,Female,8.0,5.0,5.397605346934028e-79,8.0,,23928.976208,1.0,127.0
86463.0,66.0,Male,1.0,6.0,1.0,5.397605346934028e-79,,5.397605346934028e-79,1.0,123.0
86465.0,16.0,Male,6.0,9.0,3.0,3.0,,18432.834251,1.0,120.0
86467.0,23.0,Female,3.0,7.0,3.0,5.397605346934028e-79,,29654.279519,1.0,123.0
86468.0,79.0,Female,,9.0,,5.397605346934028e-79,,23140.097228,1.0,119.0
86472.0,30.0,Female,2.0,8.0,2.0,5.397605346934028e-79,,104496.113097,2.0,120.0
86473.0,62.0,Female,11.0,10.5,3.0,8.0,,10050.033571,1.0,128.0
86474.0,76.0,Male,9.0,8.0,1.0,8.0,,11988.966817,2.0,127.0
86476.0,18.0,Female,1.0,7.0,5.397605346934028e-79,1.0,,15966.218149,2.0,120.0
86477.0,80.0,Female,4.0,9.0,4.0,5.397605346934028e-79,,42402.720943,2.0,131.0
86479.0,21.0,Female,2.0,9.0,1.0,1.0,,52020.564576,2.0,132.0
86480.0,65.0,Male,4.0,8.0,2.0,2.0,,8017.821555,1.0,124.0
86482.0,46.0,Female,6.0,8.5,5.0,1.0,,27144.101745,2.0,132.0
86483.0,22.0,Male,8.0,5.0,3.0,5.0,,16119.531221,1.0,133.0
86485.0,69.0,Female,4.0,4.0,3.0,1.0,,20528.270169,2.0,132.0
86487.0,43.0,Male,2.0,8.0,1.0,1.0,,36096.616155,2.0,123.0
86490.0,31.0,Female,5.0,9.0,5.0,5.397605346934028e-79,,114824.728729,2.0,125.0
86491.0,20.0,Male,10.0,9.5,5.0,5.0,,5.397605346934028e-79,1.0,119.0
86492.0,17.0,Female,12.0,8.0,4.0,8.0,,14803.394942,1.0,126.0
86493.0,44.0,Female,11.0,7.5,8.0,3.0,,48461.700126,2.0,124.0
86494.0,80.0,Female,6.0,7.5,4.0,2.0,,38585.540279,1.0,131.0
86495.0,68.0,Female,4.0,8.0,4.0,5.397605346934028e-79,,18846.775207,2.0,128.0
86496.0,52.0,Female,13.0,7.0,5.0,8.0,,23886.931687,2.0,128.0
86498.0,73.0,Female,5.0,4.0,4.0,1.0,,11109.785774,1.0,121.0
86499.0,19.0,Male,7.0,7.0,2.0,5.0,,16047.359835,1.0,126.0
86500.0,60.0,Male,10.0,7.5,2.0,8.0,,14068.051801,2.0,133.0
86505.0,64.0,Male,9.0,7.5,1.0,8.0,,11279.560958,2.0,126.0
86506.0,24.0,Male,16.0,12.0,8.0,8.0,,92969.945651,1.0,125.0
86507.0,30.0,Male,1.0795210693868056e-78,7.0,5.397605346934028e-79,5.397605346934028e-79,,28885.673062,2.0,132.0
86510.0,36.0,Female,3.0,10.0,2.0,1.0,,34495.753633,1.0,129.0
86511.0,16.0,Female,10.0,8.5,2.0,8.0,,17820.809336,1.0,121.0
86512.0,59.0,Male,4.0,6.5,2.0,2.0,,174545.304197,2.0,120.0
86513.0,26.0,Female,5.0,11.5,1.0,4.0,60.0,5.397605346934028e-79,1.0,119.0
86514.0,44.0,Male,1.0,8.5,1.0,5.397605346934028e-79,,48264.844812,1.0,120.0
86515.0,61.0,Male,8.0,9.0,5.397605346934028e-79,8.0,,7244.450286,1.0,121.0
86516.0,71.0,Male,8.0,6.5,4.0,4.0,,92955.350931,2.0,123.0
86517.0,25.0,Male,1.0,6.5,1.0,5.397605346934028e-79,,35473.822381,1.0,128.0
86518.0,26.0,Male,4.0,7.5,2.0,2.0,,27757.33553,2.0,125.0
86519.0,71.0,Female,5.0,8.0,3.0,2.0,,22021.022429,2.0,122.0
86520.0,39.0,Female,2.0,8.0,2.0,5.397605346934028e-79,,150234.201593,2.0,127.0
86521.0,50.0,Male,10.0,5.5,2.0,8.0,,16604.281793,1.0,121.0
86522.0,57.0,Female,10.0,10.5,2.0,8.0,,47772.929376,2.0,130.0
86524.0,21.0,Female,9.0,10.0,1.0,8.0,,23323.040405,1.0,121.0
86525.0,68.0,Male,1.0795210693868056e-78,3.0,5.397605346934028e-79,5.397605346934028e-79,,10619.793851,1.0,124.0
86526.0,32.0,Male,13.0,6.0,5.0,8.0,,35018.847822,1.0,132.0
86528.0,37.0,Female,9.0,7.5,1.0,8.0,60.0,24546.678148,2.0,131.0
86529.0,17.0,Male,2.0,8.5,1.0,1.0,,29930.719232,2.0,123.0
86530.0,58.0,Female,3.0,8.0,3.0,5.397605346934028e-79,,62254.26943,2.0,131.0
86532.0,19.0,Female,10.0,8.0,5.0,5.0,,13328.286973,1.0,133.0
86534.0,43.0,Female,4.0,6.0,3.0,1.0,,26242.048832,1.0,129.0
86536.0,17.0,Female,8.0,8.0,5.0,3.0,,27474.094636,1.0,128.0
86537.0,80.0,Female,6.0,7.0,4.0,2.0,,33453.677493,2.0,126.0
86539.0,19.0,Female,1.0795210693868056e-78,9.0,5.397605346934028e-79,5.397605346934028e-79,,71221.520715,2.0,120.0
86540.0,43.0,Male,8.0,4.0,5.397605346934028e-79,8.0,60.0,30457.17899,1.0,125.0
86541.0,18.0,Male,4.0,4.5,2.0,2.0,,14421.754617,1.0,132.0
86542.0,64.0,Male,3.0,8.5,3.0,5.397605346934028e-79,,159320.211317,2.0,123.0
86544.0,46.0,Female,6.0,11.0,4.0,2.0,,25934.081976,1.0,119.0
86546.0,69.0,Male,4.0,9.0,4.0,5.397605346934028e-79,,151692.869453,2.0,125.0
86548.0,69.0,Male,11.0,7.0,3.0,8.0,,42412.560836,1.0,119.0
86549.0,44.0,Male,11.0,10.5,3.0,8.0,,5.397605346934028e-79,2.0,132.0
86551.0,25.0,Male,5.0,8.0,3.0,2.0,,24563.983389,2.0,132.0
86552.0,37.0,Female,11.0,8.5,3.0,8.0,,54920.180587,1.0,121.0
86553.0,35.0,Male,16.0,6.0,8.0,8.0,,34156.09028,1.0,122.0
86555.0,33.0,Male,,5.0,,5.0,,27308.211931,2.0,133.0
86556.0,31.0,Female,9.0,7.0,1.0,8.0,,31188.429608,2.0,131.0
86557.0,52.0,Female,1.0795210693868056e-78,10.0,5.397605346934028e-79,5.397605346934028e-79,,19471.736929,1.0,120.0
86558.0,60.0,Male,3.0,6.0,2.0,1.0,,10654.773012,2.0,119.0
86560.0,24.0,Male,12.0,7.0,4.0,8.0,,31666.693853,1.0,120.0
86563.0,58.0,Male,1.0795210693868056e-78,8.0,5.397605346934028e-79,5.397605346934028e-79,,29122.019625,2.0,131.0
86564.0,64.0,Male,5.0,7.5,4.0,1.0,,16147.1357,1.0,132.0
86565.0,66.0,Male,5.0,9.0,4.0,1.0,,43696.419262,2.0,130.0
86566.0,40.0,Female,4.0,7.0,4.0,5.397605346934028e-79,,18329.700433,1.0,123.0
86567.0,80.0,Female,2.0,8.0,2.0,5.397605346934028e-79,,37812.828755,1.0,125.0
86568.0,46.0,Female,3.0,7.0,1.0,2.0,,87386.780755,1.0,130.0
86569.0,23.0,Male,5.0,8.5,3.0,2.0,,39138.951576,2.0,121.0
86572.0,40.0,Female,6.0,9.0,2.0,4.0,,20783.109641,1.0,129.0
86573.0,65.0,Male,5.0,7.0,2.0,3.0,,21175.810319,2.0,122.0
86574.0,30.0,Male,5.0,8.0,5.397605346934028e-79,5.0,,97424.807282,2.0,131.0
86575.0,27.0,Male,9.0,7.5,1.0,8.0,,62392.773979,2.0,124.0
86579.0,47.0,Male,1.0,9.0,1.0,5.397605346934028e-79,,163654.139657,2.0,121.0
86580.0,59.0,Male,13.0,4.0,5.0,8.0,,177064.054262,1.0,121.0
86581.0,65.0,Male,3.0,7.5,3.0,5.397605346934028e-79,,143888.046693,2.0,124.0
86583.0,70.0,Male,10.0,9.0,2.0,8.0,,13653.854704,2.0,129.0
86584.0,52.0,Female,4.0,7.0,3.0,1.0,,26172.194574,1.0,123.0
86586.0,28.0,Female,4.0,8.0,3.0,1.0,,17022.592123,2.0,133.0
86588.0,65.0,Male,9.0,8.5,1.0,8.0,,8308.602404,1.0,133.0
86590.0,42.0,Female,5.0,8.5,5.0,5.397605346934028e-79,,29191.636248,1.0,122.0
86591.0,53.0,Male,2.0,6.5,2.0,5.397605346934028e-79,,24267.805187,1.0,127.0
86592.0,28.0,Male,1.0,7.5,1.0,5.397605346934028e-79,,27825.892761,2.0,131.0
86594.0,38.0,Male,11.0,8.0,3.0,8.0,,5.397605346934028e-79,1.0,128.0
86597.0,69.0,Male,4.0,9.0,2.0,2.0,,40645.858235,1.0,121.0
86598.0,25.0,Male,16.0,8.0,8.0,8.0,,110117.751214,2.0,123.0
86599.0,27.0,Male,9.0,7.0,8.0,1.0,,81921.13992,2.0,132.0
86600.0,25.0,Female,6.0,8.0,2.0,4.0,,62038.444519,2.0,130.0
86601.0,23.0,Male,8.0,8.0,5.397605346934028e-79,8.0,,35764.682444,1.0,124.0
86603.0,53.0,Female,2.0,9.0,1.0,1.0,,5.397605346934028e-79,1.0,123.0
86604.0,80.0,Male,13.0,7.5,5.0,8.0,,47527.991572,1.0,125.0
86606.0,50.0,Female,1.0,8.0,1.0,5.397605346934028e-79,,167975.744836,1.0,127.0
86607.0,30.0,Female,9.0,4.0,8.0,1.0,,34883.587268,1.0,132.0
86609.0,33.0,Male,13.0,5.0,5.0,8.0,,24053.07522,2.0,131.0
86610.0,52.0,Female,11.0,7.0,3.0,8.0,,19355.327344,1.0,128.0
86611.0,28.0,Female,3.0,5.0,2.0,1.0,,39379.822864,2.0,123.0
86613.0,38.0,Female,16.0,8.0,8.0,8.0,,72554.876065,2.0,123.0
86614.0,55.0,Male,1.0,6.5,1.0,5.397605346934028e-79,,17795.507643,2.0,133.0
86617.0,39.0,Male,8.0,7.0,5.397605346934028e-79,8.0,60.0,25463.372657,1.0,120.0
86618.0,34.0,Female,4.0,8.0,2.0,2.0,,27364.376236,2.0,127.0
86620.0,58.0,Male,12.0,8.0,4.0,8.0,,46089.682742,1.0,128.0
86621.0,48.0,Male,13.0,12.0,5.0,8.0,,40904.267255,1.0,130.0
86623.0,55.0,Male,3.0,7.0,3.0,5.397605346934028e-79,,5.397605346934028e-79,1.0,126.0
86624.0,51.0,Male,1.0795210693868056e-78,7.0,5.397605346934028e-79,5.397605346934028e-79,,136593.711328,2.0,131.0
86626.0,41.0,Female,6.0,8.0,2.0,4.0,,19598.546281,2.0,119.0
86627.0,68.0,Female,5.0,7.5,5.0,5.397605346934028e-79,,16380.582708,1.0,125.0
86628.0,80.0,Female,3.0,13.0,3.0,5.397605346934028e-79,,16018.196896,1.0,124.0
86629.0,23.0,Female,2.0,8.0,1.0,1.0,,109037.684638,2.0,122.0
86630.0,35.0,Male,10.0,5.0,2.0,8.0,,5.397605346934028e-79,2.0,131.0
86632.0,24.0,Female,7.0,10.0,5.0,2.0,,27046.920272,2.0,131.0
86633.0,62.0,Female,7.0,8.0,4.0,3.0,,40494.826023,2.0,126.0
86636.0,18.0,Male,5.0,,2.0,3.0,,23560.488116,1.0,128.0
86637.0,40.0,Female,4.0,8.0,3.0,1.0,,24357.35114,1.0,123.0
86638.0,39.0,Male,10.0,8.0,2.0,8.0,,24952.57168,1.0,125.0
86639.0,46.0,Female,3.0,8.5,2.0,1.0,,16044.022252,1.0,133.0
86640.0,59.0,Male,2.0,6.5,2.0,5.397605346934028e-79,,25282.425927,1.0,125.0
86641.0,59.0,Female,5.0,10.0,5.0,5.397605346934028e-79,,122097.71529,1.0,125.0
86644.0,80.0,Male,8.0,7.5,5.397605346934028e-79,8.0,,13255.61071,1.0,131.0
86645.0,45.0,Female,1.0,9.0,1.0,5.397605346934028e-79,,32333.786303,2.0,132.0
86646.0,80.0,Male,6.0,9.0,3.0,3.0,,19345.205651,2.0,122.0
86648.0,16.0,Male,6.0,7.5,3.0,3.0,,21543.817299,1.0,132.0
86649.0,32.0,Female,2.0,7.0,2.0,5.397605346934028e-79,,25509.061817,1.0,128.0
86650.0,78.0,Female,4.0,8.0,4.0,5.397605346934028e-79,,17205.497032,1.0,124.0
86652.0,59.0,Male,12.0,6.0,4.0,8.0,,24661.077499,1.0,121.0
86654.0,16.0,Male,7.0,9.0,3.0,4.0,,85927.328985,1.0,130.0
86655.0,54.0,Male,1.0795210693868056e-78,10.0,5.397605346934028e-79,5.397605346934028e-79,,35880.833947,1.0,130.0
86656.0,71.0,Male,,12.0,,8.0,,8276.633696,1.0,120.0
86657.0,67.0,Male,13.0,8.5,5.0,8.0,,9723.062403,2.0,126.0
86658.0,26.0,Male,8.0,8.0,5.0,3.0,,26891.368357,2.0,133.0
86660.0,17.0,Female,11.0,11.0,3.0,8.0,,77127.919267,1.0,121.0
86661.0,62.0,Male,9.0,7.5,1.0,8.0,,8138.390301,1.0,124.0
86662.0,70.0,Male,11.0,7.0,3.0,8.0,,14952.783786,2.0,125.0
86663.0,40.0,Male,12.0,10.0,4.0,8.0,,44090.477508,1.0,128.0
86664.0,69.0,Male,13.0,9.0,5.0,8.0,,11205.705985,2.0,131.0
86665.0,68.0,Female,10.0,7.0,2.0,8.0,,20903.740118,2.0,120.0
86666.0,18.0,Female,10.0,5.5,5.0,5.0,,14828.730796,2.0,126.0
86667.0,63.0,Female,10.0,7.0,2.0,8.0,,22303.666233,2.0,122.0
86668.0,37.0,Male,7.0,10.0,5.0,2.0,,24648.417714,2.0,119.0
86669.0,76.0,Male,6.0,8.0,5.0,1.0,,20072.654106,2.0,132.0
86670.0,25.0,Female,16.0,9.0,8.0,8.0,,31859.122926,2.0,121.0
86671.0,25.0,Male,2.0,9.0,2.0,5.397605346934028e-79,,58353.772962,1.0,122.0
86672.0,17.0,Female,4.0,7.0,1.0,3.0,,22312.370231,2.0,131.0
86674.0,62.0,Male,6.0,7.0,5.0,1.0,,152464.910161,2.0,121.0
86675.0,62.0,Female,10.0,5.0,2.0,8.0,,6150.352756,1.0,124.0
86676.0,43.0,Male,9.0,6.0,1.0,8.0,,38208.126548,1.0,133.0
86677.0,24.0,Male,8.0,8.0,5.0,3.0,,106919.563742,2.0,132.0
86679.0,23.0,Male,4.0,7.0,2.0,2.0,,41452.688427,1.0,131.0
86681.0,44.0,Female,1.0795210693868056e-78,8.0,5.397605346934028e-79,5.397605346934028e-79,,14967.065726,1.0,131.0
86683.0,44.0,Male,8.0,13.0,5.397605346934028e-79,8.0,,5.397605346934028e-79,1.0,124.0
86685.0,63.0,Male,13.0,11.0,5.0,8.0,,23242.602355,1.0,129.0
86686.0,37.0,Female,3.0,8.0,2.0,1.0,,36876.685959,1.0,132.0
86687.0,53.0,Female,5.0,7.5,3.0,2.0,,24071.620667,2.0,128.0
86689.0,30.0,Female,6.0,8.5,5.0,1.0,,19553.143082,1.0,125.0
86691.0,55.0,Male,4.0,6.5,3.0,1.0,,99287.934073,1.0,131.0
86692.0,80.0,Male,13.0,12.0,5.0,8.0,,14340.523275,1.0,125.0
86695.0,75.0,Female,11.0,7.0,3.0,8.0,,23400.145838,2.0,132.0
86696.0,67.0,Female,10.0,10.5,2.0,8.0,,10308.753498,1.0,133.0
86697.0,42.0,Female,1.0,8.0,1.0,5.397605346934028e-79,60.0,19079.635179,2.0,131.0
86698.0,40.0,Female,9.0,7.5,1.0,8.0,,26888.597034,2.0,122.0
86699.0,71.0,Male,4.0,9.5,3.0,1.0,,54105.881387,2.0,127.0
86701.0,49.0,Male,4.0,7.5,1.0,3.0,,26125.66476,2.0,122.0
86703.0,59.0,Female,5.0,8.0,3.0,2.0,,37581.456972,1.0,125.0
86705.0,59.0,Female,9.0,7.5,1.0,8.0,,15525.331408,1.0,128.0
86706.0,79.0,Female,8.0,8.5,3.0,5.0,,59109.953569,2.0,127.0
86707.0,30.0,Female,10.0,6.0,2.0,8.0,,28305.23277,1.0,126.0
86709.0,17.0,Male,7.0,8.5,4.0,3.0,,15227.240813,1.0,121.0
86710.0,33.0,Male,8.0,7.0,3.0,5.0,,29627.834221,2.0,128.0
86712.0,64.0,Male,4.0,7.5,2.0,2.0,,23058.210023,2.0,128.0
86713.0,65.0,Male,6.0,6.0,5.0,1.0,,10648.861137,1.0,123.0
86715.0,50.0,Male,3.0,7.5,3.0,5.397605346934028e-79,,163383.500959,1.0,127.0
86717.0,62.0,Female,10.0,10.0,2.0,8.0,,49521.494035,2.0,123.0
86718.0,44.0,Male,4.0,9.0,3.0,1.0,,18472.819902,1.0,123.0
86719.0,62.0,Male,5.0,8.5,5.0,5.397605346934028e-79,,12394.616226,2.0,122.0
86720.0,34.0,Female,4.0,9.0,3.0,1.0,,32735.863591,2.0,121.0
86722.0,40.0,Female,2.0,8.0,2.0,5.397605346934028e-79,,16630.511569,2.0,129.0
86727.0,41.0,Male,1.0,8.0,1.0,5.397605346934028e-79,,37088.569832,2.0,120.0
86728.0,32.0,Female,16.0,10.0,8.0,8.0,,27636.170432,1.0,124.0
86729.0,17.0,Male,1.0795210693868056e-78,7.0,5.397605346934028e-79,5.397605346934028e-79,60.0,44891.135141,1.0,131.0
86730.0,78.0,Male,13.0,7.5,5.0,8.0,,12320.306534,1.0,131.0
86731.0,29.0,Male,16.0,5.0,8.0,8.0,,42336.257835,2.0,128.0
86732.0,69.0,Male,10.0,9.0,2.0,8.0,,9166.303624,2.0,123.0
86733.0,35.0,Male,16.0,6.5,8.0,8.0,,129937.592774,2.0,121.0
86736.0,45.0,Female,1.0,8.5,1.0,5.397605346934028e-79,,134925.145502,2.0,128.0
86737.0,50.0,Male,5.0,7.0,3.0,2.0,,26853.759413,1.0,127.0
86740.0,57.0,Male,6.0,6.0,5.0,1.0,,18478.27775,1.0,127.0
86741.0,77.0,Female,13.0,5.0,5.0,8.0,,16901.948131,2.0,131.0
86742.0,54.0,Male,4.0,8.5,3.0,1.0,,41422.287072,2.0,127.0
86744.0,25.0,Male,7.0,9.0,2.0,5.0,,28120.204108,2.0,132.0
86745.0,65.0,Male,12.0,6.0,4.0,8.0,,8138.390301,1.0,124.0
86746.0,53.0,Female,2.0,7.5,2.0,5.397605346934028e-79,,65357.234489,1.0,127.0
86747.0,47.0,Male,6.0,,5.0,1.0,,75446.186928,1.0,131.0
86748.0,63.0,Male,13.0,6.0,5.0,8.0,,13381.91364,2.0,130.0
86752.0,35.0,Female,1.0,9.5,1.0,5.397605346934028e-79,,52093.183012,1.0,130.0
86753.0,80.0,Female,5.0,9.5,3.0,2.0,,59519.397933,1.0,123.0
86754.0,18.0,Male,10.0,8.0,5.0,5.0,,15203.184724,1.0,125.0
86755.0,28.0,Male,1.0795210693868056e-78,9.0,5.397605346934028e-79,5.397605346934028e-79,,81921.13992,2.0,132.0
86756.0,61.0,Female,12.0,8.0,4.0,8.0,,155059.435632,1.0,125.0
86757.0,78.0,Male,13.0,11.0,5.0,8.0,,12097.230277,2.0,133.0
86759.0,60.0,Female,10.0,8.5,8.0,2.0,,21856.457726,2.0,133.0
86761.0,40.0,Female,2.0,9.5,1.0,1.0,,29395.039539,2.0,122.0
86764.0,19.0,Male,2.0,10.0,2.0,5.397605346934028e-79,,19529.339423,1.0,127.0
86767.0,19.0,Male,2.0,7.0,2.0,5.397605346934028e-79,,23291.010132,2.0,124.0
86771.0,18.0,Male,6.0,8.0,4.0,2.0,,14421.754617,1.0,132.0
86772.0,80.0,Male,5.0,9.5,5.0,5.397605346934028e-79,,13926.974567,2.0,132.0
86773.0,77.0,Female,13.0,8.0,5.0,8.0,,71938.239127,2.0,132.0
86774.0,43.0,Male,6.0,3.0,5.0,1.0,,24609.690858,1.0,121.0
86776.0,28.0,Female,4.0,10.0,4.0,5.397605346934028e-79,,23132.349141,1.0,120.0
86777.0,52.0,Male,4.0,6.0,2.0,2.0,,23427.639174,1.0,129.0
86778.0,40.0,Female,8.0,8.5,8.0,5.397605346934028e-79,,124796.368999,1.0,133.0
86781.0,18.0,Female,1.0795210693868056e-78,7.5,5.397605346934028e-79,5.397605346934028e-79,,15598.663589,2.0,131.0
86782.0,23.0,Female,1.0,8.0,5.397605346934028e-79,1.0,60.0,24269.216147,1.0,124.0
86784.0,64.0,Male,6.0,8.5,4.0,2.0,,21693.095531,1.0,129.0
86785.0,49.0,Female,10.0,8.5,2.0,8.0,,15868.043756,2.0,119.0
86787.0,60.0,Female,1.0,7.5,1.0,5.397605346934028e-79,,22739.627035,1.0,132.0
86790.0,29.0,Male,8.0,8.0,5.397605346934028e-79,8.0,,80819.112454,1.0,131.0
86791.0,80.0,Female,13.0,8.0,5.0,8.0,,70039.883591,1.0,133.0
86792.0,45.0,Male,7.0,7.0,2.0,5.0,,27004.611069,1.0,124.0
86793.0,16.0,Female,12.0,6.5,4.0,8.0,,17717.634774,1.0,129.0
86794.0,71.0,Male,11.0,5.0,3.0,8.0,,19497.665536,1.0,121.0
86795.0,35.0,Female,3.0,6.5,2.0,1.0,,24320.60008,2.0,132.0
86796.0,16.0,Female,1.0795210693868056e-78,8.0,5.397605346934028e-79,5.397605346934028e-79,,68960.536634,2.0,120.0
86798.0,19.0,Male,5.0,7.0,3.0,2.0,,55193.337294,1.0,126.0
86800.0,36.0,Female,4.0,9.0,3.0,1.0,,22891.261867,2.0,132.0
86801.0,30.0,Male,4.0,5.0,3.0,1.0,,25174.190262,1.0,124.0
86802.0,30.0,Female,6.0,7.0,5.0,1.0,,25133.718028,2.0,132.0
86805.0,31.0,Female,3.0,8.0,3.0,5.397605346934028e-79,,25990.795185,1.0,126.0
86806.0,64.0,Male,11.0,11.0,3.0,8.0,,11610.287034,2.0,132.0
86809.0,59.0,Male,8.0,7.0,5.0,3.0,,33073.953022,2.0,132.0
86810.0,36.0,Female,1.0,6.5,1.0,5.397605346934028e-79,,24013.05471,2.0,131.0
86812.0,64.0,Female,2.0,7.0,2.0,5.397605346934028e-79,,12680.585276,2.0,127.0
86814.0,72.0,Male,8.0,8.0,5.397605346934028e-79,8.0,,9033.441989,1.0,127.0
86815.0,33.0,Male,10.0,8.0,2.0,8.0,,26270.332704,1.0,120.0
86816.0,19.0,Male,6.0,8.0,1.0,5.0,,63295.080538,2.0,123.0
86817.0,60.0,Male,4.0,7.5,5.397605346934028e-79,4.0,,7086.432588,2.0,129.0
86818.0,16.0,Female,8.0,10.0,3.0,5.0,,16257.902061,2.0,126.0
86820.0,52.0,Male,1.0,7.5,1.0,5.397605346934028e-79,,16598.29782,2.0,129.0
86824.0,70.0,Male,5.0,8.0,3.0,2.0,,14871.653766,1.0,125.0
86826.0,80.0,Female,6.0,6.0,4.0,2.0,,17279.405297,2.0,121.0
86827.0,42.0,Female,16.0,8.0,8.0,8.0,,16659.845707,2.0,122.0
86829.0,37.0,Male,4.0,8.0,2.0,2.0,,104500.691054,1.0,130.0
86830.0,71.0,Female,11.0,8.5,3.0,8.0,,14280.6066,1.0,128.0
86831.0,70.0,Male,11.0,8.0,3.0,8.0,,10054.514758,1.0,121.0
86833.0,26.0,Female,5.0,9.0,2.0,3.0,,79311.287153,2.0,125.0
86837.0,57.0,Male,10.0,8.0,2.0,8.0,,27258.838143,1.0,131.0
86838.0,44.0,Female,1.0,6.5,1.0,5.397605346934028e-79,,68957.803257,1.0,131.0
86839.0,36.0,Female,1.0,7.5,1.0,5.397605346934028e-79,,5.397605346934028e-79,1.0,119.0
86841.0,23.0,Female,3.0,11.0,3.0,5.397605346934028e-79,,31428.978415,1.0,127.0
86842.0,32.0,Male,5.0,7.0,4.0,1.0,,31000.69768,1.0,128.0
86844.0,39.0,Male,11.0,7.0,3.0,8.0,,28488.769793,1.0,129.0
86847.0,55.0,Male,2.0,8.0,2.0,5.397605346934028e-79,,5.397605346934028e-79,1.0,123.0
86848.0,58.0,Male,10.0,8.0,5.0,5.0,,15053.981277,1.0,119.0
86855.0,39.0,Female,10.0,10.0,2.0,8.0,,22193.001088,1.0,119.0
86856.0,54.0,Male,10.0,6.5,2.0,8.0,,217279.28713,2.0,127.0
86858.0,20.0,Female,3.0,11.0,3.0,5.397605346934028e-79,,27895.323471,1.0,119.0
86859.0,79.0,Male,8.0,9.0,5.397605346934028e-79,8.0,,11659.570137,1.0,133.0
86863.0,24.0,Female,3.0,9.0,3.0,5.397605346934028e-79,,33083.135174,1.0,127.0
86864.0,48.0,Male,2.0,8.5,1.0,1.0,,20795.878195,2.0,132.0
86868.0,22.0,Female,1.0,7.0,1.0,5.397605346934028e-79,,28244.382858,2.0,129.0
86870.0,25.0,Male,10.0,9.0,5.0,5.0,,23897.562557,1.0,124.0
86871.0,73.0,Male,7.0,9.5,4.0,3.0,,15958.517489,2.0,131.0
86872.0,66.0,Female,11.0,7.0,3.0,8.0,,8073.657438,1.0,124.0
86875.0,66.0,Male,10.0,8.0,2.0,8.0,,10938.865652,1.0,128.0
86876.0,38.0,Female,2.0,6.5,2.0,5.397605346934028e-79,,19990.21419,2.0,128.0
86877.0,40.0,Male,3.0,7.0,2.0,1.0,,212283.399406,2.0,127.0
86878.0,79.0,Male,11.0,8.5,3.0,8.0,,81813.891889,2.0,129.0
86879.0,63.0,Female,2.0,8.0,2.0,5.397605346934028e-79,,7666.918971,1.0,124.0
86881.0,51.0,Male,11.0,8.5,3.0,8.0,,24177.595093,1.0,125.0
86882.0,41.0,Female,1.0795210693868056e-78,9.0,5.397605346934028e-79,5.397605346934028e-79,30.0,25001.310511,1.0,120.0
86883.0,51.0,Male,2.0,7.5,1.0,1.0,,22725.164197,1.0,119.0
86885.0,26.0,Male,3.0,8.5,1.0,2.0,,23365.954175,2.0,133.0
86886.0,52.0,Male,5.0,9.0,4.0,1.0,,27673.951279,1.0,132.0
86887.0,58.0,Male,10.0,6.0,2.0,8.0,,27216.157788,1.0,128.0
86888.0,24.0,Male,8.0,5.5,5.397605346934028e-79,8.0,,28120.204108,2.0,132.0
86889.0,47.0,Female,2.0,6.0,1.0,1.0,,118413.757617,1.0,131.0
86894.0,45.0,Male,2.0,8.0,2.0,5.397605346934028e-79,,31573.211024,1.0,121.0
86897.0,40.0,Male,3.0,5.0,3.0,5.397605346934028e-79,,17237.823588,2.0,133.0
86898.0,80.0,Female,6.0,10.0,4.0,2.0,,44366.0874,2.0,124.0
86899.0,22.0,Male,6.0,8.0,4.0,2.0,,29787.085354,1.0,129.0
86901.0,54.0,Female,16.0,5.0,8.0,8.0,60.0,23266.118031,2.0,121.0
86902.0,80.0,Male,13.0,9.0,5.0,8.0,,5.397605346934028e-79,2.0,130.0
86903.0,61.0,Female,13.0,7.0,5.0,8.0,,5.397605346934028e-79,2.0,132.0
86905.0,26.0,Female,6.0,6.0,3.0,3.0,,99560.162712,1.0,122.0
86906.0,33.0,Male,2.0,8.0,2.0,5.397605346934028e-79,,21532.830046,1.0,124.0
86908.0,41.0,Female,2.0,9.0,1.0,1.0,,33453.282244,1.0,127.0
86909.0,48.0,Male,10.0,7.5,2.0,8.0,,22351.653542,1.0,120.0
86910.0,38.0,Male,9.0,9.0,1.0,8.0,,26667.161121,2.0,132.0
86911.0,25.0,Male,5.0,6.5,5.0,5.397605346934028e-79,,117414.813344,1.0,133.0
86913.0,77.0,Male,10.0,8.0,2.0,8.0,,7160.599409,1.0,131.0
86916.0,74.0,Female,10.0,11.0,2.0,8.0,,15570.027902,1.0,128.0
86918.0,51.0,Female,3.0,7.0,1.0,2.0,,23771.81319,2.0,123.0
86920.0,27.0,Male,9.0,4.0,1.0,8.0,,62876.521458,2.0,125.0
86922.0,33.0,Female,1.0,8.0,1.0,5.397605346934028e-79,,24815.506602,2.0,121.0
86923.0,31.0,Female,1.0,9.0,5.397605346934028e-79,1.0,,17255.535624,1.0,133.0
86925.0,80.0,Male,13.0,6.0,5.0,8.0,,14340.523275,2.0,126.0
86927.0,69.0,Female,8.0,6.5,4.0,4.0,,115853.762752,2.0,131.0
86928.0,52.0,Male,13.0,9.0,5.0,8.0,,26085.880677,2.0,126.0
86929.0,52.0,Male,2.0,8.0,1.0,1.0,,84327.415359,2.0,133.0
86930.0,46.0,Male,13.0,7.0,5.0,8.0,,5.397605346934028e-79,1.0,124.0
86931.0,80.0,Female,11.0,11.0,3.0,8.0,,61138.654476,2.0,125.0
86932.0,59.0,Male,1.0,8.0,1.0,5.397605346934028e-79,,16971.497254,1.0,127.0
86933.0,30.0,Female,9.0,10.0,1.0,8.0,,29340.440054,1.0,132.0
86934.0,29.0,Male,5.0,8.0,3.0,2.0,,30380.707215,1.0,133.0
86937.0,17.0,Male,8.0,8.5,8.0,5.397605346934028e-79,,51157.519073,2.0,123.0
86939.0,35.0,Male,12.0,7.5,4.0,8.0,,23112.590182,1.0,123.0
86940.0,64.0,Male,13.0,9.5,5.0,8.0,,16710.971277,1.0,119.0
86941.0,45.0,Female,9.0,6.5,1.0,8.0,60.0,15512.543724,1.0,119.0
86942.0,50.0,Male,13.0,4.0,5.0,8.0,,21638.820553,2.0,130.0
86947.0,30.0,Male,1.0,8.0,5.397605346934028e-79,1.0,,20385.047704,2.0,121.0
86949.0,77.0,Male,5.0,9.5,5.0,5.397605346934028e-79,,54105.881387,1.0,131.0
86950.0,80.0,Female,12.0,9.0,4.0,8.0,,39988.650835,2.0,132.0
86952.0,80.0,Female,3.0,8.5,3.0,5.397605346934028e-79,,46526.608193,2.0,130.0
86955.0,74.0,Female,13.0,6.5,5.0,8.0,,22398.173063,2.0,133.0
86958.0,17.0,Male,7.0,7.5,2.0,5.0,,28956.317937,1.0,125.0
86959.0,36.0,Female,2.0,7.0,2.0,5.397605346934028e-79,,23332.613549,1.0,133.0
86960.0,22.0,Female,4.0,8.5,2.0,2.0,,101386.762016,2.0,127.0
86961.0,25.0,Female,2.0,9.0,1.0,1.0,,91865.81877,1.0,119.0
86965.0,80.0,Male,13.0,7.0,5.0,8.0,,8601.674243,1.0,127.0
86966.0,80.0,Female,6.0,7.5,4.0,2.0,,39574.913107,1.0,131.0
86967.0,51.0,Female,2.0,8.0,2.0,5.397605346934028e-79,,18673.848624,2.0,126.0
86968.0,25.0,Female,5.0,5.5,3.0,2.0,,37185.555869,1.0,126.0
86969.0,41.0,Male,2.0,9.0,2.0,5.397605346934028e-79,,131206.909847,1.0,122.0
86970.0,20.0,Male,6.0,9.0,1.0,5.0,,27495.393263,2.0,119.0
86971.0,24.0,Male,10.0,8.0,2.0,8.0,,122588.542534,2.0,125.0
86972.0,42.0,Female,2.0,6.0,1.0,1.0,60.0,43230.207421,1.0,132.0
86974.0,47.0,Male,1.0,7.5,1.0,5.397605346934028e-79,,36303.854404,1.0,120.0
86977.0,29.0,Female,9.0,9.5,1.0,8.0,,23279.831652,1.0,124.0
86978.0,16.0,Female,10.0,5.0,5.0,5.0,,16834.161884,2.0,133.0
86980.0,54.0,Male,7.0,6.0,5.0,2.0,,14831.533689,1.0,133.0
86981.0,27.0,Female,6.0,8.0,2.0,4.0,,72823.097238,2.0,121.0
86982.0,66.0,Male,6.0,6.0,5.0,1.0,,12740.367888,2.0,127.0
86983.0,34.0,Male,6.0,9.0,3.0,3.0,,34540.455169,1.0,119.0
86985.0,34.0,Male,5.0,,1.0,4.0,,31488.758817,2.0,130.0
86986.0,26.0,Male,10.0,8.0,2.0,8.0,,31390.494252,1.0,122.0
86987.0,76.0,Male,11.0,8.5,3.0,8.0,,19775.322627,1.0,126.0
86988.0,19.0,Male,13.0,6.0,5.0,8.0,,51157.519073,2.0,123.0
86989.0,44.0,Male,10.0,7.5,2.0,8.0,,13795.47539,2.0,122.0
86990.0,35.0,Female,1.0795210693868056e-78,7.5,5.397605346934028e-79,5.397605346934028e-79,,97642.423131,1.0,130.0
86991.0,76.0,Female,7.0,8.0,5.0,2.0,,68594.48719,1.0,122.0
86992.0,23.0,Male,1.0795210693868056e-78,7.0,5.397605346934028e-79,5.397605346934028e-79,,168621.302955,2.0,122.0
86994.0,70.0,Male,1.0,9.0,5.397605346934028e-79,1.0,60.0,9188.859227,1.0,124.0
86996.0,41.0,Female,6.0,7.0,1.0,5.0,,26153.784071,1.0,122.0
86997.0,51.0,Male,4.0,8.0,3.0,1.0,,5.397605346934028e-79,1.0,124.0
86998.0,64.0,Male,5.0,6.0,3.0,2.0,,11906.711113,2.0,131.0
86999.0,76.0,Male,5.0,8.0,4.0,1.0,,13279.208082,2.0,119.0
87000.0,64.0,Female,5.0,7.0,3.0,2.0,,208653.033,2.0,127.0
87003.0,53.0,Male,3.0,7.0,2.0,1.0,,146556.656911,2.0,129.0
87004.0,37.0,Male,6.0,7.0,2.0,4.0,,41585.689889,1.0,121.0
87005.0,31.0,Female,10.0,8.0,2.0,8.0,,24655.749474,1.0,122.0
87007.0,45.0,Female,5.0,6.5,2.0,3.0,,117608.971956,1.0,130.0
87008.0,63.0,Male,4.0,7.0,3.0,1.0,,12934.88357,2.0,123.0
87010.0,61.0,Female,13.0,7.0,5.0,8.0,,39119.544805,1.0,119.0
87014.0,79.0,Female,5.0,8.0,5.0,5.397605346934028e-79,,39440.479477,1.0,131.0
87016.0,53.0,Female,10.0,9.0,2.0,8.0,,15635.201306,2.0,132.0
87018.0,49.0,Female,2.0,6.0,2.0,5.397605346934028e-79,,20921.086048,1.0,124.0
87019.0,80.0,Male,13.0,7.5,5.0,8.0,,5.397605346934028e-79,2.0,131.0
87021.0,58.0,Male,6.0,5.0,3.0,3.0,,40290.68882,2.0,132.0
87024.0,80.0,Female,10.0,7.5,2.0,8.0,,5.397605346934028e-79,2.0,120.0
87026.0,21.0,Female,7.0,8.0,4.0,3.0,,29136.324073,1.0,127.0
87028.0,27.0,Female,5.0,6.0,5.397605346934028e-79,5.0,,34132.254634,1.0,132.0
87030.0,36.0,Female,9.0,9.0,8.0,1.0,,141771.983178,1.0,130.0
87031.0,48.0,Female,3.0,8.0,1.0,2.0,,84721.078466,1.0,122.0
87032.0,75.0,Male,7.0,4.0,5.0,2.0,,76016.583843,1.0,125.0
87034.0,16.0,Male,5.0,8.5,2.0,3.0,,13721.289995,2.0,131.0
87035.0,29.0,Male,6.0,9.0,3.0,3.0,,32403.128594,1.0,120.0
87036.0,22.0,Male,1.0795210693868056e-78,4.5,5.397605346934028e-79,5.397605346934028e-79,,19271.986298,2.0,128.0
87039.0,37.0,Female,1.0795210693868056e-78,10.0,5.397605346934028e-79,5.397605346934028e-79,,17188.955618,2.0,133.0
87042.0,17.0,Male,8.0,9.0,5.0,3.0,,21115.999799,1.0,126.0
87043.0,17.0,Male,2.0,8.0,2.0,5.397605346934028e-79,,16379.226873,2.0,131.0
87044.0,32.0,Female,3.0,6.0,2.0,1.0,,17403.667312,2.0,133.0
87046.0,32.0,Female,9.0,7.0,1.0,8.0,,116612.99233,1.0,122.0
87048.0,69.0,Male,5.0,8.0,5.0,5.397605346934028e-79,,32906.072961,1.0,130.0
87049.0,62.0,Female,6.0,11.0,5.0,1.0,,25818.630477,2.0,130.0
87050.0,46.0,Female,11.0,8.5,3.0,8.0,,22686.741131,1.0,129.0
87051.0,36.0,Male,4.0,9.0,2.0,2.0,,26545.556862,1.0,120.0
87052.0,80.0,Female,,5.5,,,,20679.207978,1.0,133.0
87053.0,34.0,Female,16.0,8.0,8.0,8.0,,24406.188945,1.0,120.0
87055.0,80.0,Male,13.0,8.5,5.0,8.0,,28701.27632,1.0,131.0
87056.0,18.0,Female,9.0,6.0,4.0,5.0,,12074.718356,2.0,126.0
87061.0,80.0,Male,1.0,8.5,1.0,5.397605346934028e-79,,10722.692186,1.0,127.0
87063.0,18.0,Male,2.0,10.0,2.0,5.397605346934028e-79,,18013.9062,1.0,121.0
87064.0,64.0,Male,9.0,5.0,1.0,8.0,,7274.610887,1.0,119.0
87066.0,28.0,Female,8.0,10.5,5.397605346934028e-79,8.0,,19411.734658,1.0,130.0
87067.0,79.0,Female,5.0,7.5,3.0,2.0,,14232.677739,2.0,123.0
87069.0,49.0,Male,9.0,6.0,1.0,8.0,,43005.235454,1.0,127.0
87072.0,52.0,Male,7.0,5.5,3.0,4.0,,30747.034863,2.0,120.0
87073.0,27.0,Male,11.0,8.0,3.0,8.0,,32670.243426,1.0,121.0
87074.0,22.0,Male,4.0,8.0,4.0,5.397605346934028e-79,,157972.309563,1.0,130.0
87077.0,16.0,Male,10.0,8.5,5.0,5.0,,12576.537074,2.0,124.0
87078.0,63.0,Female,7.0,7.5,5.0,2.0,,8075.617835,1.0,127.0
87079.0,65.0,Male,13.0,11.0,5.0,8.0,,16352.907717,1.0,132.0
87080.0,33.0,Female,2.0,9.0,2.0,5.397605346934028e-79,,20419.619032,2.0,133.0
87081.0,58.0,Female,3.0,9.5,3.0,5.397605346934028e-79,,21570.98118,1.0,121.0
87084.0,56.0,Female,4.0,8.0,2.0,2.0,,21642.992625,1.0,125.0
87086.0,60.0,Female,10.0,11.0,2.0,8.0,,7210.456593,1.0,121.0
87088.0,27.0,Female,5.0,9.0,1.0,4.0,,39377.583798,1.0,132.0
87090.0,34.0,Female,10.0,7.5,2.0,8.0,,34464.137953,1.0,127.0
87092.0,16.0,Female,5.0,10.0,2.0,3.0,,17942.304387,1.0,120.0
87094.0,33.0,Male,1.0795210693868056e-78,7.0,5.397605346934028e-79,5.397605346934028e-79,,20505.050247,2.0,120.0
87095.0,17.0,Male,5.0,8.5,2.0,3.0,,18310.663641,1.0,128.0
87098.0,18.0,Male,7.0,8.0,5.0,2.0,,11886.792249,2.0,132.0
87099.0,66.0,Female,8.0,10.0,5.397605346934028e-79,8.0,,8925.988506,2.0,129.0
87100.0,23.0,Female,10.0,8.0,5.0,5.0,,30829.510951,1.0,132.0
87103.0,17.0,Male,13.0,7.0,8.0,5.0,,53537.739456,1.0,123.0
87107.0,24.0,Male,4.0,8.5,2.0,2.0,,19646.69162,1.0,121.0
87108.0,52.0,Male,4.0,9.0,4.0,5.397605346934028e-79,,5.397605346934028e-79,1.0,120.0
87109.0,67.0,Female,9.0,9.0,1.0,8.0,,20535.801915,1.0,119.0
87111.0,67.0,Male,13.0,4.5,5.0,8.0,,13689.736224,2.0,130.0
87112.0,60.0,Female,13.0,7.5,5.0,8.0,,21293.794443,2.0,126.0
87113.0,68.0,Male,3.0,8.0,3.0,5.397605346934028e-79,,8156.186106,1.0,124.0
87114.0,60.0,Male,9.0,8.0,1.0,8.0,,10097.414448,1.0,128.0
87115.0,66.0,Female,13.0,8.5,5.0,8.0,60.0,9729.236215,1.0,124.0
87118.0,54.0,Male,9.0,7.0,1.0,8.0,,20121.137944,2.0,133.0
87119.0,41.0,Male,2.0,6.5,2.0,5.397605346934028e-79,,5.397605346934028e-79,1.0,124.0
87120.0,21.0,Female,3.0,9.5,2.0,1.0,,82016.344206,2.0,124.0
87122.0,65.0,Female,13.0,7.0,5.0,8.0,,18647.459931,2.0,131.0
87123.0,68.0,Male,3.0,9.0,3.0,5.397605346934028e-79,,181461.242024,1.0,132.0
87124.0,21.0,Male,1.0795210693868056e-78,5.0,5.397605346934028e-79,5.397605346934028e-79,,29757.409967,2.0,125.0
87125.0,77.0,Male,13.0,7.5,5.0,8.0,,13233.504681,1.0,125.0
87127.0,51.0,Female,6.0,8.5,5.0,1.0,,95525.784083,2.0,125.0
87128.0,46.0,Female,1.0795210693868056e-78,7.5,5.397605346934028e-79,5.397605346934028e-79,,5.397605346934028e-79,1.0,133.0
87129.0,28.0,Female,4.0,8.5,2.0,2.0,,23395.654253,2.0,121.0
87130.0,42.0,Female,4.0,7.5,2.0,2.0,,31637.937699,2.0,126.0
87131.0,27.0,Female,2.0,10.0,2.0,5.397605346934028e-79,,28360.17792,2.0,127.0
87132.0,39.0,Male,4.0,6.0,3.0,1.0,,28805.615832,2.0,125.0
87135.0,57.0,Male,10.0,7.5,2.0,8.0,,32351.170539,2.0,126.0
87137.0,26.0,Male,9.0,10.0,8.0,1.0,,70052.193707,1.0,130.0
87138.0,45.0,Male,2.0,6.5,2.0,5.397605346934028e-79,,168871.369881,2.0,130.0
87140.0,36.0,Male,8.0,5.0,5.397605346934028e-79,8.0,,22481.39608,1.0,129.0
87141.0,37.0,Male,1.0,6.5,1.0,5.397605346934028e-79,,112577.630611,2.0,120.0
87142.0,31.0,Female,16.0,8.5,8.0,8.0,,17957.809259,2.0,126.0
87143.0,38.0,Female,5.0,5.0,5.397605346934028e-79,5.0,,5.397605346934028e-79,2.0,133.0
87145.0,78.0,Male,4.0,7.0,4.0,5.397605346934028e-79,,80237.41158,2.0,129.0
87147.0,20.0,Female,13.0,7.5,5.0,8.0,,35941.775509,1.0,129.0
87148.0,55.0,Female,3.0,8.0,2.0,1.0,,134366.201344,1.0,130.0
87149.0,19.0,Male,5.0,6.5,5.0,5.397605346934028e-79,,21486.360539,1.0,122.0
87150.0,60.0,Female,6.0,8.5,4.0,2.0,,33111.305326,2.0,130.0
87154.0,30.0,Female,11.0,9.0,3.0,8.0,,24347.669291,1.0,120.0
87155.0,71.0,Female,4.0,8.5,4.0,5.397605346934028e-79,,14740.305363,2.0,127.0
87156.0,57.0,Female,12.0,,4.0,8.0,,22658.417784,1.0,126.0
87158.0,65.0,Female,4.0,8.0,4.0,5.397605346934028e-79,,18672.628976,2.0,119.0
87159.0,22.0,Female,2.0,9.0,2.0,5.397605346934028e-79,60.0,23096.462098,1.0,129.0
87161.0,80.0,Female,7.0,8.0,5.0,2.0,,66290.989918,2.0,123.0
87162.0,35.0,Female,2.0,7.5,1.0,1.0,,23411.220472,1.0,121.0
87163.0,44.0,Female,3.0,7.5,2.0,1.0,,117608.971956,1.0,130.0
87164.0,18.0,Male,2.0,8.0,5.397605346934028e-79,2.0,,12398.575051,1.0,132.0
87165.0,35.0,Female,11.0,7.0,3.0,8.0,,30380.437727,2.0,130.0
87166.0,18.0,Female,3.0,11.0,3.0,5.397605346934028e-79,,64202.395615,2.0,126.0
87167.0,80.0,Female,3.0,8.0,3.0,5.397605346934028e-79,,13548.97951,2.0,127.0
87168.0,49.0,Male,8.0,5.5,5.397605346934028e-79,8.0,15.0,52223.111015,2.0,124.0
87169.0,39.0,Female,1.0,7.0,5.397605346934028e-79,1.0,,102953.159941,2.0,131.0
87170.0,50.0,Male,1.0795210693868056e-78,7.5,5.397605346934028e-79,5.397605346934028e-79,,23331.538539,2.0,130.0
87171.0,40.0,Female,9.0,8.5,8.0,1.0,,25150.969847,1.0,121.0
87172.0,42.0,Male,16.0,8.5,8.0,8.0,,33582.383763,2.0,121.0
87174.0,27.0,Female,8.0,8.5,8.0,5.397605346934028e-79,,78764.778584,2.0,121.0
87175.0,69.0,Male,3.0,9.0,2.0,1.0,,213611.344984,2.0,127.0
87176.0,27.0,Male,10.0,5.5,5.0,5.0,,32816.204836,2.0,123.0
87177.0,57.0,Male,1.0,7.5,1.0,5.397605346934028e-79,,26660.470858,1.0,130.0
87178.0,54.0,Male,3.0,7.5,3.0,5.397605346934028e-79,,49447.387484,2.0,127.0
87179.0,34.0,Female,3.0,10.0,2.0,1.0,,33670.168792,1.0,126.0
87180.0,33.0,Female,8.0,8.5,5.397605346934028e-79,8.0,,26062.995726,2.0,129.0
87181.0,43.0,Female,4.0,7.0,2.0,2.0,,25466.894912,2.0,133.0
87185.0,24.0,Female,2.0,9.0,1.0,1.0,,21723.700087,1.0,121.0
87186.0,61.0,Male,13.0,8.0,5.0,8.0,,10239.964119,1.0,128.0
87187.0,45.0,Male,1.0,6.0,5.397605346934028e-79,1.0,,20621.021966,2.0,128.0
87189.0,52.0,Female,9.0,8.0,1.0,8.0,,5.397605346934028e-79,1.0,121.0
87190.0,38.0,Male,4.0,5.5,2.0,2.0,,28249.565024,2.0,131.0
87191.0,17.0,Female,4.0,8.5,3.0,1.0,,17228.793313,1.0,128.0
87192.0,18.0,Female,6.0,8.0,3.0,3.0,,15490.242709,2.0,131.0
87193.0,80.0,Female,3.0,6.5,2.0,1.0,,17676.881423,2.0,121.0
87194.0,31.0,Female,1.0,7.5,1.0,5.397605346934028e-79,,26545.101854,1.0,124.0
87197.0,33.0,Male,1.0795210693868056e-78,8.0,5.397605346934028e-79,5.397605346934028e-79,,28600.92927,2.0,132.0
87198.0,69.0,Male,16.0,8.5,8.0,8.0,,12176.642499,2.0,132.0
87199.0,55.0,Male,13.0,8.0,5.0,8.0,,23008.650223,2.0,132.0
87200.0,28.0,Female,1.0,8.0,5.397605346934028e-79,1.0,,69107.354914,2.0,121.0
87201.0,32.0,Male,10.0,6.0,8.0,2.0,,18827.663076,1.0,133.0
87202.0,39.0,Male,11.0,5.5,3.0,8.0,,24106.164947,2.0,130.0
87204.0,70.0,Female,10.0,9.0,2.0,8.0,60.0,9845.044389,1.0,120.0
87205.0,18.0,Male,2.0,9.0,1.0,1.0,,5.397605346934028e-79,1.0,125.0
87207.0,30.0,Female,8.0,7.0,5.397605346934028e-79,8.0,,27660.949228,1.0,126.0
87208.0,35.0,Male,1.0795210693868056e-78,5.5,5.397605346934028e-79,5.397605346934028e-79,,27158.100723,1.0,127.0
87209.0,62.0,Female,13.0,9.5,5.0,8.0,,23283.542404,1.0,126.0
87210.0,80.0,Male,13.0,10.0,5.0,8.0,,23245.742101,1.0,133.0
87211.0,41.0,Male,4.0,7.0,1.0,3.0,,126793.061616,1.0,133.0
87214.0,38.0,Male,5.0,8.5,4.0,1.0,,23099.883849,1.0,119.0
87215.0,70.0,Male,4.0,7.5,2.0,2.0,,82345.298434,2.0,124.0
87217.0,73.0,Male,5.0,9.5,3.0,2.0,,94311.054375,2.0,129.0
87219.0,42.0,Female,1.0795210693868056e-78,7.0,5.397605346934028e-79,5.397605346934028e-79,,22478.805027,2.0,123.0
87221.0,63.0,Male,9.0,6.5,1.0,8.0,,11947.268082,1.0,124.0
87223.0,55.0,Female,3.0,7.5,2.0,1.0,,23351.456107,2.0,132.0
87225.0,35.0,Male,13.0,9.5,5.0,8.0,,119978.783143,1.0,128.0
87226.0,41.0,Female,8.0,6.0,5.397605346934028e-79,8.0,,23553.757489,2.0,129.0
87227.0,16.0,Male,1.0,7.5,1.0,5.397605346934028e-79,,43978.978549,1.0,131.0
87228.0,62.0,Male,3.0,7.5,3.0,5.397605346934028e-79,,116270.133501,2.0,132.0
87229.0,43.0,Female,2.0,7.0,2.0,5.397605346934028e-79,,117608.971956,1.0,130.0
87230.0,27.0,Male,4.0,8.5,4.0,5.397605346934028e-79,,58839.484528,2.0,131.0
87231.0,57.0,Male,3.0,6.0,3.0,5.397605346934028e-79,,32960.800768,2.0,127.0
87232.0,17.0,Male,10.0,9.5,2.0,8.0,,16095.818876,2.0,132.0
87233.0,35.0,Male,5.0,7.0,2.0,3.0,,26698.814375,2.0,126.0
87235.0,43.0,Male,2.0,9.0,5.397605346934028e-79,2.0,,17830.145083,2.0,132.0
87236.0,45.0,Female,7.0,6.0,3.0,4.0,,24225.717459,1.0,123.0
87237.0,65.0,Female,5.0,8.0,3.0,2.0,,176987.835099,1.0,122.0
87238.0,19.0,Female,12.0,8.5,4.0,8.0,,15667.248901,2.0,123.0
87241.0,23.0,Female,4.0,5.5,3.0,1.0,,38202.348412,2.0,130.0
87242.0,26.0,Male,3.0,8.0,2.0,1.0,,31666.693853,1.0,120.0
87243.0,33.0,Female,9.0,4.0,1.0,8.0,,32846.909923,1.0,125.0
87244.0,29.0,Female,10.0,8.0,2.0,8.0,,18120.094249,1.0,133.0
87245.0,29.0,Male,1.0795210693868056e-78,5.5,5.397605346934028e-79,5.397605346934028e-79,,34762.209533,1.0,125.0
87246.0,58.0,Male,3.0,9.5,1.0,2.0,,20976.165707,2.0,122.0
87248.0,55.0,Male,9.0,9.0,5.0,4.0,,93605.661967,2.0,125.0
87250.0,49.0,Female,4.0,8.0,3.0,1.0,,131884.677525,2.0,129.0
87251.0,50.0,Female,10.0,7.5,2.0,8.0,,14800.100151,1.0,122.0
87252.0,17.0,Male,9.0,6.0,5.0,4.0,,5.397605346934028e-79,1.0,131.0
87253.0,18.0,Male,13.0,8.0,8.0,5.0,,12153.038114,1.0,121.0
87255.0,45.0,Female,6.0,8.5,4.0,2.0,,14923.936188,1.0,123.0
87256.0,65.0,Male,9.0,8.0,5.0,4.0,,10409.414598,1.0,123.0
87257.0,59.0,Female,3.0,8.5,2.0,1.0,,16900.850924,1.0,121.0
87258.0,30.0,Female,11.0,5.5,8.0,3.0,,22760.399717,1.0,124.0
87260.0,61.0,Male,8.0,3.0,5.0,3.0,,11801.098714,2.0,123.0
87261.0,73.0,Female,10.0,11.5,2.0,8.0,,24875.783754,2.0,132.0
87262.0,29.0,Male,10.0,6.0,2.0,8.0,,33027.641518,2.0,133.0
87263.0,53.0,Male,6.0,7.5,5.0,1.0,,132946.123905,1.0,130.0
87264.0,38.0,Male,6.0,7.0,5.0,1.0,,41779.394263,2.0,132.0
87265.0,42.0,Male,11.0,6.0,3.0,8.0,,21802.893183,2.0,122.0
87268.0,56.0,Female,13.0,9.0,5.0,8.0,,25513.834575,2.0,130.0
87270.0,63.0,Male,16.0,7.0,8.0,8.0,,160570.756923,1.0,122.0
87274.0,55.0,Female,6.0,7.5,5.0,1.0,,15857.063224,2.0,129.0
87275.0,75.0,Male,6.0,5.0,4.0,2.0,,22372.691041,2.0,123.0
87276.0,44.0,Female,9.0,7.0,1.0,8.0,,15938.117476,1.0,120.0
87277.0,25.0,Female,4.0,8.0,2.0,2.0,,21799.251747,2.0,124.0
87278.0,46.0,Male,3.0,6.5,1.0,2.0,,155845.806892,2.0,128.0
87279.0,19.0,Female,3.0,7.0,3.0,5.397605346934028e-79,,5.397605346934028e-79,2.0,122.0
87281.0,48.0,Female,2.0,8.5,2.0,5.397605346934028e-79,,45535.281628,2.0,130.0
87283.0,42.0,Female,6.0,8.0,1.0,5.0,,18137.169391,2.0,131.0
87284.0,80.0,Male,12.0,6.0,4.0,8.0,,20152.976438,2.0,128.0
87286.0,16.0,Male,8.0,8.0,5.397605346934028e-79,8.0,,16297.725821,1.0,128.0
87287.0,80.0,Female,13.0,7.0,5.0,8.0,,5.397605346934028e-79,1.0,126.0
87288.0,53.0,Male,4.0,7.5,2.0,2.0,,23710.980117,2.0,131.0
87289.0,37.0,Female,7.0,7.5,5.0,2.0,,15132.098479,1.0,119.0
87290.0,62.0,Female,12.0,9.0,4.0,8.0,,8256.55913,1.0,120.0
87291.0,39.0,Male,9.0,8.0,1.0,8.0,,39405.660262,1.0,132.0
87292.0,41.0,Male,13.0,8.0,8.0,5.0,,20075.492284,2.0,128.0
87294.0,64.0,Female,2.0,8.0,2.0,5.397605346934028e-79,,7800.99713,2.0,132.0
87297.0,46.0,Female,3.0,7.5,5.397605346934028e-79,3.0,,26163.768159,2.0,124.0
87298.0,28.0,Male,6.0,9.0,4.0,2.0,,52097.80294,2.0,132.0
87301.0,69.0,Male,3.0,6.5,2.0,1.0,,193088.819457,2.0,127.0
87303.0,40.0,Female,3.0,8.0,3.0,5.397605346934028e-79,,27666.642087,1.0,128.0
87306.0,56.0,Female,2.0,7.0,1.0,1.0,,17123.680185,2.0,119.0
87308.0,80.0,Female,9.0,8.5,1.0,8.0,,51091.418946,1.0,121.0
87310.0,29.0,Male,5.0,7.5,3.0,2.0,,20250.304316,1.0,132.0
87311.0,47.0,Female,1.0795210693868056e-78,8.0,5.397605346934028e-79,5.397605346934028e-79,,134925.145502,2.0,128.0
87312.0,29.0,Male,6.0,8.0,3.0,3.0,,18395.34904,2.0,129.0
87314.0,67.0,Female,8.0,8.0,5.397605346934028e-79,8.0,,21004.693212,2.0,132.0
87315.0,30.0,Female,4.0,7.0,2.0,2.0,,22724.405489,1.0,133.0
87316.0,78.0,Female,4.0,9.0,4.0,5.397605346934028e-79,,5.397605346934028e-79,1.0,133.0
87317.0,36.0,Female,,,,,,40415.41844,1.0,132.0
87318.0,30.0,Female,13.0,6.0,5.0,8.0,,18269.330842,2.0,126.0
87319.0,52.0,Female,4.0,7.5,3.0,1.0,,23535.425,2.0,131.0
87320.0,43.0,Male,2.0,8.0,2.0,5.397605346934028e-79,,97755.036794,1.0,131.0
87321.0,68.0,Female,13.0,7.5,5.0,8.0,,10050.033571,1.0,128.0
87322.0,58.0,Female,6.0,7.5,5.0,1.0,,163597.776099,2.0,124.0
87324.0,21.0,Male,6.0,9.0,3.0,3.0,,19646.69162,1.0,121.0
87325.0,69.0,Female,6.0,8.0,3.0,3.0,,50073.551924,2.0,124.0
87326.0,25.0,Female,3.0,8.0,1.0,2.0,,111937.996838,1.0,132.0
87329.0,52.0,Female,8.0,8.0,5.397605346934028e-79,8.0,,15981.026754,2.0,121.0
87330.0,36.0,Female,1.0,10.0,1.0,5.397605346934028e-79,,46484.136894,1.0,126.0
87333.0,40.0,Male,1.0795210693868056e-78,8.0,5.397605346934028e-79,5.397605346934028e-79,,120972.428323,2.0,123.0
87334.0,36.0,Male,11.0,7.5,3.0,8.0,,28488.769793,1.0,129.0
87335.0,80.0,Female,5.0,10.0,5.0,5.397605346934028e-79,,62335.405714,2.0,120.0
87336.0,26.0,Male,1.0,9.0,1.0,5.397605346934028e-79,,5.397605346934028e-79,1.0,128.0
87337.0,60.0,Female,12.0,8.0,4.0,8.0,,8220.296308,2.0,133.0
87338.0,72.0,Male,10.0,10.0,2.0,8.0,,5.397605346934028e-79,2.0,127.0
87341.0,24.0,Male,6.0,8.0,3.0,3.0,,53541.570764,2.0,121.0
87342.0,73.0,Female,10.0,9.5,2.0,8.0,,12743.122492,1.0,132.0
87343.0,62.0,Female,8.0,5.5,5.0,3.0,,19934.771413,2.0,124.0
87344.0,22.0,Male,2.0,7.0,1.0,1.0,,80819.112454,1.0,131.0
87345.0,52.0,Female,10.0,11.0,5.0,5.0,,47665.045765,2.0,123.0
87346.0,32.0,Female,2.0,6.0,2.0,5.397605346934028e-79,,24013.05471,2.0,131.0
87347.0,57.0,Male,1.0795210693868056e-78,6.5,5.397605346934028e-79,5.397605346934028e-79,,12518.033302,1.0,122.0
87349.0,25.0,Male,7.0,7.5,2.0,5.0,,87562.426716,1.0,132.0
87350.0,43.0,Male,2.0,7.0,2.0,5.397605346934028e-79,,18674.986015,1.0,124.0
87351.0,38.0,Male,6.0,10.0,1.0,5.0,,42982.184093,1.0,122.0
87353.0,30.0,Female,4.0,5.0,5.397605346934028e-79,4.0,,18720.33867,1.0,123.0
87354.0,36.0,Male,4.0,6.5,2.0,2.0,,18531.664866,1.0,123.0
87360.0,67.0,Female,2.0,7.0,2.0,5.397605346934028e-79,,126336.546027,1.0,130.0
87362.0,25.0,Male,16.0,7.0,8.0,8.0,,15043.555952,2.0,125.0
87365.0,30.0,Male,10.0,8.5,2.0,8.0,,24361.13315,2.0,132.0
87369.0,24.0,Female,4.0,10.0,1.0,3.0,,31569.039764,1.0,125.0
87370.0,37.0,Male,2.0,5.5,2.0,5.397605346934028e-79,,28249.565024,2.0,131.0
87372.0,53.0,Female,3.0,7.0,3.0,5.397605346934028e-79,,14946.887148,1.0,127.0
87373.0,29.0,Male,3.0,8.5,3.0,5.397605346934028e-79,,103687.120168,2.0,131.0
87375.0,40.0,Male,12.0,7.5,4.0,8.0,,28135.808454,1.0,125.0
87376.0,40.0,Female,5.0,8.0,3.0,2.0,,138364.848529,2.0,124.0
87377.0,54.0,Male,5.0,7.0,3.0,2.0,,166988.671235,1.0,129.0
87379.0,29.0,Male,1.0,4.5,1.0,5.397605346934028e-79,,39889.764786,2.0,129.0
87380.0,48.0,Male,3.0,7.5,2.0,1.0,,5.397605346934028e-79,1.0,133.0
87381.0,56.0,Female,10.0,8.0,2.0,8.0,,5.397605346934028e-79,1.0,131.0
87383.0,36.0,Male,9.0,9.5,4.0,5.0,,24361.13315,2.0,132.0
87384.0,79.0,Female,13.0,7.0,5.0,8.0,,66678.487176,2.0,130.0
87385.0,28.0,Male,9.0,5.5,8.0,1.0,,5.397605346934028e-79,2.0,130.0
87386.0,35.0,Male,8.0,7.5,5.397605346934028e-79,8.0,,5.397605346934028e-79,2.0,133.0
87387.0,63.0,Male,10.0,9.0,2.0,8.0,,16474.316759,2.0,119.0
87388.0,70.0,Female,10.0,9.0,2.0,8.0,,27395.607975,1.0,126.0
87389.0,63.0,Female,10.0,8.5,2.0,8.0,,17672.441216,1.0,124.0
87391.0,21.0,Male,2.0,11.0,5.397605346934028e-79,2.0,,152374.34405,1.0,122.0
87392.0,80.0,Female,3.0,12.0,3.0,5.397605346934028e-79,,5.397605346934028e-79,1.0,133.0
87393.0,26.0,Male,8.0,9.0,4.0,4.0,,29876.956506,1.0,133.0
87398.0,40.0,Male,10.0,6.5,2.0,8.0,,51269.112893,2.0,127.0
87400.0,56.0,Female,12.0,9.0,4.0,8.0,,20271.712208,1.0,127.0
87406.0,22.0,Male,10.0,9.0,8.0,2.0,,20692.509603,2.0,129.0
87408.0,16.0,Female,1.0795210693868056e-78,8.0,5.397605346934028e-79,5.397605346934028e-79,,10059.9833,1.0,123.0
87409.0,44.0,Female,6.0,8.0,1.0,5.0,,16662.322298,2.0,133.0
87412.0,33.0,Male,7.0,7.0,5.0,2.0,,23936.357051,1.0,124.0
87413.0,41.0,Male,5.0,6.0,2.0,3.0,,19387.080875,1.0,123.0
87415.0,59.0,Male,3.0,8.0,1.0,2.0,,43145.510098,2.0,127.0
87416.0,69.0,Female,1.0795210693868056e-78,10.0,5.397605346934028e-79,5.397605346934028e-79,30.0,10389.86344,1.0,122.0
87417.0,60.0,Male,13.0,8.0,5.0,8.0,,15570.452282,1.0,132.0
87418.0,31.0,Female,13.0,9.5,5.0,8.0,,18910.989689,1.0,125.0
87422.0,20.0,Male,5.0,8.0,5.0,5.397605346934028e-79,,43713.74416,1.0,131.0
87423.0,31.0,Female,1.0795210693868056e-78,12.0,5.397605346934028e-79,5.397605346934028e-79,,118479.71805,2.0,125.0
87425.0,79.0,Female,6.0,8.5,5.0,1.0,,87471.751869,1.0,128.0
87426.0,48.0,Male,11.0,8.5,3.0,8.0,,20948.339775,2.0,128.0
87427.0,22.0,Female,8.0,6.0,5.397605346934028e-79,8.0,20.0,25379.262036,2.0,130.0
87428.0,58.0,Male,3.0,6.5,3.0,5.397605346934028e-79,,33696.952796,2.0,133.0
87429.0,65.0,Female,8.0,10.0,3.0,5.0,,51138.40058,1.0,125.0
87430.0,38.0,Male,9.0,7.5,1.0,8.0,,80554.713521,1.0,131.0
87432.0,18.0,Female,8.0,10.5,5.0,3.0,,5.397605346934028e-79,1.0,119.0
87433.0,74.0,Male,11.0,9.0,3.0,8.0,,10054.514758,1.0,121.0
87435.0,80.0,Male,10.0,10.0,2.0,8.0,,10722.692186,1.0,127.0
87436.0,36.0,Female,2.0,8.0,1.0,1.0,60.0,23411.220472,1.0,120.0
87437.0,43.0,Male,9.0,8.0,1.0,8.0,,21802.893183,2.0,122.0
87440.0,39.0,Female,1.0795210693868056e-78,6.5,5.397605346934028e-79,5.397605346934028e-79,60.0,27200.46779,2.0,129.0
87441.0,19.0,Female,6.0,8.0,2.0,4.0,,60429.091227,2.0,132.0
87445.0,67.0,Female,9.0,8.0,1.0,8.0,,19814.005354,2.0,131.0
87447.0,37.0,Female,1.0,8.5,5.397605346934028e-79,1.0,,34835.724777,2.0,122.0
87448.0,49.0,Male,2.0,9.0,2.0,5.397605346934028e-79,,21864.539749,2.0,130.0
87451.0,71.0,Female,6.0,6.0,3.0,3.0,,8532.497298,2.0,126.0
87454.0,56.0,Female,5.0,8.0,4.0,1.0,,21806.166758,2.0,126.0
87455.0,19.0,Male,4.0,6.5,2.0,2.0,60.0,24469.369687,2.0,129.0
87459.0,31.0,Female,8.0,7.0,5.397605346934028e-79,8.0,,24406.188945,1.0,121.0
87461.0,76.0,Male,7.0,12.0,5.0,2.0,,14685.810457,2.0,132.0
87462.0,80.0,Female,10.0,9.0,2.0,8.0,,46140.782689,2.0,130.0
87463.0,22.0,Male,10.0,10.0,5.0,5.0,,12107.261047,1.0,133.0
87464.0,70.0,Male,8.0,8.0,5.397605346934028e-79,8.0,,8660.691776,1.0,125.0
87466.0,75.0,Female,10.0,9.0,2.0,8.0,,10059.446054,1.0,124.0
87468.0,80.0,Male,8.0,11.0,5.397605346934028e-79,8.0,,5.397605346934028e-79,1.0,119.0
87470.0,40.0,Female,6.0,7.5,3.0,3.0,,32482.203935,1.0,129.0
87472.0,22.0,Male,3.0,8.0,3.0,5.397605346934028e-79,60.0,110821.922151,2.0,128.0
87473.0,44.0,Female,9.0,6.5,1.0,8.0,,22395.476466,2.0,130.0
87474.0,27.0,Female,8.0,9.0,8.0,5.397605346934028e-79,,25651.004956,2.0,128.0
87475.0,63.0,Female,1.0795210693868056e-78,6.5,5.397605346934028e-79,5.397605346934028e-79,,17197.512898,1.0,119.0
87476.0,58.0,Female,13.0,8.5,5.0,8.0,,25461.835472,2.0,130.0
87477.0,59.0,Male,9.0,4.0,1.0,8.0,,16210.918018,2.0,130.0
87480.0,31.0,Female,1.0,8.5,1.0,5.397605346934028e-79,,103731.120643,2.0,129.0
87481.0,42.0,Male,1.0,4.0,1.0,5.397605346934028e-79,,19499.635588,1.0,129.0
87482.0,29.0,Female,8.0,6.5,5.397605346934028e-79,8.0,,26170.057221,1.0,128.0
87483.0,18.0,Male,11.0,7.0,3.0,8.0,,13399.972059,2.0,132.0
87484.0,62.0,Female,10.0,9.0,2.0,8.0,,5.397605346934028e-79,2.0,128.0
87486.0,46.0,Male,11.0,8.0,3.0,8.0,,25221.741084,1.0,120.0
87487.0,43.0,Female,7.0,9.0,5.0,2.0,,26233.356405,2.0,121.0
87488.0,44.0,Male,6.0,8.0,1.0,5.0,,21701.0125,2.0,130.0
87489.0,61.0,Male,12.0,8.5,4.0,8.0,,164180.070162,1.0,125.0
87490.0,58.0,Male,10.0,7.5,2.0,8.0,,22972.040129,2.0,131.0
87492.0,56.0,Female,10.0,5.0,2.0,8.0,,15740.696167,2.0,129.0
87494.0,59.0,Male,10.0,6.0,2.0,8.0,,20223.170989,1.0,124.0
87496.0,58.0,Male,6.0,9.5,5.0,1.0,,21136.707656,2.0,126.0
87497.0,70.0,Female,1.0,8.0,5.397605346934028e-79,1.0,,25081.607833,1.0,128.0
87498.0,77.0,Female,6.0,7.0,5.0,1.0,,82788.154962,1.0,126.0
87500.0,19.0,Male,7.0,9.0,5.0,2.0,,16244.868702,1.0,128.0
87501.0,36.0,Female,7.0,5.0,5.0,2.0,,21284.47389,2.0,133.0
87503.0,53.0,Female,1.0,8.5,1.0,5.397605346934028e-79,,171815.050057,2.0,120.0
87505.0,52.0,Male,4.0,8.0,2.0,2.0,,18884.903644,2.0,133.0
87506.0,48.0,Male,2.0,7.0,2.0,5.397605346934028e-79,,147620.534125,2.0,128.0
87507.0,62.0,Male,13.0,12.5,5.0,8.0,,30420.513159,1.0,123.0
87508.0,20.0,Female,9.0,9.0,1.0,8.0,,24632.355796,1.0,128.0
87510.0,29.0,Female,10.0,9.0,2.0,8.0,,53306.286435,1.0,131.0
87511.0,71.0,Female,5.0,9.5,5.0,5.397605346934028e-79,,136941.250446,2.0,127.0
87512.0,44.0,Female,13.0,7.0,5.0,8.0,,17632.543889,2.0,132.0
87513.0,56.0,Female,5.0,9.0,4.0,1.0,,14951.396615,1.0,124.0
87514.0,23.0,Female,4.0,7.0,4.0,5.397605346934028e-79,,33545.657142,1.0,129.0
87515.0,70.0,Female,10.0,10.0,2.0,8.0,,11541.212501,1.0,127.0
87516.0,43.0,Female,13.0,10.0,5.0,8.0,,13376.936946,2.0,119.0
87517.0,17.0,Female,10.0,11.0,5.0,5.0,,28485.232791,1.0,121.0
87519.0,67.0,Male,5.0,8.5,3.0,2.0,,12728.237344,2.0,133.0
87520.0,39.0,Female,10.0,7.0,8.0,2.0,,29249.646857,2.0,129.0
87521.0,20.0,Male,11.0,10.0,8.0,3.0,,18226.03604,2.0,125.0
87522.0,26.0,Female,7.0,7.5,5.0,2.0,,45622.071897,1.0,132.0
87523.0,19.0,Female,5.0,7.0,4.0,1.0,,8662.429987,2.0,122.0
87524.0,33.0,Male,4.0,9.0,2.0,2.0,,90329.307861,1.0,122.0
87529.0,21.0,Male,6.0,7.0,4.0,2.0,,24121.740217,1.0,122.0
87530.0,27.0,Male,5.0,6.5,5.397605346934028e-79,5.0,,88322.765467,2.0,133.0
87531.0,78.0,Male,8.0,7.0,3.0,5.0,,13805.559035,2.0,129.0
87533.0,64.0,Male,11.0,10.0,3.0,8.0,,11900.972039,2.0,129.0
87534.0,67.0,Male,16.0,8.5,8.0,8.0,,6087.623357,2.0,119.0
87538.0,68.0,Male,13.0,7.0,5.0,8.0,,23528.678132,2.0,122.0
87539.0,31.0,Female,2.0,5.0,2.0,5.397605346934028e-79,,31711.762632,2.0,119.0
87544.0,28.0,Female,6.0,9.0,4.0,2.0,,22536.360129,1.0,130.0
87545.0,75.0,Female,13.0,8.0,5.0,8.0,,42410.45699,2.0,132.0
87548.0,27.0,Male,2.0,6.0,2.0,5.397605346934028e-79,,33074.131765,1.0,126.0
87551.0,38.0,Male,6.0,6.5,4.0,2.0,,151267.511649,1.0,129.0
87554.0,52.0,Female,5.0,9.0,3.0,2.0,,23703.780814,2.0,128.0
87555.0,31.0,Female,12.0,9.0,4.0,8.0,,79231.109058,2.0,123.0
87556.0,65.0,Male,10.0,6.5,2.0,8.0,,22089.934292,2.0,122.0
87559.0,80.0,Male,13.0,7.0,5.0,8.0,,44272.612853,1.0,127.0
87560.0,58.0,Female,8.0,7.0,5.0,3.0,,23898.078089,1.0,124.0
87564.0,34.0,Male,7.0,4.0,2.0,5.0,,28294.727211,2.0,119.0
87565.0,36.0,Female,8.0,8.0,5.397605346934028e-79,8.0,,105174.77332,1.0,119.0
87568.0,73.0,Male,11.0,8.0,3.0,8.0,,16382.256097,2.0,132.0
87571.0,19.0,Female,6.0,11.0,5.0,1.0,,16097.600481,2.0,126.0
87572.0,17.0,Male,4.0,7.5,3.0,1.0,,27005.619009,1.0,131.0
87573.0,55.0,Male,2.0,9.0,1.0,1.0,,13763.729142,1.0,123.0
87577.0,57.0,Female,13.0,7.0,5.0,8.0,,26702.378527,2.0,126.0
87580.0,51.0,Female,8.0,7.0,3.0,5.0,,20771.361759,2.0,129.0
87581.0,80.0,Male,13.0,10.0,5.0,8.0,,16129.668846,1.0,119.0
87582.0,76.0,Male,2.0,8.0,1.0,1.0,,8949.149856,1.0,124.0
87583.0,61.0,Male,6.0,7.5,4.0,2.0,,10661.236662,2.0,126.0
87584.0,17.0,Female,4.0,6.5,1.0,3.0,,14535.148879,1.0,129.0
87585.0,51.0,Female,13.0,8.5,5.0,8.0,,59753.67072,2.0,128.0
87586.0,43.0,Male,10.0,8.5,2.0,8.0,,34173.526804,2.0,131.0
87587.0,54.0,Male,3.0,8.5,1.0,2.0,,9122.486802,2.0,121.0
87591.0,47.0,Male,3.0,7.0,1.0,2.0,,21395.429833,2.0,127.0
87592.0,38.0,Male,2.0,9.0,2.0,5.397605346934028e-79,,77454.494362,1.0,131.0
87593.0,80.0,Male,7.0,10.5,5.0,2.0,,46367.258071,2.0,120.0
87594.0,35.0,Female,8.0,10.0,5.397605346934028e-79,8.0,,29696.234725,1.0,126.0
87596.0,60.0,Female,2.0,8.0,1.0,1.0,,130222.959311,1.0,123.0
87598.0,27.0,Female,13.0,7.0,5.0,8.0,,24312.065366,1.0,129.0
87599.0,27.0,Male,3.0,8.0,5.397605346934028e-79,3.0,,22151.316392,2.0,129.0
87600.0,30.0,Female,10.0,8.0,5.0,5.0,,102714.349388,2.0,128.0
87601.0,52.0,Male,11.0,7.0,3.0,8.0,,19279.165648,1.0,124.0
87602.0,18.0,Female,1.0795210693868056e-78,6.0,5.397605346934028e-79,5.397605346934028e-79,,9651.219323,2.0,129.0
87603.0,33.0,Male,7.0,6.5,4.0,3.0,,35842.249089,1.0,131.0
87605.0,54.0,Female,10.0,9.0,5.0,5.0,,28874.411233,1.0,126.0
87606.0,52.0,Female,9.0,9.0,1.0,8.0,,10691.782555,1.0,133.0
87607.0,68.0,Male,5.0,7.0,3.0,2.0,,5948.954975,2.0,119.0
87608.0,53.0,Male,5.0,6.5,3.0,2.0,,24377.524673,2.0,130.0
87623.0,43.0,Male,1.0,7.0,1.0,5.397605346934028e-79,,33593.779606,2.0,128.0
87626.0,63.0,Male,13.0,8.5,5.0,8.0,,10097.414448,1.0,128.0
87627.0,80.0,Male,5.0,12.0,5.0,5.397605346934028e-79,,13926.974567,2.0,132.0
87628.0,80.0,Male,2.0,7.0,1.0,1.0,,20022.672843,2.0,123.0
87630.0,54.0,Male,6.0,9.0,1.0,5.0,,45276.975526,2.0,124.0
87632.0,38.0,Female,5.0,10.0,1.0,4.0,,72120.993085,2.0,123.0
87633.0,46.0,Female,4.0,7.5,4.0,5.397605346934028e-79,,50957.032832,1.0,122.0
87634.0,30.0,Female,1.0,4.0,1.0,5.397605346934028e-79,,115774.106687,2.0,123.0
87636.0,42.0,Female,2.0,7.5,1.0,1.0,,19114.414097,2.0,125.0
87637.0,55.0,Male,11.0,10.5,3.0,8.0,,10266.922102,1.0,129.0
87638.0,52.0,Female,8.0,9.5,5.397605346934028e-79,8.0,,11489.859173,1.0,133.0
87639.0,65.0,Male,1.0795210693868056e-78,5.0,5.397605346934028e-79,5.397605346934028e-79,,5.397605346934028e-79,2.0,122.0
87640.0,37.0,Female,12.0,7.0,4.0,8.0,,23928.976208,1.0,127.0
87641.0,54.0,Female,16.0,6.0,8.0,8.0,,165556.357854,2.0,129.0
87642.0,16.0,Male,6.0,7.0,1.0,5.0,,70313.727253,1.0,133.0
87645.0,42.0,Female,4.0,7.5,2.0,2.0,,112529.331398,2.0,125.0
87646.0,80.0,Female,11.0,7.5,3.0,8.0,,22849.0911,2.0,132.0
87647.0,17.0,Female,11.0,5.0,3.0,8.0,,19225.104175,2.0,132.0
87648.0,39.0,Female,4.0,8.0,2.0,2.0,,104023.505418,2.0,124.0
87649.0,44.0,Male,13.0,6.0,5.0,8.0,,43167.061152,2.0,132.0
87652.0,80.0,Female,12.0,11.0,4.0,8.0,,13561.171564,1.0,128.0
87653.0,37.0,Female,9.0,7.0,1.0,8.0,,27898.460327,1.0,132.0
87654.0,19.0,Male,11.0,9.0,3.0,8.0,,20596.494291,1.0,122.0
87655.0,57.0,Male,12.0,3.0,4.0,8.0,,22208.799878,2.0,123.0
87657.0,22.0,Male,8.0,7.0,8.0,5.397605346934028e-79,,46675.577242,2.0,123.0
87661.0,56.0,Female,3.0,7.0,3.0,5.397605346934028e-79,,84358.482886,2.0,131.0
87663.0,50.0,Male,6.0,7.0,3.0,3.0,,118395.732164,2.0,120.0
87664.0,34.0,Female,1.0795210693868056e-78,7.0,5.397605346934028e-79,5.397605346934028e-79,,70025.221182,2.0,120.0
87665.0,44.0,Female,10.0,7.0,2.0,8.0,,35332.109499,1.0,129.0
87666.0,16.0,Female,10.0,6.5,2.0,8.0,,17196.875624,1.0,125.0
87667.0,32.0,Female,3.0,8.0,3.0,5.397605346934028e-79,,5.397605346934028e-79,2.0,131.0
87668.0,37.0,Female,10.0,6.5,8.0,2.0,,5.397605346934028e-79,2.0,122.0
87669.0,49.0,Female,3.0,9.5,2.0,1.0,,17538.16345,2.0,129.0
87671.0,52.0,Male,13.0,11.0,5.0,8.0,,21916.512572,2.0,123.0
87672.0,37.0,Male,2.0,8.0,2.0,5.397605346934028e-79,,44667.060796,1.0,131.0
87673.0,68.0,Male,13.0,4.0,5.0,8.0,,8947.863538,2.0,132.0
87675.0,17.0,Female,1.0,7.5,1.0,5.397605346934028e-79,,15390.616466,1.0,123.0
87677.0,80.0,Female,5.0,7.0,4.0,1.0,,46496.205464,1.0,121.0
87681.0,17.0,Male,5.0,7.0,5.397605346934028e-79,5.0,,9008.68101,1.0,129.0
87684.0,44.0,Male,5.0,8.0,3.0,2.0,,128356.459662,2.0,123.0
87687.0,18.0,Female,4.0,8.0,2.0,2.0,,15987.294274,1.0,127.0
87688.0,75.0,Male,2.0,10.0,2.0,5.397605346934028e-79,,15104.186489,1.0,125.0
87690.0,55.0,Male,9.0,7.5,1.0,8.0,,10828.224294,2.0,133.0
87691.0,80.0,Male,6.0,8.0,5.0,1.0,,20249.564215,2.0,124.0
87692.0,60.0,Male,13.0,9.0,5.0,8.0,,5.397605346934028e-79,1.0,124.0
87693.0,52.0,Male,2.0,8.0,2.0,5.397605346934028e-79,,148292.241213,2.0,120.0
87694.0,25.0,Female,4.0,9.0,2.0,2.0,,33670.363039,1.0,124.0
87696.0,66.0,Female,11.0,6.0,3.0,8.0,,29357.583058,2.0,130.0
87697.0,37.0,Female,2.0,9.0,1.0,1.0,,106712.250887,2.0,121.0
87699.0,20.0,Male,8.0,6.5,8.0,5.397605346934028e-79,,5.397605346934028e-79,2.0,133.0
87700.0,17.0,Male,7.0,6.5,3.0,4.0,,41309.35347,1.0,119.0
87703.0,77.0,Male,11.0,10.0,3.0,8.0,,5.397605346934028e-79,2.0,132.0
87706.0,80.0,Female,9.0,6.0,1.0,8.0,,44210.115252,2.0,125.0
87707.0,27.0,Female,2.0,8.0,2.0,5.397605346934028e-79,,82292.375312,1.0,122.0
87710.0,62.0,Male,3.0,7.5,2.0,1.0,,6218.906723,1.0,123.0
87711.0,46.0,Female,10.0,4.5,2.0,8.0,,26271.81613,1.0,128.0
87712.0,33.0,Female,1.0,5.0,5.397605346934028e-79,1.0,,19180.06326,2.0,129.0
87714.0,17.0,Male,11.0,8.0,3.0,8.0,,17278.856843,1.0,121.0
87715.0,17.0,Male,4.0,10.0,2.0,2.0,,17247.973502,2.0,122.0
87717.0,59.0,Male,6.0,9.0,3.0,3.0,,19693.613256,2.0,122.0
87719.0,36.0,Female,1.0,8.0,1.0,5.397605346934028e-79,,92196.793602,2.0,132.0
87720.0,27.0,Female,4.0,7.0,1.0,3.0,,33670.363039,1.0,124.0
87721.0,45.0,Female,5.0,7.0,5.0,5.397605346934028e-79,,27135.772402,1.0,123.0
87727.0,80.0,Female,9.0,7.0,1.0,8.0,,6861.833615,2.0,119.0
87729.0,22.0,Male,8.0,11.0,4.0,4.0,,117049.799041,1.0,123.0
87730.0,17.0,Female,1.0,8.0,1.0,5.397605346934028e-79,,15490.242709,2.0,131.0
87732.0,16.0,Female,13.0,6.0,8.0,5.0,,10140.752977,1.0,129.0
87733.0,39.0,Female,8.0,8.0,5.397605346934028e-79,8.0,,100323.392927,1.0,126.0
87734.0,77.0,Female,10.0,10.0,5.0,5.0,,19766.06532,1.0,123.0
87736.0,61.0,Male,3.0,7.0,2.0,1.0,,5.397605346934028e-79,2.0,126.0
87738.0,17.0,Male,5.0,12.0,3.0,2.0,,19894.642352,2.0,131.0
87739.0,18.0,Female,13.0,13.0,5.0,8.0,,16282.449994,1.0,127.0
87740.0,19.0,Female,8.0,11.0,5.397605346934028e-79,8.0,60.0,20390.436174,1.0,129.0
87741.0,26.0,Female,8.0,9.0,3.0,5.0,,18092.597505,2.0,125.0
87742.0,41.0,Female,5.0,8.5,5.0,5.397605346934028e-79,,22276.23349,2.0,125.0
87746.0,69.0,Female,12.0,,4.0,8.0,,5.397605346934028e-79,2.0,133.0
87748.0,70.0,Male,5.0,6.5,2.0,3.0,,19439.937295,2.0,120.0
87749.0,78.0,Female,3.0,7.0,3.0,5.397605346934028e-79,,11345.211606,2.0,128.0
87750.0,66.0,Male,12.0,8.0,4.0,8.0,,11457.515242,2.0,130.0
87755.0,18.0,Male,8.0,6.5,5.397605346934028e-79,8.0,,12036.820652,2.0,132.0
87756.0,57.0,Female,2.0,8.0,2.0,5.397605346934028e-79,,19644.057132,1.0,127.0
87757.0,49.0,Male,3.0,7.5,2.0,1.0,,128675.045659,1.0,130.0
87758.0,53.0,Male,7.0,7.0,2.0,5.0,,31603.958217,2.0,121.0
87761.0,80.0,Female,13.0,8.5,5.0,8.0,,18061.607998,2.0,125.0
87762.0,51.0,Male,5.0,7.0,1.0,4.0,,127064.286977,1.0,121.0
87766.0,78.0,Female,11.0,7.5,3.0,8.0,,65696.022601,1.0,131.0
87769.0,37.0,Female,2.0,5.5,5.397605346934028e-79,2.0,,30127.51656,1.0,122.0
87770.0,68.0,Male,7.0,9.0,5.0,2.0,,164180.070162,1.0,125.0
87772.0,36.0,Female,12.0,9.0,4.0,8.0,,25509.061817,1.0,128.0
87773.0,53.0,Male,13.0,9.0,5.0,8.0,,21136.029307,1.0,127.0
87774.0,24.0,Male,10.0,9.0,5.0,5.0,,106919.563742,2.0,132.0
87776.0,48.0,Female,8.0,8.0,5.397605346934028e-79,8.0,60.0,22675.932359,2.0,129.0
87777.0,67.0,Female,9.0,8.0,1.0,8.0,,18105.980069,1.0,119.0
87778.0,56.0,Female,6.0,8.0,4.0,2.0,,67786.576129,1.0,122.0
87779.0,28.0,Male,2.0,8.0,2.0,5.397605346934028e-79,,5.397605346934028e-79,2.0,123.0
87780.0,27.0,Female,9.0,8.0,1.0,8.0,,19057.71293,2.0,133.0
87781.0,80.0,Male,6.0,7.5,5.0,1.0,,36849.289491,2.0,125.0
87782.0,16.0,Female,16.0,9.0,8.0,8.0,,41950.443246,2.0,123.0
87783.0,59.0,Female,2.0,7.0,1.0,1.0,,14790.926747,2.0,132.0
87784.0,80.0,Female,11.0,7.5,3.0,8.0,,40333.684005,1.0,125.0
87788.0,44.0,Female,6.0,8.0,3.0,3.0,,26104.67954,2.0,120.0
87790.0,24.0,Female,7.0,8.5,4.0,3.0,,18691.911021,1.0,123.0
87791.0,53.0,Male,3.0,7.0,2.0,1.0,,29466.618849,2.0,128.0
87795.0,78.0,Female,12.0,8.0,4.0,8.0,,12594.31365,1.0,121.0
87797.0,30.0,Female,10.0,8.0,2.0,8.0,,24864.429791,2.0,119.0
87798.0,36.0,Male,3.0,8.0,1.0,2.0,,26055.544114,1.0,120.0
87799.0,48.0,Female,8.0,9.0,5.0,3.0,,21429.458592,1.0,124.0
87800.0,36.0,Female,9.0,7.0,1.0,8.0,,23918.503139,1.0,129.0
87801.0,42.0,Male,3.0,6.5,2.0,1.0,,123117.451116,2.0,125.0
87802.0,27.0,Female,6.0,9.0,4.0,2.0,,26442.360829,2.0,126.0
87803.0,62.0,Male,1.0,9.0,5.397605346934028e-79,1.0,,11205.705985,2.0,131.0
87805.0,48.0,Male,1.0795210693868056e-78,10.0,5.397605346934028e-79,5.397605346934028e-79,,21977.428965,2.0,119.0
87806.0,53.0,Female,6.0,5.5,3.0,3.0,,22263.538466,2.0,129.0
87808.0,35.0,Female,1.0795210693868056e-78,7.0,5.397605346934028e-79,5.397605346934028e-79,,138175.44266,1.0,122.0
87809.0,74.0,Male,5.0,7.0,3.0,2.0,,89995.46367,1.0,122.0
87810.0,18.0,Male,5.0,8.0,3.0,2.0,,19394.92439,1.0,129.0
87814.0,20.0,Female,9.0,9.0,1.0,8.0,,24823.635416,1.0,133.0
87816.0,48.0,Male,3.0,6.0,2.0,1.0,,143186.889766,2.0,129.0
87818.0,66.0,Female,13.0,7.0,5.0,8.0,,6059.057932,2.0,119.0
87819.0,37.0,Male,4.0,6.5,3.0,1.0,,31080.759376,1.0,128.0
87821.0,20.0,Female,8.0,7.5,5.397605346934028e-79,8.0,,55882.74719,2.0,132.0
87822.0,16.0,Female,4.0,8.5,4.0,5.397605346934028e-79,,66926.178899,2.0,128.0
87824.0,54.0,Female,3.0,9.5,1.0,2.0,,13256.022149,1.0,120.0
87827.0,27.0,Male,2.0,9.0,1.0,1.0,,42054.40477,1.0,124.0
87829.0,23.0,Male,8.0,10.0,4.0,4.0,,11233.64763,1.0,119.0
87830.0,44.0,Male,5.0,7.0,4.0,1.0,,94012.545913,1.0,122.0
87832.0,61.0,Male,13.0,10.0,5.0,8.0,,167852.5191,1.0,125.0
87833.0,47.0,Male,12.0,10.0,4.0,8.0,,36468.220108,1.0,119.0
87839.0,62.0,Female,5.0,6.5,5.0,5.397605346934028e-79,,38909.240463,2.0,126.0
87840.0,80.0,Male,13.0,7.0,5.0,8.0,,45758.945759,2.0,120.0
87841.0,50.0,Female,7.0,8.0,5.0,2.0,,29292.604431,1.0,127.0
87842.0,66.0,Female,12.0,7.0,4.0,8.0,,10022.051805,1.0,120.0
87843.0,66.0,Male,9.0,9.0,1.0,8.0,,7846.098346,2.0,133.0
87844.0,49.0,Male,1.0795210693868056e-78,7.0,5.397605346934028e-79,5.397605346934028e-79,,30384.425031,1.0,120.0
87845.0,28.0,Female,7.0,6.0,2.0,5.0,,27392.240846,2.0,128.0
87846.0,17.0,Female,1.0795210693868056e-78,7.5,5.397605346934028e-79,5.397605346934028e-79,,14156.962116,2.0,124.0
87848.0,73.0,Female,3.0,8.5,1.0,2.0,,47369.910338,1.0,125.0
87849.0,24.0,Male,4.0,7.5,5.397605346934028e-79,4.0,,73148.192718,2.0,120.0
87850.0,28.0,Female,2.0,8.0,5.397605346934028e-79,2.0,,24540.883583,2.0,122.0
87851.0,72.0,Male,8.0,12.0,5.397605346934028e-79,8.0,,11797.010312,1.0,124.0
87852.0,48.0,Female,4.0,7.5,3.0,1.0,,184540.655057,2.0,127.0
87853.0,36.0,Male,9.0,12.0,1.0,8.0,,26545.556862,1.0,120.0
87855.0,18.0,Male,3.0,8.5,5.397605346934028e-79,3.0,,82323.699968,2.0,128.0
87856.0,23.0,Male,10.0,8.0,2.0,8.0,,15567.305986,2.0,125.0
87857.0,46.0,Male,4.0,6.0,2.0,2.0,,42777.677874,2.0,129.0
87859.0,56.0,Female,5.0,7.5,5.0,5.397605346934028e-79,,51879.068281,1.0,130.0
87862.0,17.0,Female,16.0,7.5,8.0,8.0,,20549.848631,1.0,121.0
87865.0,18.0,Male,5.0,9.0,2.0,3.0,,11565.68727,1.0,119.0
87870.0,55.0,Female,11.0,9.0,3.0,8.0,,19357.305303,2.0,131.0
87871.0,52.0,Male,5.0,3.0,5.0,5.397605346934028e-79,,19858.766165,1.0,119.0
87872.0,47.0,Male,6.0,8.0,5.0,1.0,,136207.258111,1.0,131.0
87873.0,70.0,Male,4.0,7.0,3.0,1.0,,131206.643965,2.0,127.0
87874.0,46.0,Female,13.0,6.0,5.0,8.0,,15275.738116,1.0,119.0
87875.0,27.0,Male,9.0,8.5,4.0,5.0,,123714.221976,2.0,120.0
87880.0,77.0,Female,5.0,7.0,5.0,5.397605346934028e-79,,11959.831464,1.0,121.0
87882.0,32.0,Female,6.0,7.0,5.0,1.0,,124782.045854,2.0,126.0
87884.0,80.0,Female,13.0,8.0,5.0,8.0,,20406.659031,2.0,128.0
87885.0,25.0,Male,8.0,9.0,5.0,3.0,,32144.093606,2.0,131.0
87886.0,28.0,Male,3.0,7.0,2.0,1.0,,35534.555522,1.0,124.0
87887.0,79.0,Male,13.0,8.0,5.0,8.0,,5.397605346934028e-79,1.0,128.0
87890.0,54.0,Male,9.0,8.0,1.0,8.0,,27284.425486,1.0,127.0
87891.0,42.0,Female,13.0,10.0,8.0,5.0,,39873.670531,2.0,125.0
87892.0,29.0,Female,13.0,4.5,5.0,8.0,,31426.830897,1.0,126.0
87895.0,37.0,Female,6.0,7.0,3.0,3.0,,56334.446012,2.0,132.0
87896.0,32.0,Female,4.0,6.0,4.0,5.397605346934028e-79,,25836.260218,2.0,130.0
87897.0,50.0,Male,7.0,6.0,4.0,3.0,,156829.81671,2.0,131.0
87898.0,68.0,Male,2.0,8.0,2.0,5.397605346934028e-79,,30420.513159,1.0,123.0
87901.0,38.0,Female,3.0,9.0,3.0,5.397605346934028e-79,,112130.5075,2.0,120.0
87903.0,54.0,Male,10.0,6.0,5.0,5.0,,29012.865345,1.0,130.0
87904.0,80.0,Male,3.0,8.5,2.0,1.0,,29849.327373,1.0,131.0
87905.0,42.0,Female,16.0,4.0,8.0,8.0,,23520.071126,1.0,125.0
87906.0,22.0,Female,12.0,5.0,4.0,8.0,,33366.666655,2.0,129.0
87908.0,16.0,Male,5.0,10.0,5.397605346934028e-79,5.0,,44327.801889,2.0,132.0
87909.0,49.0,Male,3.0,4.5,1.0,2.0,,21047.068755,1.0,129.0
87910.0,50.0,Female,,10.5,,5.0,,63105.560123,2.0,127.0
87913.0,26.0,Female,4.0,10.0,3.0,1.0,,54706.809414,1.0,125.0
87914.0,36.0,Female,2.0,8.0,2.0,5.397605346934028e-79,,5.397605346934028e-79,2.0,124.0
87916.0,35.0,Male,3.0,12.0,2.0,1.0,,54172.600624,2.0,124.0
87918.0,33.0,Female,8.0,7.5,5.397605346934028e-79,8.0,60.0,38417.329887,1.0,121.0
87919.0,71.0,Male,2.0,6.0,1.0,1.0,,18913.655608,2.0,120.0
87920.0,75.0,Female,9.0,8.0,1.0,8.0,,11543.275044,2.0,133.0
87921.0,59.0,Male,3.0,7.0,2.0,1.0,,142045.461467,2.0,130.0
87922.0,61.0,Male,13.0,3.5,5.0,8.0,,9030.801246,1.0,121.0
87923.0,50.0,Male,8.0,8.0,5.397605346934028e-79,8.0,,19064.343867,1.0,123.0
87925.0,33.0,Female,9.0,8.5,1.0,8.0,,127719.202461,1.0,129.0
87930.0,27.0,Male,1.0795210693868056e-78,7.5,5.397605346934028e-79,5.397605346934028e-79,,21566.197191,1.0,129.0
87934.0,25.0,Male,10.0,8.0,5.0,5.0,,37627.013965,1.0,132.0
87937.0,52.0,Female,1.0,8.0,1.0,5.397605346934028e-79,,194171.847096,2.0,122.0
87939.0,36.0,Female,12.0,9.0,8.0,4.0,,23454.652004,2.0,120.0
87940.0,80.0,Male,16.0,11.0,8.0,8.0,,5.397605346934028e-79,2.0,119.0
87942.0,32.0,Female,5.0,5.0,5.0,5.397605346934028e-79,,22859.869801,1.0,126.0
87943.0,30.0,Male,5.0,7.0,5.397605346934028e-79,5.0,,19207.140185,1.0,131.0
87944.0,55.0,Male,10.0,6.5,2.0,8.0,,29259.412631,1.0,124.0
87945.0,36.0,Male,9.0,7.5,1.0,8.0,,27745.104018,1.0,128.0
87946.0,48.0,Male,8.0,6.0,5.397605346934028e-79,8.0,,27227.464434,1.0,119.0
87947.0,34.0,Male,8.0,7.0,5.0,3.0,,25052.367166,2.0,122.0
87948.0,21.0,Male,5.0,7.5,3.0,2.0,,114717.647932,2.0,131.0
87950.0,36.0,Male,4.0,7.5,5.397605346934028e-79,4.0,,5.397605346934028e-79,2.0,122.0
87951.0,70.0,Male,6.0,8.5,3.0,3.0,,89596.847397,1.0,125.0
87952.0,17.0,Female,2.0,9.0,2.0,5.397605346934028e-79,,31046.493275,2.0,130.0
87953.0,80.0,Female,13.0,7.0,5.0,8.0,,52126.766231,2.0,132.0
87954.0,33.0,Male,10.0,8.5,2.0,8.0,,28847.208831,2.0,125.0
87956.0,57.0,Male,10.0,7.5,2.0,8.0,,15355.867097,2.0,128.0
87957.0,48.0,Female,1.0795210693868056e-78,6.0,5.397605346934028e-79,5.397605346934028e-79,,22614.860256,2.0,129.0
87959.0,49.0,Male,2.0,7.5,2.0,5.397605346934028e-79,,153053.868185,2.0,124.0
87961.0,44.0,Female,8.0,8.0,5.397605346934028e-79,8.0,60.0,19467.112624,1.0,129.0
87962.0,61.0,Male,10.0,9.5,2.0,8.0,,28122.674759,1.0,126.0
87964.0,21.0,Male,6.0,7.5,4.0,2.0,,35618.499222,1.0,125.0
87965.0,34.0,Female,8.0,9.0,5.0,3.0,,130088.302258,1.0,132.0
87966.0,27.0,Male,4.0,7.5,3.0,1.0,,60373.309735,1.0,122.0
87969.0,38.0,Female,1.0,8.5,1.0,5.397605346934028e-79,60.0,35773.752927,2.0,128.0
87970.0,17.0,Female,5.0,8.0,3.0,2.0,,15349.989363,1.0,122.0
87971.0,34.0,Male,4.0,5.5,5.397605346934028e-79,4.0,,28924.260987,1.0,128.0
87974.0,32.0,Male,3.0,7.5,2.0,1.0,,29133.892344,2.0,125.0
87975.0,70.0,Male,13.0,8.0,5.0,8.0,,19559.219269,1.0,132.0
87977.0,80.0,Male,1.0795210693868056e-78,8.0,5.397605346934028e-79,5.397605346934028e-79,,29849.327373,1.0,131.0
87982.0,23.0,Female,10.0,10.0,2.0,8.0,,27734.546047,2.0,131.0
87983.0,53.0,Female,4.0,8.0,2.0,2.0,,15116.315648,1.0,124.0
87984.0,61.0,Female,2.0,7.5,2.0,5.397605346934028e-79,,9585.755282,1.0,127.0
87985.0,66.0,Male,11.0,8.5,3.0,8.0,,13991.639152,1.0,126.0
87986.0,72.0,Male,6.0,8.5,2.0,4.0,,19348.622957,2.0,130.0
87987.0,70.0,Male,10.0,8.0,2.0,8.0,,18574.738205,2.0,129.0
87988.0,38.0,Male,8.0,4.0,5.397605346934028e-79,8.0,,30074.50894,1.0,131.0
87990.0,66.0,Female,10.0,8.5,5.0,5.0,,41994.634395,1.0,125.0
87994.0,37.0,Female,8.0,5.5,5.397605346934028e-79,8.0,60.0,26559.202486,1.0,129.0
87995.0,54.0,Female,5.0,9.5,5.0,5.397605346934028e-79,,62382.855083,2.0,127.0
87997.0,25.0,Male,16.0,6.5,8.0,8.0,60.0,49156.800916,1.0,132.0
87998.0,80.0,Female,13.0,5.5,5.0,8.0,,16901.948131,2.0,131.0
88000.0,43.0,Female,3.0,9.0,2.0,1.0,,25178.634241,1.0,128.0
88001.0,63.0,Male,9.0,8.5,1.0,8.0,,10087.840731,2.0,133.0
88002.0,67.0,Male,3.0,7.5,3.0,5.397605346934028e-79,,201226.662423,2.0,127.0
88003.0,66.0,Male,13.0,11.0,5.0,8.0,,23361.795187,1.0,129.0
88005.0,21.0,Female,4.0,11.0,3.0,1.0,,32802.456191,1.0,127.0
88007.0,18.0,Female,11.0,10.0,3.0,8.0,,5.397605346934028e-79,1.0,128.0
88008.0,17.0,Female,10.0,11.0,2.0,8.0,,31570.108214,2.0,130.0
88010.0,80.0,Male,2.0,8.0,2.0,5.397605346934028e-79,,46937.630766,1.0,126.0
88011.0,64.0,Female,3.0,8.5,2.0,1.0,,156343.485794,2.0,130.0
88018.0,48.0,Male,3.0,8.0,2.0,1.0,,166919.96506,2.0,121.0
88019.0,73.0,Male,13.0,9.0,5.0,8.0,,100860.613873,1.0,132.0
88020.0,70.0,Male,3.0,7.5,2.0,1.0,,89225.705592,2.0,124.0
88021.0,60.0,Male,10.0,7.0,2.0,8.0,,10097.414448,1.0,128.0
88022.0,60.0,Female,12.0,6.0,4.0,8.0,,15636.010767,1.0,123.0
88025.0,43.0,Female,9.0,9.5,5.0,4.0,,21346.474036,1.0,124.0
88027.0,20.0,Female,1.0,6.5,1.0,5.397605346934028e-79,,30214.947531,1.0,122.0
88029.0,70.0,Male,11.0,7.0,3.0,8.0,,11924.412702,2.0,133.0
88030.0,27.0,Male,10.0,7.5,2.0,8.0,,40884.866223,1.0,129.0
88031.0,32.0,Male,8.0,5.0,3.0,5.0,,33526.415793,1.0,128.0
88034.0,63.0,Female,5.0,9.0,5.0,5.397605346934028e-79,,40018.777787,2.0,132.0
88038.0,16.0,Male,1.0,9.0,1.0,5.397605346934028e-79,,58203.33489,1.0,130.0
88040.0,41.0,Male,5.0,7.0,1.0,4.0,,114459.273288,2.0,121.0
88042.0,67.0,Female,16.0,8.0,8.0,8.0,,22626.907773,2.0,122.0
88044.0,19.0,Female,5.0,11.0,5.0,5.397605346934028e-79,,16227.873314,2.0,131.0
88045.0,32.0,Male,1.0795210693868056e-78,8.0,5.397605346934028e-79,5.397605346934028e-79,,97698.721921,2.0,123.0
88046.0,51.0,Female,9.0,8.5,8.0,1.0,,24960.432072,2.0,129.0
88047.0,29.0,Female,4.0,7.0,3.0,1.0,,28360.17792,2.0,127.0
88048.0,31.0,Female,4.0,9.0,3.0,1.0,,125658.594103,1.0,126.0
88049.0,20.0,Female,5.0,8.0,3.0,2.0,,54231.807789,1.0,131.0
88050.0,58.0,Female,9.0,7.0,1.0,8.0,,12100.228255,2.0,121.0
88051.0,35.0,Male,3.0,8.0,1.0,2.0,,17591.440543,1.0,122.0
88054.0,62.0,Male,7.0,6.5,4.0,3.0,,8256.678534,1.0,121.0
88055.0,26.0,Female,3.0,7.5,5.397605346934028e-79,3.0,,23952.056227,2.0,121.0
88056.0,33.0,Female,10.0,9.0,2.0,8.0,,25588.612498,2.0,122.0
88057.0,16.0,Female,2.0,8.0,1.0,1.0,,12749.537491,1.0,120.0
88058.0,41.0,Female,11.0,8.0,3.0,8.0,,22275.304843,1.0,128.0
88060.0,23.0,Female,6.0,7.5,1.0,5.0,,74181.295592,2.0,131.0
88063.0,71.0,Male,4.0,10.0,2.0,2.0,,5.397605346934028e-79,2.0,128.0
88064.0,35.0,Male,7.0,10.0,5.0,2.0,,17923.347838,2.0,126.0
88065.0,26.0,Female,1.0795210693868056e-78,9.0,5.397605346934028e-79,5.397605346934028e-79,,32598.268538,2.0,123.0
88069.0,79.0,Male,10.0,,2.0,8.0,,20048.069947,2.0,130.0
88070.0,19.0,Male,4.0,5.0,4.0,5.397605346934028e-79,,14181.702736,1.0,125.0
88071.0,20.0,Female,2.0,4.0,1.0,1.0,60.0,20398.771743,1.0,125.0
88072.0,31.0,Female,2.0,8.5,2.0,5.397605346934028e-79,,93466.781414,1.0,125.0
88073.0,18.0,Female,4.0,8.5,2.0,2.0,,17179.735808,2.0,131.0
88075.0,41.0,Male,3.0,7.0,2.0,1.0,,34722.78806,1.0,129.0
88077.0,24.0,Female,10.0,5.5,2.0,8.0,,26051.027906,2.0,131.0
88079.0,19.0,Male,10.0,10.5,2.0,8.0,,16492.319988,1.0,128.0
88081.0,36.0,Female,4.0,8.0,3.0,1.0,,22808.108299,2.0,126.0
88082.0,44.0,Female,2.0,8.0,2.0,5.397605346934028e-79,,168784.986786,1.0,132.0
88083.0,46.0,Female,3.0,9.5,3.0,5.397605346934028e-79,,23927.284018,2.0,131.0
88085.0,16.0,Male,4.0,7.0,2.0,2.0,,14599.460743,2.0,122.0
88086.0,31.0,Male,5.0,6.5,3.0,2.0,,26665.206062,1.0,124.0
88087.0,29.0,Female,8.0,8.0,5.397605346934028e-79,8.0,,16842.035516,2.0,120.0
88089.0,41.0,Female,13.0,7.0,5.0,8.0,,27417.279527,1.0,121.0
88090.0,54.0,Male,2.0,7.0,2.0,5.397605346934028e-79,,18484.581924,1.0,123.0
88092.0,40.0,Male,9.0,9.5,1.0,8.0,,31749.046328,1.0,128.0
88094.0,74.0,Female,9.0,8.5,1.0,8.0,,10785.338939,1.0,133.0
88096.0,68.0,Male,11.0,8.0,3.0,8.0,,33619.160664,2.0,126.0
88097.0,75.0,Female,9.0,8.5,5.0,4.0,,99339.427671,2.0,129.0
88098.0,80.0,Female,12.0,7.5,4.0,8.0,,5.397605346934028e-79,2.0,119.0
88099.0,42.0,Female,4.0,8.0,2.0,2.0,,15852.419741,1.0,124.0
88100.0,52.0,Male,3.0,6.5,3.0,5.397605346934028e-79,,28922.420842,2.0,133.0
88102.0,62.0,Male,3.0,7.0,3.0,5.397605346934028e-79,60.0,13159.139953,1.0,124.0
88103.0,68.0,Male,12.0,7.5,4.0,8.0,,10456.635801,2.0,130.0
88104.0,61.0,Female,13.0,9.0,5.0,8.0,,17696.584453,2.0,119.0
88106.0,20.0,Male,5.0,10.0,4.0,1.0,,39368.797015,1.0,121.0
88108.0,80.0,Female,9.0,10.0,1.0,8.0,,22021.022429,2.0,122.0
88110.0,32.0,Female,11.0,5.5,3.0,8.0,,29369.563257,2.0,127.0
88111.0,65.0,Female,1.0,8.0,5.397605346934028e-79,1.0,,20374.663982,2.0,133.0
88112.0,35.0,Male,2.0,7.5,1.0,1.0,,124803.726634,1.0,122.0
88113.0,64.0,Male,10.0,7.0,2.0,8.0,,9830.722166,2.0,133.0
88114.0,57.0,Male,6.0,7.0,2.0,4.0,,32553.939227,1.0,123.0
88115.0,42.0,Female,9.0,6.5,1.0,8.0,,19436.731792,1.0,119.0
88116.0,41.0,Female,1.0795210693868056e-78,8.5,5.397605346934028e-79,5.397605346934028e-79,,149579.858494,2.0,121.0
88119.0,67.0,Female,5.0,8.5,3.0,2.0,,154417.124653,2.0,124.0
88120.0,54.0,Male,5.0,8.0,2.0,3.0,,15413.458101,1.0,133.0
88123.0,26.0,Female,4.0,8.5,2.0,2.0,,92567.026455,2.0,123.0
88125.0,61.0,Male,5.0,7.0,5.0,5.397605346934028e-79,,14264.650861,1.0,121.0
88126.0,45.0,Male,3.0,8.0,3.0,5.397605346934028e-79,,29636.031914,1.0,124.0
88128.0,57.0,Female,5.0,5.0,5.0,5.397605346934028e-79,,22579.694611,1.0,125.0
88131.0,39.0,Male,2.0,8.0,1.0,1.0,,82869.719825,1.0,122.0
88132.0,42.0,Male,4.0,5.5,4.0,5.397605346934028e-79,,39473.891024,2.0,125.0
88133.0,34.0,Male,13.0,11.0,5.0,8.0,,24361.13315,2.0,132.0
88134.0,80.0,Male,10.0,9.0,5.0,5.0,,28701.27632,1.0,131.0
88136.0,31.0,Male,10.0,7.5,5.0,5.0,,5.397605346934028e-79,2.0,123.0
88137.0,66.0,Female,13.0,5.5,5.0,8.0,,19638.338661,1.0,119.0
88138.0,44.0,Female,3.0,7.0,1.0,2.0,,29298.107655,1.0,129.0
88143.0,66.0,Male,2.0,7.0,1.0,1.0,60.0,5.397605346934028e-79,1.0,126.0
88144.0,68.0,Male,5.0,8.0,4.0,1.0,,13079.199097,2.0,132.0
88145.0,75.0,Female,10.0,8.0,2.0,8.0,,16337.574714,1.0,119.0
88146.0,45.0,Male,2.0,8.0,1.0,1.0,,42040.451665,2.0,119.0
88147.0,27.0,Female,12.0,6.5,4.0,8.0,,52261.065132,1.0,131.0
88148.0,68.0,Female,13.0,8.0,5.0,8.0,,27732.357951,2.0,130.0
88149.0,69.0,Female,6.0,8.5,4.0,2.0,,218138.796971,2.0,127.0
88151.0,67.0,Male,9.0,9.0,1.0,8.0,,11229.716333,2.0,124.0
88153.0,80.0,Female,10.0,8.5,2.0,8.0,,16030.969743,2.0,127.0
88154.0,25.0,Male,5.0,8.0,2.0,3.0,,65273.070594,1.0,122.0
88156.0,28.0,Male,4.0,9.0,1.0,3.0,,133247.555122,1.0,130.0
88157.0,29.0,Male,1.0795210693868056e-78,8.0,5.397605346934028e-79,5.397605346934028e-79,,40074.167685,2.0,133.0
88158.0,51.0,Male,13.0,11.0,5.0,8.0,,193824.40165,1.0,132.0
88159.0,27.0,Female,4.0,5.0,2.0,2.0,,5.397605346934028e-79,2.0,126.0
88160.0,19.0,Female,16.0,7.5,8.0,8.0,,11466.988694,1.0,123.0
88161.0,63.0,Female,9.0,7.5,1.0,8.0,,6825.242598,1.0,124.0
88164.0,45.0,Female,12.0,6.0,4.0,8.0,,16867.474024,1.0,127.0
88167.0,38.0,Female,5.0,11.0,5.397605346934028e-79,5.0,,62317.073262,1.0,122.0
88168.0,18.0,Male,3.0,8.0,1.0,2.0,,15626.90167,2.0,128.0
88169.0,29.0,Male,10.0,5.5,2.0,8.0,,47233.487391,1.0,129.0
88170.0,80.0,Male,3.0,10.5,2.0,1.0,,29744.959096,2.0,132.0
88172.0,80.0,Male,2.0,6.5,2.0,5.397605346934028e-79,,28701.27632,2.0,127.0
88173.0,64.0,Male,8.0,4.0,5.397605346934028e-79,8.0,,39194.77938,2.0,132.0
88174.0,55.0,Female,2.0,8.5,2.0,5.397605346934028e-79,,19266.679344,2.0,121.0
88175.0,68.0,Male,13.0,7.5,5.0,8.0,,21397.804656,2.0,128.0
88176.0,16.0,Male,4.0,8.0,5.397605346934028e-79,4.0,,9101.054271,2.0,121.0
88178.0,29.0,Male,3.0,7.0,2.0,1.0,,24878.45581,1.0,124.0
88179.0,17.0,Male,2.0,7.5,1.0,1.0,,33769.017022,2.0,131.0
88181.0,39.0,Male,7.0,6.0,2.0,5.0,,24106.164947,2.0,131.0
88182.0,38.0,Female,3.0,9.0,2.0,1.0,,57632.667639,2.0,121.0
88184.0,23.0,Female,4.0,7.5,2.0,2.0,,68215.563701,2.0,123.0
88185.0,42.0,Female,8.0,6.0,5.397605346934028e-79,8.0,,14317.665046,2.0,121.0
88186.0,31.0,Male,1.0,5.0,5.397605346934028e-79,1.0,,35714.217906,2.0,130.0
88188.0,51.0,Male,4.0,7.5,3.0,1.0,,16604.281793,1.0,121.0
88190.0,19.0,Male,6.0,9.5,5.0,1.0,,5.397605346934028e-79,1.0,128.0
88191.0,68.0,Male,11.0,9.0,3.0,8.0,,8014.616171,1.0,125.0
88192.0,20.0,Male,2.0,8.0,1.0,1.0,60.0,48497.476238,1.0,132.0
88194.0,80.0,Male,5.0,8.5,3.0,2.0,,14595.154853,1.0,122.0
88196.0,43.0,Female,11.0,9.0,3.0,8.0,,5.397605346934028e-79,2.0,121.0
88197.0,80.0,Female,13.0,9.0,5.0,8.0,,14013.210616,1.0,128.0
88198.0,63.0,Male,9.0,10.0,1.0,8.0,,8113.690331,1.0,124.0
88199.0,29.0,Female,10.0,7.0,2.0,8.0,,28141.140181,2.0,129.0
88200.0,28.0,Male,5.0,5.0,2.0,3.0,,22700.550233,2.0,133.0
88203.0,64.0,Male,10.0,7.0,2.0,8.0,,9267.012544,1.0,128.0
88205.0,23.0,Female,5.0,7.0,5.0,5.397605346934028e-79,,27277.758336,1.0,126.0
88206.0,65.0,Female,2.0,9.0,2.0,5.397605346934028e-79,,189588.363381,1.0,122.0
88208.0,71.0,Male,3.0,6.5,1.0,2.0,,6955.747087,2.0,119.0
88209.0,22.0,Male,10.0,8.0,5.0,5.0,,5.397605346934028e-79,2.0,124.0
88210.0,36.0,Male,3.0,7.0,2.0,1.0,,34495.533448,1.0,122.0
88211.0,44.0,Female,10.0,10.0,5.0,5.0,,17906.420762,2.0,131.0
88215.0,22.0,Female,9.0,11.0,1.0,8.0,,79204.537729,2.0,132.0
88216.0,28.0,Female,12.0,14.0,4.0,8.0,,21854.948663,1.0,119.0
88217.0,51.0,Male,1.0,7.0,5.397605346934028e-79,1.0,,23121.767185,1.0,122.0
88218.0,54.0,Male,4.0,8.0,2.0,2.0,,46561.783671,1.0,121.0
88222.0,44.0,Male,13.0,8.0,5.0,8.0,,30335.279173,1.0,131.0
88224.0,48.0,Male,5.0,7.5,4.0,1.0,,86463.099473,2.0,121.0
88227.0,20.0,Male,8.0,9.0,3.0,5.0,,131903.531658,2.0,127.0
88228.0,25.0,Male,5.0,8.0,1.0,4.0,,112617.262392,2.0,121.0
88229.0,80.0,Male,12.0,8.0,4.0,8.0,,16856.90242,1.0,130.0
88230.0,42.0,Female,2.0,6.5,1.0,1.0,,28200.837069,2.0,120.0
88231.0,62.0,Female,5.0,7.0,2.0,3.0,,24183.461509,1.0,132.0
88232.0,65.0,Male,2.0,7.5,2.0,5.397605346934028e-79,,10619.793851,1.0,124.0
88233.0,51.0,Male,3.0,5.5,2.0,1.0,,16931.95742,2.0,125.0
88234.0,18.0,Female,13.0,7.0,5.0,8.0,,15100.516176,2.0,120.0
88238.0,48.0,Male,4.0,7.0,2.0,2.0,,39583.235505,1.0,130.0
88240.0,80.0,Female,13.0,8.5,5.0,8.0,,38585.540279,1.0,131.0
88241.0,54.0,Female,8.0,10.5,5.397605346934028e-79,8.0,60.0,17275.129013,2.0,127.0
88243.0,60.0,Female,5.0,10.0,4.0,1.0,,8654.319426,2.0,121.0
88244.0,57.0,Female,5.0,8.0,3.0,2.0,,167789.601963,1.0,120.0
88248.0,17.0,Male,4.0,8.0,2.0,2.0,,6740.109201,1.0,119.0
88249.0,43.0,Female,2.0,6.0,1.0,1.0,,15637.65638,2.0,125.0
88253.0,61.0,Male,13.0,8.0,5.0,8.0,,10397.804942,2.0,126.0
88254.0,19.0,Female,5.0,5.0,2.0,3.0,,15055.82064,1.0,129.0
88255.0,59.0,Male,8.0,4.0,5.397605346934028e-79,8.0,,25228.379989,1.0,122.0
88256.0,62.0,Female,3.0,6.0,2.0,1.0,,8075.617835,1.0,127.0
88257.0,31.0,Female,10.0,6.0,2.0,8.0,,34293.398676,1.0,133.0
88258.0,64.0,Female,3.0,9.0,2.0,1.0,,9740.207663,2.0,120.0
88260.0,51.0,Female,9.0,8.0,1.0,8.0,,19471.736929,1.0,120.0
88261.0,31.0,Female,8.0,7.5,5.397605346934028e-79,8.0,60.0,24666.051983,2.0,129.0
88262.0,41.0,Female,2.0,9.0,2.0,5.397605346934028e-79,,122893.00225,2.0,121.0
88264.0,63.0,Female,4.0,8.0,2.0,2.0,30.0,18103.656902,2.0,119.0
88266.0,18.0,Male,10.0,8.0,5.0,5.0,,8296.140288,1.0,123.0
88267.0,26.0,Male,8.0,7.5,8.0,5.397605346934028e-79,,21328.188402,2.0,128.0
88272.0,43.0,Female,1.0,6.5,1.0,5.397605346934028e-79,,31828.570892,1.0,131.0
88274.0,73.0,Male,9.0,6.0,1.0,8.0,,21045.211171,2.0,127.0
88279.0,16.0,Female,4.0,6.5,2.0,2.0,,45273.300473,2.0,132.0
88280.0,16.0,Male,3.0,8.0,2.0,1.0,,8573.79688,2.0,129.0
88282.0,26.0,Male,1.0795210693868056e-78,8.0,5.397605346934028e-79,5.397605346934028e-79,,22151.316392,2.0,129.0
88285.0,80.0,Female,6.0,9.0,2.0,4.0,,14657.150154,2.0,127.0
88286.0,52.0,Female,1.0,5.5,1.0,5.397605346934028e-79,,17960.111648,2.0,124.0
88287.0,60.0,Male,11.0,3.0,3.0,8.0,,12619.212937,1.0,125.0
88289.0,73.0,Female,3.0,6.5,3.0,5.397605346934028e-79,,109544.909032,1.0,126.0
88291.0,76.0,Male,11.0,12.5,3.0,8.0,,17844.448677,2.0,125.0
88292.0,56.0,Female,4.0,10.0,4.0,5.397605346934028e-79,,5.397605346934028e-79,1.0,121.0
88293.0,41.0,Female,9.0,8.0,1.0,8.0,,24218.350649,2.0,131.0
88294.0,36.0,Male,2.0,7.0,1.0,1.0,,22195.751804,2.0,121.0
88296.0,17.0,Female,1.0,8.0,5.397605346934028e-79,1.0,,24192.050785,1.0,131.0
88297.0,40.0,Female,1.0,6.5,5.397605346934028e-79,1.0,,15805.417375,2.0,122.0
88298.0,63.0,Female,5.0,6.5,3.0,2.0,,152272.769915,2.0,125.0
88301.0,38.0,Male,4.0,8.0,3.0,1.0,,23978.402514,2.0,121.0
88302.0,44.0,Female,2.0,6.5,2.0,5.397605346934028e-79,,19539.920192,2.0,131.0
88303.0,65.0,Male,12.0,7.0,4.0,8.0,,13778.300116,2.0,121.0
88304.0,65.0,Female,11.0,6.0,8.0,3.0,,9902.703883,2.0,123.0
88306.0,41.0,Male,10.0,6.5,2.0,8.0,,30806.302878,1.0,129.0
88307.0,57.0,Female,6.0,7.0,5.0,1.0,,183104.362006,1.0,126.0
88309.0,36.0,Male,11.0,9.0,3.0,8.0,60.0,27745.104018,1.0,127.0
88310.0,23.0,Male,3.0,8.0,3.0,5.397605346934028e-79,,31870.459298,1.0,133.0
88314.0,80.0,Female,13.0,10.0,5.0,8.0,,14269.258022,2.0,126.0
88315.0,28.0,Female,1.0,8.0,1.0,5.397605346934028e-79,,30509.946392,2.0,119.0
88317.0,29.0,Male,4.0,8.0,3.0,1.0,,17659.968215,2.0,121.0
88318.0,23.0,Female,2.0,8.0,1.0,1.0,,26640.965273,2.0,129.0
88319.0,67.0,Male,4.0,8.0,3.0,1.0,,160224.368468,2.0,123.0
88320.0,61.0,Male,8.0,4.5,5.0,3.0,,13598.883245,2.0,127.0
88321.0,80.0,Female,3.0,8.0,3.0,5.397605346934028e-79,,68852.60742,2.0,121.0
88322.0,60.0,Male,,8.0,,5.397605346934028e-79,,12527.320173,2.0,123.0
88327.0,51.0,Male,12.0,6.0,4.0,8.0,,21627.370262,1.0,124.0
88328.0,46.0,Female,4.0,8.0,3.0,1.0,,19504.407151,2.0,131.0
88329.0,73.0,Male,9.0,7.0,1.0,8.0,,9080.755,1.0,124.0
88330.0,62.0,Male,4.0,8.0,4.0,5.397605346934028e-79,,9119.356535,2.0,125.0
88332.0,23.0,Female,8.0,9.0,5.0,3.0,,52313.474159,2.0,122.0
88333.0,43.0,Female,2.0,8.5,2.0,5.397605346934028e-79,,22782.351824,2.0,131.0
88334.0,39.0,Female,8.0,6.5,5.0,3.0,,15956.04054,2.0,133.0
88335.0,33.0,Female,11.0,10.0,3.0,8.0,,20607.26201,1.0,119.0
88336.0,28.0,Female,2.0,8.0,1.0,1.0,,70726.705494,2.0,130.0
88337.0,49.0,Male,10.0,8.0,2.0,8.0,,18773.99914,2.0,129.0
88338.0,70.0,Male,3.0,8.0,3.0,5.397605346934028e-79,,54105.881387,1.0,131.0
88339.0,43.0,Female,8.0,9.0,5.397605346934028e-79,8.0,,117608.971956,1.0,130.0
88342.0,45.0,Male,7.0,4.0,4.0,3.0,,28536.770987,1.0,119.0
88343.0,35.0,Male,2.0,7.0,1.0,1.0,,45710.936876,2.0,127.0
88344.0,80.0,Female,6.0,7.0,5.0,1.0,,50790.182481,1.0,130.0
88346.0,74.0,Male,3.0,8.0,2.0,1.0,,95771.521852,1.0,126.0
88348.0,26.0,Female,3.0,10.0,5.397605346934028e-79,3.0,,16394.586684,1.0,123.0
88349.0,16.0,Female,5.0,5.0,3.0,2.0,,87025.702047,1.0,132.0
88350.0,45.0,Male,6.0,7.0,5.0,1.0,,23731.336829,1.0,126.0
88351.0,41.0,Female,6.0,9.0,5.0,1.0,,30431.443395,2.0,120.0
88352.0,27.0,Female,16.0,9.0,8.0,8.0,30.0,23513.63566,2.0,122.0
88353.0,34.0,Male,10.0,6.0,2.0,8.0,,31912.32853,1.0,132.0
88354.0,16.0,Female,9.0,8.0,4.0,5.0,,17228.793313,1.0,128.0
88355.0,69.0,Male,5.0,9.0,3.0,2.0,,224891.623229,2.0,127.0
88359.0,17.0,Female,7.0,6.0,2.0,5.0,,14443.947022,2.0,133.0
88360.0,20.0,Female,9.0,9.0,4.0,5.0,,37610.903999,2.0,127.0
88361.0,36.0,Female,3.0,9.0,2.0,1.0,,30212.693226,1.0,121.0
88365.0,36.0,Male,4.0,8.5,4.0,5.397605346934028e-79,,27854.666035,2.0,131.0
88366.0,42.0,Female,10.0,9.0,2.0,8.0,,20561.819855,1.0,128.0
88367.0,64.0,Female,4.0,6.5,4.0,5.397605346934028e-79,,20140.016437,1.0,119.0
88368.0,51.0,Female,4.0,7.0,2.0,2.0,,22404.176964,2.0,119.0
88369.0,73.0,Female,6.0,9.0,5.0,1.0,,92188.721387,2.0,125.0
88370.0,34.0,Male,11.0,10.0,3.0,8.0,,48362.959568,1.0,130.0
88375.0,25.0,Male,8.0,6.0,3.0,5.0,,5.397605346934028e-79,2.0,123.0
88376.0,71.0,Female,3.0,9.0,3.0,5.397605346934028e-79,,125771.924369,1.0,133.0
88377.0,30.0,Female,8.0,7.5,4.0,4.0,,23928.976208,1.0,127.0
88380.0,41.0,Female,3.0,7.5,2.0,1.0,,27664.364465,2.0,125.0
88383.0,16.0,Female,2.0,6.0,5.397605346934028e-79,2.0,,12692.669963,1.0,120.0
88384.0,37.0,Female,1.0,8.0,5.397605346934028e-79,1.0,30.0,39575.435905,1.0,131.0
88385.0,43.0,Female,3.0,7.0,2.0,1.0,,31550.166385,2.0,122.0
88386.0,38.0,Female,2.0,8.0,5.397605346934028e-79,2.0,,21894.044113,2.0,128.0
88388.0,55.0,Male,3.0,6.0,3.0,5.397605346934028e-79,,115678.715792,1.0,123.0
88389.0,68.0,Female,4.0,11.0,2.0,2.0,,179676.175909,2.0,123.0
88392.0,42.0,Female,1.0795210693868056e-78,7.0,5.397605346934028e-79,5.397605346934028e-79,,30448.414543,2.0,122.0
88393.0,60.0,Female,10.0,8.0,2.0,8.0,,5921.040235,2.0,119.0
88395.0,65.0,Female,3.0,8.0,1.0,2.0,,123255.166856,1.0,130.0
88396.0,48.0,Female,8.0,8.0,5.397605346934028e-79,8.0,,5.397605346934028e-79,1.0,124.0
88398.0,76.0,Male,9.0,8.5,1.0,8.0,,13089.572022,1.0,128.0
88399.0,34.0,Male,5.0,8.5,3.0,2.0,,5.397605346934028e-79,1.0,123.0
88400.0,58.0,Female,3.0,9.0,2.0,1.0,,138098.595826,2.0,127.0
88401.0,73.0,Female,12.0,11.5,4.0,8.0,,9730.222274,1.0,124.0
88402.0,47.0,Female,1.0795210693868056e-78,7.0,5.397605346934028e-79,5.397605346934028e-79,,16067.579078,2.0,126.0
88404.0,70.0,Male,13.0,7.5,5.0,8.0,,16340.745536,2.0,132.0
88406.0,80.0,Male,13.0,10.0,5.0,8.0,,39083.394399,1.0,123.0
88407.0,44.0,Female,10.0,8.0,8.0,2.0,,18740.792577,1.0,119.0
88410.0,19.0,Male,10.0,9.0,2.0,8.0,,83918.959327,1.0,122.0
88411.0,22.0,Male,4.0,9.0,1.0,3.0,,5.397605346934028e-79,2.0,122.0
88412.0,34.0,Female,4.0,5.0,1.0,3.0,,20710.777781,2.0,126.0
88413.0,62.0,Male,10.0,11.0,2.0,8.0,,8395.3921,1.0,124.0
88414.0,25.0,Female,7.0,8.0,2.0,5.0,,63759.952237,1.0,130.0
88417.0,59.0,Male,7.0,6.5,5.0,2.0,,14775.013182,1.0,122.0
88418.0,77.0,Female,11.0,10.0,3.0,8.0,,70602.426639,2.0,130.0
88421.0,80.0,Female,12.0,2.0,4.0,8.0,,15229.421256,2.0,127.0
88422.0,62.0,Male,8.0,6.5,4.0,4.0,,7795.500012,2.0,123.0
88425.0,45.0,Male,2.0,6.0,5.397605346934028e-79,2.0,,154607.633093,2.0,127.0
88426.0,66.0,Male,1.0795210693868056e-78,8.0,5.397605346934028e-79,5.397605346934028e-79,,8730.139944,1.0,124.0
88427.0,30.0,Male,10.0,7.0,2.0,8.0,,19988.583362,2.0,133.0
88428.0,47.0,Male,2.0,7.0,1.0,1.0,,72634.747383,1.0,131.0
88429.0,51.0,Male,10.0,6.0,2.0,8.0,,18913.071821,2.0,133.0
88430.0,63.0,Male,3.0,5.5,2.0,1.0,,5.397605346934028e-79,1.0,124.0
88431.0,64.0,Female,9.0,7.0,1.0,8.0,,7666.918971,1.0,124.0
88432.0,33.0,Male,3.0,8.0,1.0,2.0,,33345.634069,1.0,132.0
88433.0,22.0,Female,2.0,8.5,1.0,1.0,,90541.342472,1.0,126.0
88434.0,80.0,Female,4.0,8.0,3.0,1.0,,38585.540279,2.0,127.0
88436.0,80.0,Female,13.0,8.5,5.0,8.0,,82413.392884,1.0,126.0
88438.0,61.0,Male,11.0,8.0,8.0,3.0,,164487.116848,1.0,122.0
88439.0,47.0,Female,4.0,8.5,1.0,3.0,,94221.620711,2.0,132.0
88440.0,39.0,Female,10.0,8.0,2.0,8.0,,77400.353553,1.0,120.0
88441.0,76.0,Male,10.0,9.0,2.0,8.0,,10994.933123,1.0,128.0
88444.0,17.0,Female,3.0,8.0,5.397605346934028e-79,3.0,,16307.500039,2.0,128.0
88445.0,31.0,Female,5.0,9.0,5.397605346934028e-79,5.0,,121348.343403,2.0,130.0
88448.0,80.0,Female,3.0,9.5,2.0,1.0,,74237.889071,1.0,126.0
88450.0,49.0,Male,13.0,6.0,5.0,8.0,,12770.510265,1.0,133.0
88451.0,34.0,Female,9.0,8.0,1.0,8.0,,22941.586129,1.0,125.0
88453.0,59.0,Female,10.0,7.0,8.0,2.0,,15148.581739,1.0,128.0
88455.0,58.0,Male,4.0,6.0,3.0,1.0,,27433.332407,2.0,130.0
88457.0,17.0,Female,3.0,10.0,3.0,5.397605346934028e-79,,98230.308822,1.0,129.0
88459.0,38.0,Male,10.0,6.0,2.0,8.0,,27999.267649,2.0,121.0
88460.0,46.0,Female,10.0,7.0,2.0,8.0,,123584.485549,1.0,126.0
88461.0,27.0,Male,11.0,8.0,8.0,3.0,,20454.398509,2.0,129.0
88462.0,51.0,Female,8.0,9.5,5.397605346934028e-79,8.0,20.0,16119.882935,1.0,126.0
88464.0,38.0,Male,1.0,7.0,1.0,5.397605346934028e-79,,21136.839515,1.0,123.0
88468.0,77.0,Male,13.0,7.0,5.0,8.0,,14714.628102,1.0,123.0
88469.0,33.0,Male,1.0,7.0,5.397605346934028e-79,1.0,,22131.030333,1.0,125.0
88472.0,27.0,Female,2.0,8.0,2.0,5.397605346934028e-79,,5.397605346934028e-79,1.0,128.0
88475.0,18.0,Male,4.0,7.0,4.0,5.397605346934028e-79,,12692.13969,1.0,123.0
88476.0,35.0,Female,8.0,8.5,8.0,5.397605346934028e-79,,78249.573733,1.0,120.0
88477.0,47.0,Male,1.0,7.0,1.0,5.397605346934028e-79,,46200.087408,2.0,124.0
88479.0,80.0,Female,2.0,9.5,2.0,5.397605346934028e-79,,39191.153851,2.0,132.0
88480.0,22.0,Female,10.0,6.0,2.0,8.0,,35408.110664,2.0,130.0
88481.0,58.0,Female,12.0,7.0,4.0,8.0,,171732.581851,2.0,127.0
88482.0,72.0,Female,12.0,8.0,4.0,8.0,,22398.173063,2.0,133.0
88483.0,78.0,Female,16.0,9.0,8.0,8.0,,24919.405738,2.0,122.0
88485.0,40.0,Female,4.0,6.0,3.0,1.0,,21073.198343,1.0,128.0
88487.0,50.0,Female,9.0,7.0,8.0,1.0,,24601.600285,1.0,126.0
88488.0,66.0,Female,10.0,10.0,2.0,8.0,,8363.911605,1.0,124.0
88489.0,22.0,Female,13.0,9.0,5.0,8.0,,5.397605346934028e-79,1.0,129.0
88490.0,16.0,Female,4.0,9.0,5.397605346934028e-79,4.0,,70456.636138,2.0,121.0
88496.0,37.0,Female,1.0795210693868056e-78,8.5,5.397605346934028e-79,5.397605346934028e-79,,75267.994341,1.0,131.0
88497.0,42.0,Female,1.0,7.0,1.0,5.397605346934028e-79,,129569.718869,1.0,122.0
88501.0,31.0,Male,10.0,5.0,2.0,8.0,,31449.718205,1.0,127.0
88503.0,48.0,Female,5.0,5.0,4.0,1.0,,21494.37917,2.0,129.0
88504.0,22.0,Female,8.0,7.5,5.0,3.0,,75293.046452,2.0,120.0
88507.0,32.0,Female,1.0795210693868056e-78,9.0,5.397605346934028e-79,5.397605346934028e-79,40.0,32533.342201,1.0,129.0
88508.0,16.0,Female,8.0,6.0,5.0,3.0,,27558.272542,2.0,131.0
88509.0,32.0,Male,5.0,7.5,3.0,2.0,,26545.556862,1.0,120.0
88513.0,80.0,Female,13.0,10.0,5.0,8.0,,5.397605346934028e-79,1.0,130.0
88514.0,62.0,Female,9.0,8.0,4.0,5.0,,40649.394025,1.0,130.0
88515.0,54.0,Male,3.0,5.0,3.0,5.397605346934028e-79,,132867.601123,1.0,129.0
88516.0,71.0,Male,7.0,9.0,3.0,4.0,,20007.834032,2.0,120.0
88518.0,56.0,Female,10.0,6.0,2.0,8.0,,18140.12955,1.0,121.0
88521.0,19.0,Female,3.0,10.0,1.0,2.0,,13204.753777,1.0,129.0
88524.0,24.0,Male,10.0,9.5,5.0,5.0,,47684.935817,1.0,125.0
88525.0,33.0,Male,8.0,8.0,5.397605346934028e-79,8.0,60.0,26884.452034,2.0,119.0
88526.0,68.0,Female,7.0,8.0,2.0,5.0,,21562.787229,1.0,133.0
88527.0,80.0,Female,10.0,9.0,2.0,8.0,,29848.030146,1.0,131.0
88528.0,30.0,Female,2.0,8.0,2.0,5.397605346934028e-79,,5.397605346934028e-79,2.0,126.0
88529.0,35.0,Female,7.0,6.5,4.0,3.0,,37658.894413,2.0,127.0
88530.0,49.0,Female,4.0,7.5,2.0,2.0,,89348.088605,1.0,131.0
88531.0,40.0,Female,6.0,8.0,5.0,1.0,,18468.145579,2.0,129.0
88533.0,34.0,Female,2.0,8.5,1.0,1.0,,22005.097996,2.0,122.0
88536.0,35.0,Female,2.0,9.5,2.0,5.397605346934028e-79,,34705.370824,2.0,128.0
88537.0,45.0,Male,8.0,7.0,5.397605346934028e-79,8.0,,21557.511185,2.0,131.0
88538.0,66.0,Female,2.0,8.5,1.0,1.0,,9585.755282,1.0,123.0
88539.0,16.0,Male,8.0,5.0,4.0,4.0,,13275.166361,2.0,126.0
88540.0,22.0,Female,5.0,8.0,3.0,2.0,,54156.056104,1.0,125.0
88541.0,16.0,Female,3.0,8.5,2.0,1.0,,38025.34689,2.0,125.0
88542.0,28.0,Female,8.0,8.0,5.0,3.0,,38355.701239,1.0,132.0
88543.0,22.0,Male,4.0,4.5,2.0,2.0,,40089.298926,1.0,126.0
88544.0,67.0,Male,8.0,10.0,5.397605346934028e-79,8.0,60.0,32395.583089,2.0,132.0
88545.0,46.0,Male,12.0,7.5,4.0,8.0,,25246.403533,2.0,126.0
88547.0,26.0,Male,5.0,11.5,1.0,4.0,,41361.395933,1.0,131.0
88549.0,46.0,Male,4.0,7.0,3.0,1.0,,39930.35613,1.0,130.0
88551.0,52.0,Male,13.0,6.0,5.0,8.0,,15045.672367,1.0,119.0
88552.0,42.0,Female,1.0,7.5,1.0,5.397605346934028e-79,,13287.690507,2.0,128.0
88553.0,29.0,Female,4.0,10.0,2.0,2.0,,32082.892617,1.0,119.0
88556.0,80.0,Male,10.0,4.5,2.0,8.0,,35382.043978,1.0,124.0
88559.0,43.0,Male,4.0,8.0,3.0,1.0,,19060.480426,1.0,119.0
88561.0,45.0,Male,3.0,6.0,3.0,5.397605346934028e-79,,43398.916183,2.0,130.0
88562.0,44.0,Female,6.0,9.5,4.0,2.0,,22313.327014,2.0,125.0
88565.0,46.0,Female,9.0,7.5,1.0,8.0,,32158.888341,2.0,120.0
88566.0,60.0,Female,4.0,7.5,2.0,2.0,,18337.18641,2.0,119.0
88568.0,23.0,Female,4.0,7.0,3.0,1.0,,22409.437121,1.0,122.0
88570.0,29.0,Female,3.0,8.5,2.0,1.0,,72085.107991,1.0,123.0
88572.0,34.0,Female,4.0,9.0,2.0,2.0,,25509.061817,1.0,128.0
88574.0,29.0,Male,5.0,7.5,3.0,2.0,,99354.764775,2.0,133.0
88575.0,48.0,Male,1.0795210693868056e-78,7.5,5.397605346934028e-79,5.397605346934028e-79,,147620.534125,2.0,128.0
88576.0,33.0,Male,8.0,8.0,4.0,4.0,,25026.175059,2.0,129.0
88578.0,33.0,Female,3.0,9.0,1.0,2.0,,5.397605346934028e-79,2.0,133.0
88580.0,27.0,Female,8.0,7.5,5.397605346934028e-79,8.0,,25610.321542,1.0,133.0
88582.0,19.0,Male,5.0,5.5,5.397605346934028e-79,5.0,,16498.807466,2.0,129.0
88583.0,31.0,Female,7.0,6.0,2.0,5.0,,25425.58734,2.0,131.0
88584.0,57.0,Male,1.0795210693868056e-78,8.0,5.397605346934028e-79,5.397605346934028e-79,60.0,19536.280249,1.0,124.0
88585.0,48.0,Male,10.0,7.5,2.0,8.0,,29265.987734,1.0,129.0
88588.0,50.0,Female,12.0,9.0,4.0,8.0,,18598.25634,2.0,122.0
88589.0,37.0,Female,1.0795210693868056e-78,7.0,5.397605346934028e-79,5.397605346934028e-79,,27382.128761,2.0,129.0
88590.0,45.0,Male,2.0,5.5,5.397605346934028e-79,2.0,,29433.257171,1.0,119.0
88591.0,38.0,Female,6.0,4.0,4.0,2.0,,30081.48795,2.0,130.0
88592.0,41.0,Male,3.0,8.5,2.0,1.0,,35635.605445,1.0,127.0
88593.0,73.0,Female,6.0,8.5,2.0,4.0,,121271.616225,1.0,122.0
88598.0,75.0,Male,16.0,7.0,8.0,8.0,,87241.569319,1.0,121.0
88599.0,80.0,Male,3.0,10.0,2.0,1.0,,17438.681696,1.0,123.0
88600.0,59.0,Male,2.0,7.5,5.397605346934028e-79,2.0,,11076.318265,2.0,122.0
88601.0,24.0,Female,8.0,9.0,5.397605346934028e-79,8.0,,23567.386917,1.0,121.0
88602.0,23.0,Male,3.0,10.0,2.0,1.0,,24121.740217,1.0,122.0
88604.0,38.0,Male,2.0,7.0,5.397605346934028e-79,2.0,,27496.492318,1.0,124.0
88605.0,37.0,Female,9.0,7.0,1.0,8.0,,134950.724525,2.0,127.0
88606.0,66.0,Male,13.0,5.0,5.0,8.0,60.0,45714.035247,1.0,120.0
88607.0,21.0,Female,8.0,7.0,3.0,5.0,,58278.289087,1.0,126.0
88608.0,28.0,Female,8.0,7.0,5.397605346934028e-79,8.0,30.0,34512.595036,2.0,131.0
88609.0,67.0,Male,2.0,8.0,1.0,1.0,,10842.31495,1.0,120.0
88611.0,19.0,Female,4.0,5.0,1.0,3.0,,28695.121189,2.0,122.0
88612.0,77.0,Male,12.0,7.5,4.0,8.0,,12392.032301,2.0,127.0
88613.0,58.0,Female,4.0,6.5,3.0,1.0,,35137.552136,2.0,127.0
88614.0,35.0,Female,9.0,6.5,1.0,8.0,,40438.186693,1.0,132.0
88615.0,79.0,Female,10.0,7.5,5.0,5.0,,22667.3302,2.0,131.0
88618.0,27.0,Male,10.0,10.0,2.0,8.0,,27764.610966,2.0,131.0
88619.0,64.0,Female,10.0,10.0,2.0,8.0,,11363.121871,2.0,127.0
88621.0,40.0,Female,1.0,9.0,5.397605346934028e-79,1.0,,19951.651302,2.0,133.0
88622.0,48.0,Female,4.0,6.0,2.0,2.0,,14309.268909,1.0,119.0
88623.0,29.0,Female,10.0,8.0,2.0,8.0,,29618.907543,1.0,124.0
88625.0,33.0,Female,9.0,5.0,5.0,4.0,,28553.385746,1.0,123.0
88626.0,68.0,Female,3.0,8.0,5.397605346934028e-79,3.0,,153133.391412,1.0,126.0
88627.0,30.0,Female,6.0,7.0,4.0,2.0,,42249.097869,1.0,122.0
88628.0,68.0,Female,10.0,7.0,2.0,8.0,,8062.071858,1.0,128.0
88629.0,70.0,Female,10.0,9.5,2.0,8.0,60.0,13670.093876,2.0,122.0
88630.0,32.0,Male,3.0,6.5,3.0,5.397605346934028e-79,,151329.027227,2.0,122.0
88631.0,23.0,Female,5.0,7.5,4.0,1.0,,5.397605346934028e-79,1.0,119.0
88632.0,42.0,Female,6.0,6.0,3.0,3.0,,17538.16345,2.0,129.0
88633.0,30.0,Male,4.0,8.0,2.0,2.0,,22972.733694,2.0,121.0
88634.0,59.0,Male,4.0,5.5,4.0,5.397605346934028e-79,,46882.85589,1.0,122.0
88637.0,49.0,Male,7.0,8.0,5.0,2.0,,141280.78092,2.0,120.0
88638.0,46.0,Male,13.0,7.0,5.0,8.0,,25566.969799,2.0,130.0
88639.0,16.0,Male,6.0,4.0,3.0,3.0,,13313.418328,1.0,124.0
88640.0,58.0,Male,13.0,4.0,5.0,8.0,45.0,25358.298411,1.0,125.0
88641.0,55.0,Female,4.0,8.0,3.0,1.0,,23278.050755,2.0,128.0
88642.0,63.0,Female,13.0,8.0,5.0,8.0,,25818.630477,2.0,130.0
88643.0,33.0,Male,6.0,6.5,2.0,4.0,,131582.851737,2.0,130.0
88644.0,17.0,Female,7.0,10.0,3.0,4.0,,28525.124329,1.0,126.0
88645.0,70.0,Female,2.0,7.5,2.0,5.397605346934028e-79,,12238.136695,2.0,125.0
88646.0,56.0,Female,3.0,6.0,1.0,2.0,,5.397605346934028e-79,1.0,130.0
88647.0,59.0,Female,3.0,6.5,3.0,5.397605346934028e-79,,15918.268037,2.0,128.0
88650.0,80.0,Female,8.0,9.0,5.397605346934028e-79,8.0,,24875.783754,2.0,132.0
88651.0,52.0,Female,1.0795210693868056e-78,12.0,5.397605346934028e-79,5.397605346934028e-79,,25170.806633,2.0,128.0
88652.0,18.0,Female,9.0,11.5,4.0,5.0,,13149.267507,1.0,121.0
88653.0,31.0,Female,2.0,6.5,2.0,5.397605346934028e-79,,35348.435447,1.0,122.0
88654.0,61.0,Female,11.0,7.0,3.0,8.0,,10050.033571,1.0,128.0
88655.0,41.0,Male,10.0,5.5,5.0,5.0,,22668.56273,2.0,125.0
88657.0,62.0,Female,9.0,8.0,1.0,8.0,,9402.651544,1.0,133.0
88658.0,48.0,Male,4.0,9.0,1.0,3.0,,145218.718171,2.0,121.0
88659.0,63.0,Male,7.0,9.5,5.0,2.0,,11239.806926,2.0,129.0
88660.0,54.0,Male,2.0,6.0,2.0,5.397605346934028e-79,,99287.934073,1.0,131.0
88661.0,40.0,Male,1.0,8.5,1.0,5.397605346934028e-79,,128675.045659,1.0,130.0
88664.0,51.0,Male,13.0,7.0,5.0,8.0,,9706.232741,2.0,121.0
88665.0,79.0,Female,10.0,7.5,2.0,8.0,,14756.62682,1.0,128.0
88666.0,28.0,Female,2.0,8.0,1.0,1.0,,72894.818942,2.0,125.0
88667.0,42.0,Male,1.0,8.0,1.0,5.397605346934028e-79,,5.397605346934028e-79,2.0,129.0
88668.0,68.0,Female,16.0,12.5,8.0,8.0,,8103.124941,1.0,126.0
88673.0,26.0,Female,8.0,6.0,5.397605346934028e-79,8.0,,18959.272106,2.0,128.0
88674.0,27.0,Female,10.0,4.5,2.0,8.0,,27046.920272,2.0,131.0
88676.0,80.0,Female,13.0,9.5,5.0,8.0,,24390.432276,2.0,127.0
88677.0,31.0,Female,1.0,8.5,1.0,5.397605346934028e-79,,47306.646871,2.0,127.0
88678.0,75.0,Male,13.0,4.0,5.0,8.0,,16875.155546,2.0,133.0
88680.0,38.0,Female,2.0,8.0,1.0,1.0,,28779.681935,2.0,123.0
88682.0,19.0,Male,5.0,6.5,5.0,5.397605346934028e-79,,12038.302264,2.0,132.0
88684.0,28.0,Female,3.0,11.5,2.0,1.0,,29052.738909,1.0,121.0
88686.0,54.0,Female,11.0,7.0,3.0,8.0,,54066.794373,2.0,126.0
88688.0,17.0,Female,1.0,8.0,1.0,5.397605346934028e-79,,19551.979859,2.0,133.0
88689.0,41.0,Female,10.0,8.5,2.0,8.0,,25969.448398,1.0,126.0
88691.0,26.0,Male,4.0,9.0,2.0,2.0,,21661.596876,1.0,129.0
88692.0,71.0,Male,4.0,7.0,3.0,1.0,,66708.950954,2.0,132.0
88694.0,19.0,Female,4.0,6.5,1.0,3.0,,9006.72623,2.0,125.0
88695.0,35.0,Male,9.0,6.0,1.0,8.0,60.0,26828.198657,2.0,129.0
88696.0,47.0,Female,1.0795210693868056e-78,6.5,5.397605346934028e-79,5.397605346934028e-79,,27704.356761,2.0,129.0
88697.0,47.0,Male,10.0,6.0,5.0,5.0,,5.397605346934028e-79,2.0,129.0
88699.0,42.0,Female,8.0,6.0,5.397605346934028e-79,8.0,40.0,21073.198343,1.0,128.0
88700.0,21.0,Female,10.0,9.0,2.0,8.0,,21864.180157,1.0,120.0
88702.0,20.0,Female,3.0,9.0,3.0,5.397605346934028e-79,,52145.969028,1.0,131.0
88703.0,47.0,Female,10.0,7.5,2.0,8.0,,22223.335734,2.0,130.0
88704.0,29.0,Female,6.0,11.0,3.0,3.0,,78764.778584,2.0,121.0
88706.0,61.0,Male,3.0,7.0,2.0,1.0,,6197.659705,1.0,131.0
88707.0,23.0,Female,5.0,5.0,5.0,5.397605346934028e-79,,27067.270345,2.0,131.0
88708.0,49.0,Female,11.0,8.5,3.0,8.0,,11685.487257,1.0,119.0
88709.0,25.0,Female,1.0,9.0,1.0,5.397605346934028e-79,,77732.615882,1.0,119.0
88713.0,51.0,Female,2.0,8.0,2.0,5.397605346934028e-79,,223386.387724,2.0,127.0
88714.0,60.0,Male,3.0,6.0,3.0,5.397605346934028e-79,,11622.921102,2.0,127.0
88717.0,34.0,Female,6.0,9.0,1.0,5.0,,79065.465647,1.0,125.0
88718.0,36.0,Male,1.0,5.0,1.0,5.397605346934028e-79,,5.397605346934028e-79,2.0,123.0
88719.0,61.0,Male,10.0,7.0,2.0,8.0,,8295.484674,1.0,121.0
88720.0,28.0,Female,2.0,6.0,2.0,5.397605346934028e-79,,19920.807098,1.0,123.0
88721.0,42.0,Female,2.0,7.0,2.0,5.397605346934028e-79,,18153.974966,2.0,131.0
88722.0,80.0,Female,10.0,9.0,5.0,5.0,,37812.828755,1.0,125.0
88723.0,80.0,Female,4.0,9.0,4.0,5.397605346934028e-79,,65615.387895,2.0,133.0
88724.0,60.0,Female,8.0,5.0,5.397605346934028e-79,8.0,30.0,20999.682476,1.0,119.0
88725.0,31.0,Male,10.0,7.0,2.0,8.0,,37750.488187,1.0,132.0
88728.0,52.0,Female,4.0,8.0,3.0,1.0,,24259.058365,2.0,127.0
88729.0,69.0,Female,5.0,8.5,4.0,1.0,,181178.613602,2.0,123.0
88731.0,50.0,Male,16.0,8.5,8.0,8.0,,25072.639191,2.0,121.0
88732.0,22.0,Male,4.0,8.0,4.0,5.397605346934028e-79,,41694.034769,1.0,128.0
88733.0,50.0,Female,1.0,5.5,1.0,5.397605346934028e-79,,31501.099986,2.0,120.0
88738.0,58.0,Female,5.0,7.0,3.0,2.0,,21549.484955,2.0,133.0
88740.0,66.0,Male,7.0,6.5,3.0,4.0,,112628.771761,2.0,128.0
88741.0,55.0,Male,10.0,7.5,2.0,8.0,,20976.165707,2.0,122.0
88742.0,24.0,Male,6.0,7.5,2.0,4.0,,79308.824258,2.0,127.0
88743.0,65.0,Male,5.0,6.0,3.0,2.0,,19623.409507,2.0,128.0
88744.0,27.0,Female,10.0,7.0,2.0,8.0,,24632.355796,1.0,128.0
88747.0,74.0,Female,8.0,6.0,5.0,3.0,,8483.036062,2.0,119.0
88748.0,38.0,Female,13.0,6.0,5.0,8.0,,38468.493983,2.0,131.0
88754.0,18.0,Female,7.0,7.0,2.0,5.0,,14503.830157,2.0,133.0
88755.0,37.0,Male,5.0,5.5,4.0,1.0,,31313.975395,1.0,121.0
88757.0,54.0,Female,1.0,7.5,5.397605346934028e-79,1.0,,24864.504606,1.0,122.0
88758.0,63.0,Female,16.0,6.5,8.0,8.0,,24183.461509,1.0,132.0
88759.0,80.0,Female,4.0,7.5,4.0,5.397605346934028e-79,,58721.345739,2.0,120.0
88761.0,58.0,Female,3.0,6.5,3.0,5.397605346934028e-79,,26068.769945,1.0,129.0
88762.0,16.0,Female,1.0,7.0,5.397605346934028e-79,1.0,,13913.511136,1.0,128.0
88763.0,27.0,Male,2.0,7.0,1.0,1.0,,37961.434369,2.0,120.0
88764.0,69.0,Male,4.0,8.0,2.0,2.0,,23361.795187,1.0,129.0
88766.0,48.0,Female,10.0,7.0,8.0,2.0,,26829.754985,2.0,124.0
88767.0,66.0,Female,4.0,8.0,3.0,1.0,,9060.904239,1.0,127.0
88769.0,59.0,Male,1.0795210693868056e-78,7.5,5.397605346934028e-79,5.397605346934028e-79,,30309.565687,1.0,132.0
88770.0,53.0,Male,2.0,8.5,2.0,5.397605346934028e-79,,99287.934073,1.0,131.0
88771.0,16.0,Male,6.0,7.5,2.0,4.0,,64041.029426,2.0,129.0
88772.0,18.0,Female,4.0,7.0,1.0,3.0,,21510.72334,2.0,127.0
88775.0,45.0,Male,13.0,3.5,5.0,8.0,,11929.380456,2.0,121.0
88776.0,42.0,Female,8.0,8.0,5.397605346934028e-79,8.0,60.0,23427.127875,1.0,122.0
88780.0,69.0,Male,1.0,7.0,1.0,5.397605346934028e-79,,10054.077865,2.0,127.0
88781.0,41.0,Male,13.0,10.0,5.0,8.0,,28606.895798,1.0,125.0
88786.0,43.0,Female,2.0,7.0,2.0,5.397605346934028e-79,,18183.335056,1.0,123.0
88787.0,70.0,Female,2.0,7.0,2.0,5.397605346934028e-79,,96976.968685,1.0,132.0
88789.0,76.0,Male,7.0,7.0,4.0,3.0,,13851.771219,2.0,121.0
88790.0,31.0,Female,3.0,8.0,3.0,5.397605346934028e-79,,21231.592928,2.0,121.0
88791.0,66.0,Male,2.0,7.5,1.0,1.0,,7169.121119,1.0,124.0
88792.0,19.0,Male,3.0,7.0,2.0,1.0,,16112.257546,1.0,128.0
88793.0,21.0,Male,2.0,5.0,5.397605346934028e-79,2.0,,36378.200339,2.0,132.0
88795.0,30.0,Female,8.0,8.0,5.0,3.0,,27101.492563,1.0,128.0
88796.0,64.0,Female,6.0,7.5,3.0,3.0,,139567.516805,2.0,124.0
88797.0,69.0,Female,10.0,6.5,2.0,8.0,,21539.171666,2.0,128.0
88798.0,43.0,Female,4.0,7.0,1.0,3.0,,16990.693933,2.0,129.0
88799.0,21.0,Female,8.0,7.0,5.0,3.0,,82124.613312,2.0,120.0
88801.0,18.0,Male,8.0,9.0,5.0,3.0,,39387.093149,2.0,127.0
88803.0,32.0,Female,7.0,8.0,4.0,3.0,,19078.377736,2.0,131.0
88804.0,55.0,Male,3.0,9.0,3.0,5.397605346934028e-79,,41327.101814,2.0,128.0
88805.0,30.0,Male,1.0,9.0,1.0,5.397605346934028e-79,,144707.798564,1.0,130.0
88806.0,66.0,Male,7.0,5.0,2.0,5.0,,5948.954975,2.0,119.0
88809.0,32.0,Male,3.0,9.5,2.0,1.0,,38759.527838,2.0,121.0
88811.0,19.0,Female,3.0,8.0,3.0,5.397605346934028e-79,,11904.788136,1.0,123.0
88814.0,30.0,Male,2.0,8.0,2.0,5.397605346934028e-79,,22509.33353,1.0,131.0
88816.0,47.0,Female,4.0,7.0,3.0,1.0,,15595.678761,1.0,133.0
88818.0,28.0,Female,12.0,8.0,4.0,8.0,,35678.493038,2.0,127.0
88823.0,68.0,Female,8.0,8.5,5.0,3.0,,124381.089621,2.0,129.0
88827.0,67.0,Male,7.0,8.0,5.0,2.0,,23542.653535,2.0,133.0
88829.0,41.0,Female,1.0795210693868056e-78,7.0,5.397605346934028e-79,5.397605346934028e-79,,18674.410271,2.0,133.0
88830.0,45.0,Female,11.0,7.0,3.0,8.0,,19087.110016,1.0,121.0
88833.0,28.0,Female,4.0,10.0,3.0,1.0,,81499.547023,1.0,130.0
88834.0,62.0,Female,5.0,9.0,4.0,1.0,,6825.242598,1.0,124.0
88835.0,28.0,Female,13.0,9.0,5.0,8.0,,31428.978415,1.0,127.0
88836.0,70.0,Female,6.0,9.0,4.0,2.0,,116286.952597,1.0,126.0
88838.0,67.0,Male,1.0,7.0,1.0,5.397605346934028e-79,,11947.268082,1.0,124.0
88840.0,20.0,Female,6.0,10.0,5.0,1.0,,30447.801833,2.0,133.0
88841.0,38.0,Male,9.0,7.0,1.0,8.0,,29355.669087,2.0,130.0
88842.0,26.0,Female,6.0,9.0,1.0,5.0,,30679.074172,2.0,129.0
88843.0,28.0,Female,10.0,10.0,2.0,8.0,,21223.11308,2.0,126.0
88845.0,62.0,Female,3.0,7.5,2.0,1.0,,116658.067716,1.0,123.0
88846.0,32.0,Male,13.0,7.0,5.0,8.0,,144124.310426,2.0,120.0
88847.0,60.0,Female,8.0,7.5,5.397605346934028e-79,8.0,,8479.398727,1.0,127.0
88848.0,56.0,Female,16.0,12.0,8.0,8.0,,27089.437753,2.0,122.0
88851.0,54.0,Female,4.0,10.0,5.397605346934028e-79,4.0,,58552.379552,1.0,125.0
88854.0,51.0,Female,13.0,8.5,5.0,8.0,,25215.188088,1.0,132.0
88855.0,64.0,Male,16.0,6.0,8.0,8.0,,8295.484674,1.0,121.0
88856.0,32.0,Male,16.0,9.0,8.0,8.0,,20833.400103,2.0,133.0
88857.0,71.0,Female,3.0,8.5,3.0,5.397605346934028e-79,,23381.063934,1.0,132.0
88858.0,18.0,Female,6.0,9.0,5.0,1.0,,9977.860998,1.0,123.0
88859.0,50.0,Male,6.0,8.0,3.0,3.0,,97890.684901,1.0,125.0
88861.0,19.0,Male,9.0,8.5,4.0,5.0,,10574.670769,2.0,122.0
88862.0,51.0,Female,10.0,7.5,2.0,8.0,,16507.717595,1.0,133.0
88864.0,53.0,Male,4.0,4.0,4.0,5.397605346934028e-79,,23202.76972,2.0,123.0
88867.0,28.0,Female,5.0,9.0,3.0,2.0,,75131.366888,2.0,132.0
88868.0,38.0,Female,8.0,9.0,5.0,3.0,,25101.130521,2.0,131.0
88870.0,18.0,Male,3.0,7.0,2.0,1.0,,9164.671447,2.0,125.0
88871.0,61.0,Male,3.0,8.0,2.0,1.0,,23745.403769,2.0,122.0
88874.0,64.0,Male,2.0,,2.0,5.397605346934028e-79,,146913.507042,2.0,120.0
88875.0,60.0,Female,13.0,5.5,5.0,8.0,,31464.206124,1.0,131.0
88876.0,19.0,Female,16.0,8.0,8.0,8.0,,14512.371805,1.0,122.0
88877.0,53.0,Male,1.0,6.0,1.0,5.397605346934028e-79,,22423.087141,2.0,129.0
88878.0,20.0,Male,5.0,8.0,1.0,4.0,,37435.174202,1.0,121.0
88879.0,32.0,Female,8.0,8.5,5.397605346934028e-79,8.0,,26576.231086,2.0,126.0
88881.0,54.0,Female,2.0,7.0,2.0,5.397605346934028e-79,,22800.74558,2.0,131.0
88883.0,72.0,Male,10.0,7.5,5.0,5.0,,59655.330927,2.0,129.0
88884.0,24.0,Male,16.0,7.0,8.0,8.0,,16510.967041,1.0,127.0
88885.0,54.0,Male,8.0,8.0,5.0,3.0,,24429.339367,1.0,119.0
88887.0,40.0,Male,3.0,9.0,5.397605346934028e-79,3.0,,39033.131287,2.0,133.0
88888.0,69.0,Female,10.0,9.0,5.0,5.0,,8256.55913,1.0,120.0
88890.0,21.0,Female,13.0,10.0,5.0,8.0,,69138.723688,2.0,132.0
88891.0,36.0,Female,6.0,7.0,5.0,1.0,,21383.270055,1.0,119.0
88892.0,27.0,Female,13.0,8.0,5.0,8.0,,31967.934898,2.0,123.0
88893.0,19.0,Male,10.0,11.0,5.0,5.0,,12470.034922,1.0,125.0
88894.0,21.0,Male,5.0,11.0,3.0,2.0,,31675.06218,2.0,121.0
88895.0,73.0,Female,12.0,7.5,4.0,8.0,,7412.932594,1.0,123.0
88896.0,23.0,Male,10.0,7.0,2.0,8.0,,68705.051371,2.0,121.0
88897.0,31.0,Male,4.0,8.5,2.0,2.0,,155313.488141,1.0,122.0
88898.0,30.0,Male,10.0,6.5,2.0,8.0,,127563.360303,1.0,130.0
88899.0,17.0,Male,4.0,8.5,1.0,3.0,,77034.047013,2.0,125.0
88900.0,49.0,Female,10.0,9.5,2.0,8.0,,19775.415417,2.0,133.0
88901.0,33.0,Male,3.0,7.0,1.0,2.0,,79090.082367,1.0,131.0
88902.0,68.0,Male,12.0,10.0,4.0,8.0,,28709.537332,2.0,132.0
88903.0,22.0,Female,5.0,7.5,1.0,4.0,,109037.684638,2.0,122.0
88905.0,17.0,Female,2.0,9.0,1.0,1.0,,81434.494477,2.0,126.0
88906.0,29.0,Male,4.0,6.5,3.0,1.0,,54441.185923,1.0,128.0
88907.0,44.0,Female,3.0,7.5,3.0,5.397605346934028e-79,,27851.731202,1.0,127.0
88908.0,54.0,Female,6.0,9.0,3.0,3.0,,22684.124273,1.0,124.0
88910.0,29.0,Female,3.0,8.0,3.0,5.397605346934028e-79,,31664.158245,2.0,129.0
88911.0,34.0,Male,7.0,7.5,4.0,3.0,,44219.55458,2.0,125.0
88912.0,27.0,Male,13.0,6.0,8.0,5.0,,43336.175377,1.0,130.0
88914.0,25.0,Male,9.0,7.0,1.0,8.0,,86487.046459,2.0,122.0
88915.0,37.0,Male,1.0,7.0,1.0,5.397605346934028e-79,,31374.568899,1.0,120.0
88916.0,70.0,Female,13.0,8.0,5.0,8.0,,16409.646726,2.0,126.0
88918.0,18.0,Female,1.0795210693868056e-78,5.0,5.397605346934028e-79,5.397605346934028e-79,,9977.860998,1.0,123.0
88919.0,68.0,Female,6.0,6.5,5.0,1.0,,146751.036168,2.0,120.0
88920.0,33.0,Female,8.0,9.0,5.397605346934028e-79,8.0,,21833.437958,2.0,121.0
88924.0,34.0,Male,4.0,7.0,2.0,2.0,,23201.177189,2.0,122.0
88925.0,69.0,Male,5.0,8.5,5.0,5.397605346934028e-79,,7737.669267,2.0,128.0
88926.0,70.0,Male,4.0,9.0,4.0,5.397605346934028e-79,,54105.881387,1.0,131.0
88927.0,50.0,Male,4.0,5.0,3.0,1.0,,10602.594015,1.0,123.0
88930.0,24.0,Male,2.0,8.0,2.0,5.397605346934028e-79,,66467.865903,2.0,130.0
88932.0,38.0,Female,11.0,7.5,3.0,8.0,,24832.579446,1.0,120.0
88933.0,41.0,Female,2.0,7.0,2.0,5.397605346934028e-79,,31223.91293,2.0,129.0
88934.0,80.0,Male,13.0,10.0,5.0,8.0,,42660.12852,2.0,124.0
88935.0,80.0,Male,4.0,9.0,2.0,2.0,,29171.789047,1.0,131.0
88937.0,48.0,Female,3.0,6.0,1.0,2.0,,23009.109676,1.0,125.0
88938.0,53.0,Female,6.0,4.5,4.0,2.0,,21869.547557,2.0,120.0
88940.0,31.0,Male,7.0,8.0,3.0,4.0,,23870.64507,1.0,123.0
88942.0,57.0,Male,6.0,5.5,4.0,2.0,,99287.934073,1.0,131.0
88943.0,43.0,Male,6.0,8.0,5.0,1.0,,41958.949446,1.0,130.0
88944.0,20.0,Female,4.0,11.0,3.0,1.0,,32323.878095,2.0,130.0
88945.0,30.0,Male,2.0,5.0,2.0,5.397605346934028e-79,,39446.813667,1.0,126.0
88947.0,66.0,Female,5.0,5.0,1.0,4.0,,19814.005354,2.0,131.0
88949.0,38.0,Female,1.0,8.5,5.397605346934028e-79,1.0,,23726.532597,2.0,125.0
88950.0,43.0,Female,9.0,6.5,1.0,8.0,,26104.67954,2.0,120.0
88951.0,20.0,Female,5.0,8.0,4.0,1.0,,102151.593955,1.0,130.0
88952.0,60.0,Male,1.0795210693868056e-78,6.5,5.397605346934028e-79,5.397605346934028e-79,,141953.308458,2.0,131.0
88956.0,43.0,Male,11.0,7.0,3.0,8.0,,49918.292289,1.0,127.0
88957.0,41.0,Female,2.0,8.5,1.0,1.0,,5.397605346934028e-79,1.0,121.0
88960.0,53.0,Male,3.0,7.5,3.0,5.397605346934028e-79,,27232.226434,1.0,132.0
88961.0,54.0,Male,11.0,9.5,3.0,8.0,,22116.026482,1.0,126.0
88964.0,19.0,Female,10.0,10.0,5.0,5.0,,14165.901457,2.0,132.0
88965.0,22.0,Male,4.0,11.0,5.397605346934028e-79,4.0,,19646.69162,1.0,121.0
88968.0,36.0,Male,6.0,7.5,3.0,3.0,,28457.820471,2.0,128.0
88970.0,23.0,Female,6.0,8.0,2.0,4.0,,29519.713494,1.0,121.0
88974.0,22.0,Male,6.0,8.0,1.0,5.0,,46947.164789,1.0,132.0
88976.0,46.0,Female,1.0,9.5,1.0,5.397605346934028e-79,60.0,25297.867497,2.0,128.0
88979.0,51.0,Female,1.0795210693868056e-78,6.5,5.397605346934028e-79,5.397605346934028e-79,,102078.634508,1.0,131.0
88981.0,35.0,Male,3.0,7.0,3.0,5.397605346934028e-79,,144124.310426,2.0,120.0
88982.0,59.0,Female,3.0,7.5,5.397605346934028e-79,3.0,,102078.634508,1.0,131.0
88983.0,29.0,Male,2.0,7.0,2.0,5.397605346934028e-79,,37974.30622,1.0,122.0
88984.0,58.0,Female,2.0,6.0,2.0,5.397605346934028e-79,,18549.943612,1.0,128.0
88985.0,44.0,Male,3.0,7.0,2.0,1.0,,21616.434538,2.0,120.0
88986.0,22.0,Female,10.0,7.5,5.0,5.0,,45641.166234,2.0,123.0
88990.0,52.0,Female,2.0,8.5,2.0,5.397605346934028e-79,,43936.124268,2.0,125.0
88991.0,65.0,Female,2.0,8.5,2.0,5.397605346934028e-79,,117770.336271,1.0,123.0
88992.0,27.0,Female,4.0,7.5,2.0,2.0,,52261.065132,1.0,131.0
88994.0,32.0,Male,11.0,6.0,3.0,8.0,,32068.439729,1.0,127.0
88996.0,33.0,Male,7.0,7.5,4.0,3.0,,26129.133742,1.0,130.0
88998.0,17.0,Male,4.0,11.0,3.0,1.0,,13166.819634,2.0,120.0
88999.0,16.0,Female,9.0,7.5,1.0,8.0,,20563.45154,1.0,127.0
89000.0,69.0,Female,7.0,8.0,5.0,2.0,,25795.692276,1.0,132.0
89001.0,16.0,Male,8.0,6.0,5.397605346934028e-79,8.0,60.0,15512.420433,2.0,130.0
89003.0,52.0,Male,5.0,7.5,3.0,2.0,,142408.00476,1.0,127.0
89005.0,43.0,Male,1.0795210693868056e-78,10.0,5.397605346934028e-79,5.397605346934028e-79,,20030.36825,1.0,129.0
89006.0,50.0,Male,10.0,8.0,2.0,8.0,,20976.165707,2.0,122.0
89008.0,16.0,Female,7.0,9.0,5.0,2.0,,55044.886696,1.0,131.0
89009.0,71.0,Female,13.0,9.0,8.0,5.0,,51541.657183,2.0,132.0
89012.0,24.0,Female,12.0,7.5,8.0,4.0,,79295.984201,1.0,119.0
89013.0,54.0,Female,2.0,8.5,2.0,5.397605346934028e-79,,13764.270731,1.0,125.0
89014.0,51.0,Female,3.0,8.0,3.0,5.397605346934028e-79,,39821.953106,1.0,126.0
89015.0,80.0,Male,9.0,10.0,1.0,8.0,,10149.169036,1.0,127.0
89019.0,36.0,Male,16.0,8.0,8.0,8.0,,27511.963769,2.0,132.0
89020.0,57.0,Female,10.0,5.5,5.0,5.0,,94961.511625,1.0,125.0
89022.0,76.0,Male,13.0,10.0,5.0,8.0,,11242.037093,1.0,128.0
89025.0,48.0,Female,8.0,7.0,5.397605346934028e-79,8.0,,24790.891392,1.0,129.0
89026.0,36.0,Female,1.0,8.0,1.0,5.397605346934028e-79,,21174.210245,2.0,121.0
89028.0,54.0,Female,4.0,7.5,2.0,2.0,,18358.77191,1.0,124.0
89031.0,41.0,Female,10.0,8.0,2.0,8.0,,21668.029862,1.0,119.0
89034.0,69.0,Female,4.0,7.0,3.0,1.0,,162558.128767,1.0,126.0
89035.0,80.0,Male,11.0,8.5,3.0,8.0,,13089.572022,1.0,128.0
89036.0,46.0,Female,6.0,8.0,4.0,2.0,,41531.769338,1.0,130.0
89038.0,25.0,Female,1.0,9.0,5.397605346934028e-79,1.0,,72038.149062,2.0,125.0
89040.0,45.0,Male,3.0,8.0,2.0,1.0,,24677.675172,1.0,132.0
89041.0,48.0,Female,4.0,4.0,4.0,5.397605346934028e-79,,140833.705431,1.0,125.0
89042.0,20.0,Male,8.0,7.0,5.397605346934028e-79,8.0,,53704.38458,2.0,125.0
89043.0,49.0,Male,8.0,6.5,5.397605346934028e-79,8.0,,31989.930764,1.0,131.0
89044.0,30.0,Male,10.0,8.5,2.0,8.0,,164205.213097,2.0,127.0
89045.0,19.0,Male,4.0,8.0,2.0,2.0,,13275.166361,2.0,126.0
89047.0,37.0,Male,10.0,6.0,2.0,8.0,,32755.17866,1.0,132.0
89051.0,80.0,Female,10.0,6.5,2.0,8.0,,24773.650232,2.0,122.0
89052.0,72.0,Female,3.0,8.0,2.0,1.0,,12241.751649,1.0,127.0
89054.0,49.0,Male,4.0,5.0,4.0,5.397605346934028e-79,,14429.703981,1.0,123.0
89056.0,17.0,Male,7.0,8.0,4.0,3.0,,22465.717396,2.0,132.0
89058.0,73.0,Female,3.0,10.0,2.0,1.0,,5.397605346934028e-79,2.0,133.0
89063.0,24.0,Male,10.0,6.5,2.0,8.0,,61956.991606,2.0,132.0
89064.0,72.0,Female,6.0,7.0,1.0,5.0,,52403.503076,1.0,129.0
89067.0,34.0,Male,16.0,8.5,8.0,8.0,,37539.495202,1.0,130.0
89068.0,59.0,Female,9.0,7.0,1.0,8.0,,12880.414782,2.0,133.0
89069.0,63.0,Female,9.0,5.5,1.0,8.0,,18770.362286,2.0,126.0
89070.0,63.0,Male,1.0,9.0,1.0,5.397605346934028e-79,,10971.390128,1.0,128.0
89071.0,17.0,Male,1.0795210693868056e-78,9.0,5.397605346934028e-79,5.397605346934028e-79,,16228.502249,1.0,126.0
89072.0,39.0,Female,8.0,8.0,5.397605346934028e-79,8.0,,32970.46102,2.0,124.0
89073.0,61.0,Female,10.0,11.0,2.0,8.0,,20286.761108,2.0,132.0
89074.0,19.0,Female,7.0,8.0,2.0,5.0,,12874.176037,1.0,123.0
89075.0,70.0,Male,10.0,8.0,2.0,8.0,,5.397605346934028e-79,2.0,126.0
89076.0,37.0,Female,9.0,8.0,8.0,1.0,,73519.989058,2.0,132.0
89077.0,53.0,Male,10.0,11.0,2.0,8.0,,22034.93698,2.0,131.0
89079.0,75.0,Male,5.0,9.0,4.0,1.0,,88483.935503,1.0,126.0
89080.0,34.0,Female,3.0,5.5,3.0,5.397605346934028e-79,,89368.68442,1.0,131.0
89081.0,43.0,Male,8.0,14.0,5.397605346934028e-79,8.0,60.0,18137.067754,2.0,131.0
89083.0,46.0,Female,2.0,6.5,2.0,5.397605346934028e-79,,67640.754509,1.0,131.0
89084.0,67.0,Female,8.0,8.5,5.397605346934028e-79,8.0,,8100.201903,1.0,124.0
89085.0,17.0,Female,1.0,7.0,1.0,5.397605346934028e-79,,55044.886696,1.0,131.0
89086.0,17.0,Female,8.0,6.0,5.397605346934028e-79,8.0,,17671.904798,2.0,130.0
89087.0,41.0,Male,3.0,9.0,2.0,1.0,,25555.371776,1.0,132.0
89088.0,36.0,Male,10.0,7.0,2.0,8.0,,18102.807159,1.0,119.0
89090.0,56.0,Female,3.0,6.0,2.0,1.0,,165487.499873,1.0,129.0
89091.0,70.0,Male,12.0,8.5,4.0,8.0,,11425.493677,1.0,131.0
89093.0,57.0,Female,5.0,9.0,5.0,5.397605346934028e-79,,45414.087285,1.0,125.0
89095.0,54.0,Male,4.0,7.0,4.0,5.397605346934028e-79,,34220.55423,2.0,120.0
89096.0,80.0,Female,13.0,12.0,5.0,8.0,,20903.96515,2.0,132.0
89097.0,71.0,Female,6.0,8.0,4.0,2.0,,24322.010697,2.0,130.0
89099.0,59.0,Male,10.0,7.0,5.0,5.0,,31603.958217,2.0,121.0
89102.0,60.0,Male,5.0,7.0,5.0,5.397605346934028e-79,,9210.050928,1.0,129.0
89103.0,64.0,Male,10.0,8.5,2.0,8.0,,9656.736426,2.0,133.0
89104.0,43.0,Female,4.0,7.0,2.0,2.0,,28198.842693,1.0,128.0
89105.0,16.0,Female,11.0,9.5,3.0,8.0,,5.397605346934028e-79,1.0,128.0
89106.0,44.0,Female,5.0,8.0,5.397605346934028e-79,5.0,,19079.635179,2.0,131.0
89107.0,69.0,Female,6.0,4.0,4.0,2.0,,16414.712941,1.0,119.0
89108.0,28.0,Male,2.0,8.0,1.0,1.0,,175951.534318,2.0,130.0
89111.0,27.0,Female,2.0,7.5,2.0,5.397605346934028e-79,,93772.168137,2.0,123.0
89115.0,50.0,Female,3.0,7.0,1.0,2.0,30.0,14782.849941,1.0,127.0
89116.0,22.0,Male,3.0,4.0,2.0,1.0,,40089.298926,1.0,126.0
89119.0,26.0,Male,2.0,8.0,1.0,1.0,,171133.499543,2.0,119.0
89120.0,47.0,Female,8.0,7.0,5.397605346934028e-79,8.0,,23207.589204,1.0,125.0
89122.0,58.0,Female,16.0,9.5,8.0,8.0,,19660.394901,1.0,133.0
89123.0,29.0,Male,5.0,8.0,3.0,2.0,,69240.343982,1.0,120.0
89124.0,39.0,Male,4.0,9.0,3.0,1.0,,54186.807649,2.0,127.0
89126.0,28.0,Male,6.0,6.0,1.0,5.0,,109375.29785,2.0,130.0
89127.0,35.0,Male,7.0,7.0,2.0,5.0,,36986.147534,2.0,131.0
89128.0,28.0,Female,10.0,8.0,2.0,8.0,,21239.306577,2.0,121.0
89129.0,78.0,Female,9.0,8.0,1.0,8.0,60.0,49728.97364,1.0,125.0
89130.0,50.0,Male,2.0,8.0,5.397605346934028e-79,2.0,,24573.232745,1.0,124.0
89131.0,51.0,Male,2.0,8.0,2.0,5.397605346934028e-79,,27565.055553,1.0,127.0
89134.0,37.0,Male,1.0,8.0,5.397605346934028e-79,1.0,,125553.814968,2.0,125.0
89137.0,60.0,Male,1.0,7.0,1.0,5.397605346934028e-79,,135671.689351,2.0,119.0
89138.0,27.0,Male,8.0,8.0,5.397605346934028e-79,8.0,,30429.933561,1.0,121.0
89141.0,45.0,Male,2.0,5.0,2.0,5.397605346934028e-79,,110757.456239,2.0,121.0
89144.0,75.0,Male,10.0,8.5,2.0,8.0,,72838.249657,1.0,130.0
89146.0,42.0,Female,1.0,7.5,1.0,5.397605346934028e-79,,20839.512281,1.0,127.0
89149.0,66.0,Male,5.0,7.5,3.0,2.0,,10097.414448,1.0,128.0
89152.0,20.0,Female,5.0,8.0,5.397605346934028e-79,5.0,,25679.222083,1.0,128.0
89153.0,61.0,Female,2.0,8.0,1.0,1.0,,5.397605346934028e-79,1.0,126.0
89156.0,62.0,Female,13.0,9.5,5.0,8.0,,7399.054621,1.0,120.0
89157.0,61.0,Male,11.0,5.0,3.0,8.0,,12267.52054,2.0,131.0
89158.0,55.0,Male,3.0,9.0,3.0,5.397605346934028e-79,,123174.726562,2.0,120.0
89159.0,18.0,Male,7.0,8.5,3.0,4.0,,14059.192998,1.0,133.0
89160.0,35.0,Female,2.0,8.5,2.0,5.397605346934028e-79,,57415.754509,2.0,126.0
89161.0,74.0,Female,8.0,6.0,5.0,3.0,,22758.126982,2.0,132.0
89162.0,51.0,Male,2.0,8.0,2.0,5.397605346934028e-79,,26046.288437,1.0,128.0
89164.0,56.0,Female,2.0,6.0,2.0,5.397605346934028e-79,,5.397605346934028e-79,1.0,129.0
89165.0,72.0,Female,10.0,9.0,2.0,8.0,,16018.196896,1.0,124.0
89166.0,47.0,Male,5.0,8.0,3.0,2.0,,180562.622596,1.0,132.0
89167.0,38.0,Male,10.0,10.0,5.0,5.0,,25463.372657,1.0,121.0
89168.0,56.0,Female,13.0,4.0,5.0,8.0,,24723.4969,1.0,125.0
89169.0,44.0,Male,3.0,8.0,2.0,1.0,,31018.683692,1.0,122.0
89170.0,17.0,Female,7.0,7.5,2.0,5.0,,11551.272692,1.0,123.0
89171.0,70.0,Female,13.0,11.5,5.0,8.0,,59293.667377,2.0,123.0
89172.0,32.0,Male,2.0,5.0,1.0,1.0,,29890.378965,2.0,126.0
89173.0,63.0,Male,2.0,6.0,1.0,1.0,,18597.651093,2.0,127.0
89174.0,30.0,Female,1.0795210693868056e-78,7.5,5.397605346934028e-79,5.397605346934028e-79,,23454.652004,2.0,120.0
89175.0,44.0,Female,11.0,8.5,3.0,8.0,,24622.376034,1.0,121.0
89176.0,16.0,Female,1.0795210693868056e-78,8.0,5.397605346934028e-79,5.397605346934028e-79,,52073.609581,1.0,130.0
89177.0,62.0,Male,3.0,7.0,3.0,5.397605346934028e-79,,119070.27146,1.0,119.0
89178.0,21.0,Male,8.0,5.0,8.0,5.397605346934028e-79,,35491.358489,2.0,130.0
89180.0,32.0,Male,3.0,7.0,2.0,1.0,,26026.513192,1.0,127.0
89181.0,58.0,Male,4.0,7.5,5.397605346934028e-79,4.0,,14215.49167,2.0,123.0
89182.0,55.0,Female,8.0,8.0,5.397605346934028e-79,8.0,50.0,21005.684913,2.0,128.0
89183.0,24.0,Female,6.0,8.0,5.0,1.0,,22606.613933,1.0,120.0
89184.0,66.0,Male,7.0,8.0,3.0,4.0,,8403.343261,1.0,124.0
89185.0,24.0,Male,2.0,7.0,2.0,5.397605346934028e-79,,121025.571453,2.0,121.0
89186.0,80.0,Male,2.0,7.5,2.0,5.397605346934028e-79,,46276.940359,2.0,123.0
89188.0,70.0,Female,1.0795210693868056e-78,7.0,5.397605346934028e-79,5.397605346934028e-79,30.0,8484.028681,2.0,119.0
89189.0,48.0,Female,12.0,,4.0,8.0,,26720.569826,1.0,119.0
89190.0,47.0,Male,7.0,6.0,2.0,5.0,,16460.041158,2.0,133.0
89192.0,44.0,Male,2.0,6.0,2.0,5.397605346934028e-79,,29751.892485,1.0,123.0
89194.0,49.0,Male,3.0,8.0,2.0,1.0,,166448.732252,1.0,121.0
89197.0,47.0,Female,1.0,8.0,1.0,5.397605346934028e-79,,25113.750145,2.0,132.0
89200.0,31.0,Female,6.0,6.5,4.0,2.0,,24929.511277,2.0,129.0
89201.0,50.0,Male,10.0,8.0,2.0,8.0,,37981.179534,2.0,132.0
89203.0,76.0,Male,3.0,8.5,2.0,1.0,,64342.123829,2.0,132.0
89204.0,45.0,Male,10.0,8.0,2.0,8.0,,38773.485362,1.0,129.0
89206.0,26.0,Female,2.0,7.0,1.0,1.0,,17081.542426,1.0,119.0
89207.0,18.0,Male,8.0,11.0,5.0,3.0,,14026.255778,1.0,121.0
89208.0,57.0,Male,13.0,7.0,5.0,8.0,,31202.163884,1.0,132.0
89211.0,29.0,Female,4.0,8.0,2.0,2.0,,48875.610864,2.0,126.0
89214.0,51.0,Male,2.0,7.0,2.0,5.397605346934028e-79,,20976.165707,2.0,122.0
89215.0,19.0,Female,3.0,9.0,3.0,5.397605346934028e-79,,13406.993238,1.0,123.0
89216.0,70.0,Female,10.0,9.0,2.0,8.0,,22775.305154,2.0,120.0
89217.0,17.0,Female,12.0,6.0,4.0,8.0,,53191.686895,1.0,122.0
89218.0,29.0,Female,8.0,7.0,5.0,3.0,,29545.883198,1.0,123.0
89221.0,30.0,Male,12.0,14.0,4.0,8.0,,5.397605346934028e-79,2.0,122.0
89222.0,53.0,Female,10.0,8.5,2.0,8.0,60.0,11742.14525,1.0,120.0
89223.0,43.0,Female,10.0,9.5,2.0,8.0,,89348.088605,1.0,131.0
89224.0,18.0,Male,10.0,9.5,8.0,2.0,,8573.79688,2.0,129.0
89225.0,61.0,Female,2.0,8.0,1.0,1.0,,5.397605346934028e-79,1.0,125.0
89227.0,33.0,Female,2.0,7.0,2.0,5.397605346934028e-79,,36802.870322,2.0,130.0
89228.0,32.0,Female,1.0795210693868056e-78,6.5,5.397605346934028e-79,5.397605346934028e-79,,5.397605346934028e-79,1.0,120.0
89230.0,31.0,Female,5.0,8.5,2.0,3.0,,74981.505143,1.0,122.0
89231.0,70.0,Female,4.0,8.5,3.0,1.0,,10475.60658,2.0,125.0
89232.0,76.0,Male,5.0,5.5,4.0,1.0,,89801.322531,2.0,123.0
89233.0,31.0,Female,6.0,10.5,4.0,2.0,,49560.263917,2.0,130.0
89234.0,22.0,Male,6.0,8.5,1.0,5.0,,30978.039564,2.0,131.0
89237.0,78.0,Male,12.0,7.0,4.0,8.0,,27753.11708,2.0,119.0
89239.0,24.0,Male,9.0,7.0,1.0,8.0,,26633.56637,2.0,126.0
89241.0,44.0,Female,8.0,6.0,4.0,4.0,,27087.61299,1.0,129.0
89243.0,49.0,Female,6.0,8.0,2.0,4.0,,21494.37917,2.0,129.0
89244.0,49.0,Male,1.0,7.0,1.0,5.397605346934028e-79,,151883.836825,1.0,129.0
89248.0,80.0,Female,13.0,5.0,5.0,8.0,,40193.271124,1.0,131.0
89249.0,57.0,Female,3.0,6.5,3.0,5.397605346934028e-79,,165176.765455,1.0,122.0
89250.0,56.0,Female,8.0,10.0,5.0,3.0,,36422.66388,2.0,130.0
89253.0,54.0,Female,6.0,6.5,5.0,1.0,,21321.154045,2.0,131.0
89255.0,55.0,Female,9.0,8.0,1.0,8.0,,10696.932591,2.0,133.0
89256.0,35.0,Male,13.0,9.0,5.0,8.0,,25903.415084,2.0,126.0
89259.0,38.0,Male,3.0,6.0,2.0,1.0,,20702.968626,1.0,124.0
89260.0,80.0,Female,11.0,11.0,3.0,8.0,,5.397605346934028e-79,1.0,126.0
89261.0,52.0,Female,6.0,6.0,4.0,2.0,,23971.266204,1.0,126.0
89263.0,80.0,Male,5.0,10.0,5.0,5.397605346934028e-79,,13018.590906,2.0,121.0
89264.0,26.0,Male,10.0,7.5,8.0,2.0,,21661.596876,1.0,129.0
89265.0,52.0,Female,7.0,6.5,4.0,3.0,,19690.494174,2.0,133.0
89266.0,39.0,Male,2.0,6.5,2.0,5.397605346934028e-79,,112997.203586,1.0,130.0
89267.0,25.0,Male,6.0,7.5,2.0,4.0,,68343.603616,1.0,130.0
89268.0,34.0,Male,1.0,7.5,1.0,5.397605346934028e-79,,33526.415793,1.0,128.0
89270.0,25.0,Female,12.0,7.5,4.0,8.0,,23323.040405,1.0,120.0
89271.0,57.0,Male,4.0,7.0,3.0,1.0,,92914.23027,2.0,125.0
89273.0,19.0,Female,5.0,9.0,5.397605346934028e-79,5.0,,10519.432614,1.0,133.0
89275.0,67.0,Female,9.0,5.5,1.0,8.0,,8075.617835,1.0,127.0
89276.0,45.0,Female,3.0,9.5,2.0,1.0,,20447.942613,1.0,121.0
89278.0,25.0,Female,8.0,9.0,5.397605346934028e-79,8.0,,85414.829324,2.0,122.0
89280.0,57.0,Male,13.0,8.0,5.0,8.0,,19700.212182,2.0,119.0
89284.0,42.0,Female,10.0,7.0,2.0,8.0,,15938.117476,1.0,121.0
89286.0,19.0,Male,4.0,11.0,2.0,2.0,,13066.748222,1.0,133.0
89288.0,52.0,Female,11.0,6.0,3.0,8.0,,21497.171362,2.0,126.0
89289.0,53.0,Female,3.0,8.5,2.0,1.0,,27823.158146,2.0,122.0
89290.0,36.0,Male,6.0,6.5,4.0,2.0,,28412.380401,1.0,120.0
89292.0,32.0,Male,10.0,11.0,5.0,5.0,,28524.706844,1.0,120.0
89293.0,80.0,Male,3.0,8.0,2.0,1.0,,47921.571782,2.0,130.0
89294.0,63.0,Female,5.0,10.0,5.0,5.397605346934028e-79,,8001.673634,1.0,121.0
89295.0,48.0,Female,16.0,4.5,8.0,8.0,,5.397605346934028e-79,1.0,123.0
89297.0,19.0,Male,3.0,10.0,2.0,1.0,,18612.96153,1.0,127.0
89299.0,58.0,Female,13.0,9.0,5.0,8.0,,26282.259806,2.0,130.0
89302.0,30.0,Female,3.0,7.0,2.0,1.0,,29281.094914,2.0,130.0
89303.0,80.0,Female,4.0,9.0,2.0,2.0,,67842.442747,2.0,130.0
89304.0,30.0,Female,2.0,8.5,5.397605346934028e-79,2.0,,103731.120643,2.0,129.0
89305.0,32.0,Female,6.0,8.0,4.0,2.0,,18956.188846,2.0,132.0
89306.0,17.0,Male,10.0,6.5,2.0,8.0,,14456.783524,1.0,132.0
89308.0,60.0,Male,9.0,8.0,1.0,8.0,,7873.833634,2.0,121.0
89310.0,80.0,Female,10.0,8.0,5.0,5.0,,14280.6066,1.0,128.0
89311.0,19.0,Male,2.0,9.0,1.0,1.0,,9197.278903,1.0,125.0
89312.0,39.0,Male,7.0,7.5,2.0,5.0,,5.397605346934028e-79,1.0,127.0
89313.0,51.0,Male,12.0,7.5,4.0,8.0,,14364.529128,1.0,121.0
89314.0,39.0,Female,5.0,5.0,3.0,2.0,,23521.87653,2.0,132.0
89316.0,61.0,Female,9.0,8.0,5.0,4.0,,107036.187325,2.0,132.0
89317.0,24.0,Male,10.0,9.5,2.0,8.0,,28120.204108,2.0,132.0
89319.0,60.0,Male,3.0,8.5,3.0,5.397605346934028e-79,,117472.437133,1.0,123.0
89320.0,65.0,Male,3.0,7.0,1.0,2.0,,20179.417316,2.0,133.0
89321.0,67.0,Female,6.0,10.0,4.0,2.0,,16668.936527,2.0,126.0
89325.0,44.0,Male,6.0,8.0,4.0,2.0,,26877.746672,2.0,120.0
89326.0,54.0,Male,11.0,7.5,3.0,8.0,,32392.986197,2.0,121.0
89327.0,73.0,Female,7.0,6.0,5.0,2.0,60.0,23544.482063,1.0,132.0
89329.0,43.0,Female,13.0,14.0,5.0,8.0,,21766.695081,1.0,126.0
89331.0,35.0,Male,9.0,7.0,1.0,8.0,,77625.451212,1.0,131.0
89332.0,77.0,Female,13.0,6.0,5.0,8.0,,14665.626301,2.0,126.0
89334.0,17.0,Male,10.0,6.0,2.0,8.0,,15382.620821,1.0,121.0
89335.0,37.0,Male,5.0,7.5,5.0,5.397605346934028e-79,,34836.816064,2.0,127.0
89336.0,17.0,Male,3.0,11.0,2.0,1.0,,13997.431551,2.0,131.0
89338.0,68.0,Female,9.0,7.0,5.0,4.0,,49826.658472,2.0,130.0
89339.0,80.0,Male,9.0,9.0,1.0,8.0,,17212.624711,1.0,125.0
89340.0,24.0,Female,1.0,8.0,1.0,5.397605346934028e-79,,39316.610233,2.0,127.0
89341.0,16.0,Female,6.0,5.5,3.0,3.0,,13931.533173,1.0,131.0
89343.0,16.0,Female,10.0,9.0,2.0,8.0,,16645.649792,2.0,120.0
89345.0,30.0,Female,2.0,7.5,1.0,1.0,,28848.283171,1.0,124.0
89346.0,48.0,Male,6.0,8.5,3.0,3.0,,52589.239601,1.0,128.0
89347.0,19.0,Male,9.0,8.5,1.0,8.0,,24240.917456,1.0,125.0
89348.0,43.0,Female,2.0,7.5,2.0,5.397605346934028e-79,,22157.678044,1.0,126.0
89349.0,17.0,Male,6.0,7.0,1.0,5.0,,13382.59812,2.0,131.0
89350.0,57.0,Male,7.0,7.0,2.0,5.0,,36270.081964,2.0,122.0
89351.0,67.0,Female,9.0,7.0,1.0,8.0,,7240.475668,1.0,119.0
89352.0,66.0,Male,7.0,7.5,3.0,4.0,,9652.042775,1.0,120.0
89353.0,36.0,Male,3.0,7.5,2.0,1.0,,25463.372657,1.0,120.0
89354.0,39.0,Male,5.0,5.0,3.0,2.0,,34562.152915,1.0,132.0
89355.0,71.0,Male,10.0,8.0,2.0,8.0,,12005.567992,1.0,128.0
89357.0,39.0,Male,4.0,5.5,2.0,2.0,,27096.456587,1.0,132.0
89358.0,42.0,Male,2.0,6.5,2.0,5.397605346934028e-79,,30335.279173,1.0,131.0
89359.0,30.0,Female,3.0,9.5,2.0,1.0,,48762.677954,2.0,127.0
89362.0,41.0,Female,8.0,6.0,5.397605346934028e-79,8.0,,167960.371959,1.0,132.0
89364.0,23.0,Female,4.0,5.0,2.0,2.0,,29497.316053,1.0,123.0
89367.0,58.0,Male,2.0,7.5,2.0,5.397605346934028e-79,,165591.315453,1.0,122.0
89369.0,16.0,Male,2.0,8.0,2.0,5.397605346934028e-79,,18706.562046,2.0,121.0
89370.0,69.0,Male,7.0,9.0,5.0,2.0,,152961.312995,2.0,125.0
89371.0,63.0,Male,5.0,5.5,2.0,3.0,,17337.242169,1.0,126.0
89373.0,63.0,Female,5.0,9.0,4.0,1.0,,24711.295496,2.0,133.0
89374.0,38.0,Male,10.0,6.0,5.0,5.0,,5.397605346934028e-79,2.0,124.0
89376.0,65.0,Female,1.0795210693868056e-78,8.0,5.397605346934028e-79,5.397605346934028e-79,,35383.10569,2.0,125.0
89377.0,17.0,Female,10.0,8.0,5.0,5.0,,16071.350365,2.0,131.0
89381.0,68.0,Male,12.0,6.0,4.0,8.0,,9233.542025,1.0,125.0
89382.0,55.0,Male,2.0,9.0,2.0,5.397605346934028e-79,,105576.133531,2.0,131.0
89383.0,50.0,Male,11.0,5.5,3.0,8.0,,18478.27775,1.0,127.0
89384.0,22.0,Male,1.0,9.5,5.397605346934028e-79,1.0,,28182.270764,1.0,131.0
89389.0,68.0,Female,7.0,4.0,2.0,5.0,,9166.833894,1.0,129.0
89390.0,52.0,Female,11.0,9.0,3.0,8.0,,15021.709156,1.0,119.0
89391.0,68.0,Male,3.0,7.0,2.0,1.0,,164727.56784,2.0,125.0
89392.0,20.0,Male,10.0,5.0,8.0,2.0,60.0,14130.571574,1.0,121.0
89393.0,17.0,Male,13.0,6.0,5.0,8.0,,17435.085749,1.0,129.0
89395.0,51.0,Female,5.0,8.0,2.0,3.0,,182690.56575,1.0,130.0
89397.0,52.0,Male,11.0,7.0,3.0,8.0,,27673.951279,1.0,132.0
89399.0,30.0,Female,3.0,7.0,1.0,2.0,,31626.582542,1.0,132.0
89400.0,52.0,Female,13.0,9.0,5.0,8.0,,17595.372974,2.0,126.0
89401.0,16.0,Male,8.0,7.0,3.0,5.0,,19951.452394,1.0,127.0
89402.0,55.0,Female,9.0,8.0,1.0,8.0,,17264.391749,2.0,133.0
89403.0,74.0,Male,8.0,8.0,5.397605346934028e-79,8.0,,11188.896194,1.0,127.0
89404.0,71.0,Male,13.0,8.0,5.0,8.0,,15916.911834,1.0,130.0
89407.0,32.0,Female,8.0,8.0,8.0,5.397605346934028e-79,,22388.673799,2.0,121.0
89408.0,50.0,Male,9.0,7.0,1.0,8.0,60.0,27306.712911,1.0,122.0
89412.0,62.0,Female,11.0,7.0,3.0,8.0,,21912.712149,2.0,126.0
89413.0,80.0,Male,4.0,10.0,3.0,1.0,,46071.723561,2.0,122.0
89414.0,20.0,Male,12.0,8.0,8.0,4.0,,29286.803428,2.0,125.0
89417.0,48.0,Female,10.0,9.0,2.0,8.0,,31124.861213,1.0,132.0
89419.0,58.0,Male,4.0,8.0,4.0,5.397605346934028e-79,60.0,92365.384305,1.0,125.0
89420.0,67.0,Female,3.0,8.0,3.0,5.397605346934028e-79,,37661.14172,2.0,125.0
89422.0,80.0,Male,4.0,7.0,2.0,2.0,,19832.847214,1.0,130.0
89424.0,17.0,Female,10.0,8.5,2.0,8.0,,15984.841565,2.0,129.0
89425.0,36.0,Male,4.0,7.5,3.0,1.0,,134484.678889,1.0,126.0
89426.0,29.0,Male,4.0,8.5,2.0,2.0,,50863.931538,1.0,125.0
89428.0,17.0,Male,2.0,8.0,2.0,5.397605346934028e-79,,55940.918345,1.0,127.0
89433.0,74.0,Female,10.0,8.0,2.0,8.0,,5.397605346934028e-79,1.0,120.0
89434.0,46.0,Female,1.0795210693868056e-78,7.5,5.397605346934028e-79,5.397605346934028e-79,,21875.058103,2.0,126.0
89435.0,46.0,Female,10.0,7.0,2.0,8.0,,74148.785386,2.0,127.0
89436.0,33.0,Male,10.0,7.0,2.0,8.0,,13487.784374,1.0,119.0
89437.0,70.0,Male,1.0,7.0,5.397605346934028e-79,1.0,,79868.219676,1.0,132.0
89438.0,38.0,Male,1.0,7.0,1.0,5.397605346934028e-79,,5.397605346934028e-79,1.0,128.0
89439.0,72.0,Male,4.0,8.0,3.0,1.0,,12333.995764,1.0,131.0
89440.0,17.0,Female,4.0,8.0,4.0,5.397605346934028e-79,,12421.559129,1.0,131.0
89441.0,67.0,Female,12.0,11.0,4.0,8.0,,9470.855252,2.0,125.0
89442.0,51.0,Male,10.0,8.5,2.0,8.0,,18419.057886,1.0,129.0
89443.0,80.0,Male,2.0,9.5,1.0,1.0,,55220.742077,1.0,126.0
89444.0,48.0,Female,11.0,9.5,3.0,8.0,,28386.197065,1.0,128.0
89445.0,32.0,Male,2.0,8.0,2.0,5.397605346934028e-79,,51680.136746,2.0,123.0
89446.0,61.0,Female,8.0,9.0,5.397605346934028e-79,8.0,30.0,20891.978932,1.0,122.0
89448.0,17.0,Female,1.0,7.0,1.0,5.397605346934028e-79,,11234.760774,2.0,128.0
89453.0,25.0,Female,12.0,8.0,4.0,8.0,,82324.104057,2.0,121.0
89455.0,65.0,Male,9.0,8.0,1.0,8.0,60.0,7778.892166,1.0,125.0
89456.0,16.0,Female,4.0,7.0,2.0,2.0,,12550.531753,2.0,124.0
89457.0,48.0,Female,4.0,7.5,2.0,2.0,,169956.068501,2.0,122.0
89458.0,70.0,Female,7.0,8.0,2.0,5.0,,81740.494014,2.0,125.0
89459.0,54.0,Male,13.0,7.0,5.0,8.0,,27258.838143,1.0,131.0
89462.0,29.0,Male,1.0,7.5,1.0,5.397605346934028e-79,,26869.925269,2.0,122.0
89465.0,55.0,Female,16.0,5.5,8.0,8.0,,5.397605346934028e-79,1.0,127.0
89467.0,16.0,Female,4.0,8.0,4.0,5.397605346934028e-79,,15555.652818,1.0,120.0
89469.0,77.0,Male,11.0,10.0,3.0,8.0,,5.397605346934028e-79,2.0,133.0
89470.0,46.0,Female,2.0,7.5,2.0,5.397605346934028e-79,,23503.766265,1.0,129.0
89471.0,75.0,Female,11.0,8.0,3.0,8.0,,19033.988827,1.0,125.0
89472.0,75.0,Male,6.0,8.5,5.0,1.0,,12092.152709,1.0,131.0
89473.0,68.0,Female,7.0,9.0,5.0,2.0,,21169.30518,2.0,125.0
89474.0,29.0,Female,8.0,7.5,5.397605346934028e-79,8.0,,87369.050543,1.0,130.0
89475.0,46.0,Female,2.0,7.5,2.0,5.397605346934028e-79,,22498.363692,1.0,129.0
89476.0,44.0,Female,9.0,3.0,1.0,8.0,,15734.817574,1.0,119.0
89477.0,31.0,Male,4.0,7.0,3.0,1.0,,147880.69347,1.0,122.0
89482.0,70.0,Female,3.0,7.0,2.0,1.0,,83647.034635,2.0,125.0
89483.0,56.0,Female,9.0,8.0,1.0,8.0,,11742.14525,1.0,121.0
89485.0,35.0,Male,1.0795210693868056e-78,7.5,5.397605346934028e-79,5.397605346934028e-79,,30354.128303,1.0,132.0
89488.0,75.0,Male,13.0,8.0,5.0,8.0,,14665.124966,1.0,123.0
89490.0,74.0,Male,4.0,6.5,3.0,1.0,,89223.831036,1.0,126.0
89491.0,49.0,Male,2.0,7.0,5.397605346934028e-79,2.0,,29555.904849,1.0,129.0
89493.0,26.0,Female,13.0,7.5,8.0,5.0,,26494.854271,2.0,128.0
89494.0,42.0,Female,4.0,7.5,3.0,1.0,,22772.072317,2.0,129.0
89495.0,49.0,Female,5.0,6.0,4.0,1.0,,16990.693933,2.0,129.0
89496.0,48.0,Female,1.0,6.5,1.0,5.397605346934028e-79,,31550.166385,2.0,122.0
89497.0,20.0,Male,2.0,7.0,2.0,5.397605346934028e-79,,148172.898325,2.0,128.0
89499.0,57.0,Female,11.0,9.5,3.0,8.0,,58271.405733,2.0,130.0
89500.0,63.0,Female,5.0,7.5,2.0,3.0,,8254.256938,1.0,122.0
89501.0,80.0,Male,3.0,8.5,3.0,5.397605346934028e-79,,32232.188977,2.0,126.0
89504.0,80.0,Male,2.0,12.0,2.0,5.397605346934028e-79,,19921.793769,1.0,130.0
89505.0,26.0,Female,8.0,9.0,5.397605346934028e-79,8.0,,5.397605346934028e-79,2.0,121.0
89506.0,23.0,Female,1.0795210693868056e-78,8.0,5.397605346934028e-79,5.397605346934028e-79,,5.397605346934028e-79,1.0,121.0
89508.0,20.0,Female,8.0,8.0,3.0,5.0,,29030.499512,2.0,125.0
89511.0,45.0,Female,10.0,9.0,5.0,5.0,,108408.673531,2.0,132.0
89513.0,49.0,Male,4.0,7.0,2.0,2.0,,22641.509873,1.0,122.0
89514.0,67.0,Female,11.0,8.5,3.0,8.0,,7995.284187,1.0,124.0
89515.0,80.0,Female,11.0,6.5,3.0,8.0,,5.397605346934028e-79,2.0,119.0
89516.0,35.0,Female,4.0,7.5,2.0,2.0,,5.397605346934028e-79,2.0,127.0
89517.0,27.0,Male,3.0,7.0,2.0,1.0,,40344.611414,2.0,120.0
89518.0,57.0,Female,8.0,6.0,5.0,3.0,,16815.391535,2.0,133.0
89519.0,65.0,Male,9.0,8.0,1.0,8.0,,8002.324829,1.0,121.0
89520.0,45.0,Male,4.0,7.5,3.0,1.0,,89932.524934,2.0,128.0
89522.0,45.0,Male,2.0,6.5,2.0,5.397605346934028e-79,,43714.53547,2.0,128.0
89523.0,26.0,Female,10.0,10.0,2.0,8.0,,13833.113104,1.0,133.0
89524.0,54.0,Male,4.0,9.0,3.0,1.0,,27372.694269,2.0,131.0
89525.0,41.0,Female,2.0,7.0,2.0,5.397605346934028e-79,,18674.410271,2.0,133.0
89529.0,20.0,Female,3.0,7.0,1.0,2.0,,30190.881908,2.0,125.0
89531.0,60.0,Female,10.0,8.0,2.0,8.0,,5.397605346934028e-79,1.0,133.0
89533.0,38.0,Male,9.0,9.0,1.0,8.0,,158217.269281,1.0,126.0
89534.0,20.0,Male,10.0,9.0,2.0,8.0,,53704.38458,2.0,125.0
89536.0,47.0,Female,6.0,7.0,4.0,2.0,,103792.651511,2.0,120.0
89537.0,50.0,Male,10.0,4.0,2.0,8.0,,19899.975358,2.0,125.0
89538.0,58.0,Female,9.0,12.0,1.0,8.0,,29822.939619,2.0,127.0
89539.0,17.0,Male,6.0,4.0,1.0,5.0,,13839.014881,2.0,125.0
89540.0,48.0,Male,12.0,8.0,4.0,8.0,,33816.819521,2.0,125.0
89541.0,44.0,Male,7.0,6.0,5.0,2.0,,26311.834911,1.0,126.0
89542.0,62.0,Male,12.0,7.0,4.0,8.0,,13689.736224,2.0,130.0
89543.0,64.0,Male,10.0,,2.0,8.0,,8117.104869,2.0,126.0
89544.0,25.0,Female,9.0,9.5,1.0,8.0,,29523.871599,1.0,132.0
89545.0,41.0,Female,1.0,6.0,1.0,5.397605346934028e-79,,19971.19927,1.0,127.0
89546.0,74.0,Male,6.0,5.5,3.0,3.0,,90218.914631,1.0,126.0
89549.0,49.0,Male,12.0,6.0,4.0,8.0,,25221.741084,1.0,120.0
89550.0,55.0,Male,1.0,7.5,5.397605346934028e-79,1.0,,16780.932565,2.0,122.0
89551.0,78.0,Male,13.0,8.5,5.0,8.0,,11049.326403,2.0,126.0
89552.0,19.0,Female,8.0,8.0,5.0,3.0,,12755.492757,1.0,123.0
89553.0,55.0,Male,10.0,7.5,2.0,8.0,,120644.793468,1.0,125.0
89555.0,31.0,Female,9.0,9.0,1.0,8.0,,5.397605346934028e-79,2.0,132.0
89557.0,51.0,Male,10.0,10.0,2.0,8.0,,17017.235149,1.0,128.0
89560.0,80.0,Female,8.0,11.0,5.397605346934028e-79,8.0,,12754.627595,1.0,127.0
89562.0,34.0,Female,13.0,9.5,5.0,8.0,,27557.775895,1.0,123.0
89563.0,68.0,Female,2.0,8.5,2.0,5.397605346934028e-79,,37671.236728,2.0,131.0
89565.0,55.0,Female,9.0,8.5,5.0,4.0,,122713.44145,1.0,122.0
89566.0,78.0,Male,4.0,7.5,3.0,1.0,,15331.203334,1.0,129.0
89568.0,51.0,Male,2.0,7.0,2.0,5.397605346934028e-79,,49687.157222,2.0,127.0
89570.0,56.0,Male,11.0,8.0,3.0,8.0,,177064.054262,1.0,121.0
89572.0,61.0,Female,2.0,11.0,2.0,5.397605346934028e-79,60.0,25818.630477,2.0,130.0
89573.0,20.0,Male,2.0,3.0,2.0,5.397605346934028e-79,,34019.381942,1.0,119.0
89574.0,63.0,Male,3.0,7.0,3.0,5.397605346934028e-79,,9243.677587,1.0,127.0
89575.0,25.0,Female,4.0,10.5,2.0,2.0,,31859.122926,2.0,121.0
89576.0,70.0,Female,4.0,6.5,2.0,2.0,,12177.520925,2.0,133.0
89577.0,38.0,Male,12.0,7.0,4.0,8.0,,21556.65055,2.0,133.0
89578.0,34.0,Male,8.0,5.0,5.397605346934028e-79,8.0,,38003.560179,2.0,121.0
89579.0,39.0,Male,8.0,5.5,5.397605346934028e-79,8.0,,24962.067144,2.0,124.0
89581.0,67.0,Female,3.0,7.5,3.0,5.397605346934028e-79,,113945.089397,1.0,123.0
89582.0,53.0,Male,10.0,7.0,2.0,8.0,,116254.109794,2.0,121.0
89583.0,38.0,Male,10.0,7.0,2.0,8.0,,46417.98441,1.0,130.0
89584.0,23.0,Female,5.0,9.0,1.0,4.0,,26685.052113,1.0,128.0
89585.0,74.0,Female,12.0,9.0,4.0,8.0,,50320.540919,1.0,125.0
89586.0,22.0,Male,4.0,10.0,4.0,5.397605346934028e-79,,39031.165047,1.0,126.0
89587.0,76.0,Female,12.0,9.0,4.0,8.0,,13948.404515,2.0,126.0
89588.0,62.0,Female,3.0,8.0,3.0,5.397605346934028e-79,,93637.5294,1.0,131.0
89589.0,30.0,Female,1.0795210693868056e-78,9.0,5.397605346934028e-79,5.397605346934028e-79,,95911.24699,2.0,121.0
89590.0,35.0,Female,1.0,7.5,1.0,5.397605346934028e-79,,5.397605346934028e-79,1.0,133.0
89591.0,39.0,Male,12.0,8.0,4.0,8.0,,25231.17362,2.0,132.0
89594.0,21.0,Male,11.0,10.0,3.0,8.0,,68705.051371,2.0,121.0
89595.0,51.0,Female,11.0,6.5,3.0,8.0,,15137.075441,1.0,131.0
89596.0,80.0,Female,8.0,9.0,3.0,5.0,,28836.232514,1.0,131.0
89597.0,65.0,Female,10.0,7.5,2.0,8.0,,18704.207443,2.0,129.0
89598.0,38.0,Male,2.0,9.0,1.0,1.0,,111595.62554,2.0,132.0
89599.0,62.0,Male,10.0,10.0,2.0,8.0,,11142.645637,1.0,128.0
89600.0,22.0,Male,5.0,7.0,3.0,2.0,,32352.859058,1.0,129.0
89601.0,30.0,Female,5.0,4.5,5.397605346934028e-79,5.0,,47177.289007,2.0,126.0
89602.0,47.0,Male,4.0,8.0,2.0,2.0,,14528.332482,2.0,126.0
89604.0,20.0,Male,6.0,6.0,4.0,2.0,,31233.050112,1.0,133.0
89606.0,52.0,Female,2.0,11.0,1.0,1.0,,25572.67789,2.0,128.0
89607.0,17.0,Female,4.0,6.0,2.0,2.0,,18857.77833,1.0,124.0
89608.0,66.0,Male,13.0,9.0,5.0,8.0,,15515.034387,2.0,130.0
89609.0,74.0,Female,13.0,8.0,5.0,8.0,,10977.272181,2.0,119.0
89611.0,61.0,Female,5.0,4.5,2.0,3.0,,7399.054621,1.0,121.0
89612.0,32.0,Male,2.0,5.5,2.0,5.397605346934028e-79,,96241.851602,1.0,133.0
89613.0,18.0,Female,13.0,10.0,5.0,8.0,,70454.156857,2.0,131.0
89614.0,25.0,Male,10.0,10.0,8.0,2.0,,29261.26355,2.0,122.0
89616.0,56.0,Female,4.0,6.5,3.0,1.0,,19355.327344,1.0,128.0
89618.0,28.0,Male,1.0795210693868056e-78,7.5,5.397605346934028e-79,5.397605346934028e-79,60.0,84186.575473,1.0,131.0
89619.0,31.0,Male,3.0,7.0,1.0,2.0,,102186.807466,2.0,129.0
89620.0,27.0,Female,9.0,7.0,5.0,4.0,,97853.336609,1.0,130.0
89622.0,46.0,Female,10.0,8.5,2.0,8.0,,106576.49068,1.0,123.0
89623.0,68.0,Female,9.0,5.0,1.0,8.0,,10002.527251,1.0,127.0
89627.0,17.0,Male,5.0,7.0,2.0,3.0,,12054.081522,2.0,122.0
89628.0,61.0,Female,13.0,5.0,5.0,8.0,,20702.002568,1.0,124.0
89629.0,54.0,Male,10.0,8.0,2.0,8.0,,18827.386636,1.0,119.0
89632.0,67.0,Male,4.0,8.0,2.0,2.0,,142473.913556,2.0,124.0
89633.0,73.0,Male,3.0,9.0,3.0,5.397605346934028e-79,,13719.30245,2.0,123.0
89635.0,65.0,Female,5.0,7.5,2.0,3.0,,25975.987055,1.0,132.0
89636.0,66.0,Female,5.0,8.0,3.0,2.0,,123640.928466,1.0,128.0
89637.0,40.0,Female,10.0,7.0,2.0,8.0,,18584.817647,1.0,121.0
89639.0,29.0,Female,8.0,6.5,5.397605346934028e-79,8.0,,52145.969028,1.0,131.0
89640.0,48.0,Female,10.0,8.0,2.0,8.0,,17777.496412,1.0,132.0
89641.0,62.0,Male,10.0,8.0,5.0,5.0,,130170.008458,1.0,130.0
89642.0,37.0,Female,1.0,8.0,1.0,5.397605346934028e-79,,105160.700556,1.0,127.0
89643.0,29.0,Male,4.0,9.0,5.397605346934028e-79,4.0,,34764.872593,2.0,120.0
89644.0,39.0,Male,4.0,7.0,3.0,1.0,,28070.046135,1.0,124.0
89645.0,54.0,Female,4.0,7.0,3.0,1.0,,33312.271608,1.0,132.0
89646.0,71.0,Female,4.0,8.0,2.0,2.0,,16018.196896,1.0,124.0
89647.0,47.0,Female,3.0,8.0,2.0,1.0,,23310.456462,1.0,133.0
89648.0,55.0,Male,3.0,8.5,2.0,1.0,,18147.842933,2.0,128.0
89649.0,60.0,Male,8.0,7.0,4.0,4.0,,127070.722542,1.0,130.0
89650.0,62.0,Male,8.0,8.5,5.0,3.0,,16170.444425,2.0,127.0
89651.0,26.0,Female,2.0,8.5,1.0,1.0,,24632.355796,1.0,128.0
89652.0,50.0,Female,6.0,8.0,5.0,1.0,,24479.843533,2.0,131.0
89654.0,18.0,Female,10.0,9.0,2.0,8.0,,19861.514409,2.0,129.0
89655.0,72.0,Male,11.0,6.0,3.0,8.0,,11531.442993,1.0,133.0
89656.0,39.0,Male,9.0,8.5,1.0,8.0,,23201.177189,2.0,122.0
89657.0,59.0,Male,1.0795210693868056e-78,6.5,5.397605346934028e-79,5.397605346934028e-79,,169537.437967,2.0,121.0
89659.0,43.0,Female,3.0,7.5,3.0,5.397605346934028e-79,,145583.075077,1.0,122.0
89661.0,31.0,Male,1.0,9.5,1.0,5.397605346934028e-79,,5.397605346934028e-79,1.0,122.0
89662.0,59.0,Male,4.0,7.0,3.0,1.0,,32625.247563,1.0,125.0
89666.0,80.0,Female,10.0,9.0,5.0,5.0,,11509.991081,1.0,124.0
89669.0,52.0,Male,8.0,6.0,3.0,5.0,,19995.579301,1.0,124.0
89670.0,38.0,Male,3.0,6.0,3.0,5.397605346934028e-79,,20004.910976,1.0,124.0
89671.0,77.0,Male,8.0,7.0,4.0,4.0,,72039.920287,1.0,128.0
89672.0,20.0,Male,6.0,9.5,4.0,2.0,,28120.204108,2.0,132.0
89673.0,39.0,Male,3.0,4.0,1.0,2.0,,18747.905128,2.0,126.0
89674.0,31.0,Male,5.0,6.5,5.0,5.397605346934028e-79,,27980.783671,2.0,131.0
89676.0,60.0,Female,1.0795210693868056e-78,9.0,5.397605346934028e-79,5.397605346934028e-79,,16780.964142,1.0,119.0
89677.0,60.0,Male,11.0,9.0,3.0,8.0,,8295.484674,1.0,120.0
89679.0,78.0,Male,11.0,9.0,3.0,8.0,,16485.372971,1.0,130.0
89680.0,21.0,Male,3.0,12.0,2.0,1.0,,28887.866027,2.0,129.0
89681.0,16.0,Female,8.0,8.5,8.0,5.397605346934028e-79,,53675.41563,2.0,123.0
89684.0,42.0,Female,12.0,8.5,4.0,8.0,,22456.699685,1.0,124.0
89685.0,41.0,Female,3.0,6.5,2.0,1.0,,25575.106323,1.0,122.0
89686.0,52.0,Female,3.0,6.0,2.0,1.0,,29105.885678,1.0,129.0
89690.0,80.0,Male,12.0,8.0,4.0,8.0,,13255.61071,1.0,131.0
89692.0,64.0,Female,9.0,6.0,5.0,4.0,,16903.643073,2.0,119.0
89694.0,77.0,Female,4.0,8.0,3.0,1.0,,66935.570198,1.0,131.0
89698.0,80.0,Female,4.0,9.0,4.0,5.397605346934028e-79,,44647.921078,2.0,132.0
89699.0,80.0,Male,16.0,9.0,8.0,8.0,60.0,5.397605346934028e-79,1.0,128.0
89700.0,25.0,Male,16.0,8.5,8.0,8.0,,105352.267023,1.0,122.0
89701.0,53.0,Female,9.0,6.5,5.0,4.0,,24011.065355,1.0,122.0
89702.0,18.0,Female,9.0,7.0,4.0,5.0,,12208.983027,1.0,124.0
89703.0,67.0,Female,13.0,8.0,5.0,8.0,,9166.833894,1.0,129.0
89704.0,71.0,Female,13.0,,5.0,8.0,,14486.753284,1.0,128.0
89705.0,34.0,Female,1.0,8.0,1.0,5.397605346934028e-79,,27807.629501,2.0,124.0
89706.0,35.0,Male,5.0,5.5,3.0,2.0,,21187.212184,2.0,120.0
89709.0,26.0,Male,5.0,7.0,3.0,2.0,,122650.922231,2.0,125.0
89710.0,79.0,Female,13.0,10.0,5.0,8.0,,10727.242785,1.0,128.0
89711.0,36.0,Female,3.0,8.0,2.0,1.0,,118592.31103,1.0,121.0
89712.0,48.0,Female,8.0,7.0,3.0,5.0,,30332.997454,1.0,132.0
89713.0,75.0,Female,9.0,8.0,5.0,4.0,,74718.602705,2.0,126.0
89719.0,34.0,Male,16.0,9.0,8.0,8.0,,26341.41999,1.0,120.0
89720.0,31.0,Male,5.0,8.5,4.0,1.0,,26055.544114,1.0,120.0
89721.0,80.0,Male,9.0,8.0,1.0,8.0,,13530.833396,2.0,131.0
89722.0,48.0,Female,8.0,7.0,5.397605346934028e-79,8.0,,26354.289004,2.0,130.0
89723.0,40.0,Female,6.0,9.0,4.0,2.0,60.0,23978.113528,2.0,129.0
89725.0,19.0,Female,5.0,8.0,4.0,1.0,,17166.456827,1.0,123.0
89726.0,57.0,Female,3.0,5.0,3.0,5.397605346934028e-79,,22584.468824,1.0,129.0
89727.0,18.0,Male,2.0,9.0,1.0,1.0,,22992.337861,2.0,129.0
89728.0,43.0,Male,4.0,9.0,2.0,2.0,,18021.260136,1.0,129.0
89729.0,50.0,Male,3.0,7.5,3.0,5.397605346934028e-79,,25742.712283,2.0,124.0
89730.0,32.0,Female,3.0,6.5,3.0,5.397605346934028e-79,,23926.565286,1.0,132.0
89731.0,34.0,Male,1.0,7.5,1.0,5.397605346934028e-79,,38647.274199,2.0,127.0
89733.0,24.0,Male,3.0,6.0,5.397605346934028e-79,3.0,,20001.604294,2.0,122.0
89734.0,72.0,Female,4.0,9.0,2.0,2.0,,12983.132718,2.0,133.0
89735.0,41.0,Male,5.0,7.0,5.0,5.397605346934028e-79,,124759.017131,2.0,125.0
89737.0,46.0,Female,8.0,8.0,5.397605346934028e-79,8.0,20.0,15938.117476,1.0,120.0
89741.0,61.0,Male,13.0,7.0,5.0,8.0,,8295.484674,1.0,120.0
89742.0,45.0,Male,13.0,10.0,5.0,8.0,,21422.94396,1.0,126.0
89743.0,41.0,Female,6.0,9.0,4.0,2.0,,149912.097475,1.0,127.0
89745.0,78.0,Female,11.0,9.5,3.0,8.0,60.0,5.397605346934028e-79,2.0,133.0
89749.0,20.0,Female,11.0,7.0,3.0,8.0,,28866.624154,2.0,132.0
89750.0,33.0,Female,4.0,8.5,3.0,1.0,,25509.061817,1.0,128.0
89751.0,54.0,Male,3.0,5.5,3.0,5.397605346934028e-79,,48322.204793,1.0,126.0
89752.0,27.0,Female,9.0,8.5,1.0,8.0,,35739.254587,1.0,130.0
89755.0,60.0,Female,11.0,10.5,3.0,8.0,,19934.771413,2.0,124.0
89756.0,62.0,Male,5.0,5.0,4.0,1.0,,42515.862501,1.0,125.0
89761.0,79.0,Female,5.0,8.0,1.0,4.0,,20398.336182,2.0,133.0
89762.0,35.0,Female,8.0,7.0,5.397605346934028e-79,8.0,60.0,30343.023526,2.0,129.0
89764.0,62.0,Female,4.0,7.0,4.0,5.397605346934028e-79,,9223.528226,1.0,120.0
89765.0,16.0,Male,10.0,8.5,5.0,5.0,,6740.109201,1.0,119.0
89768.0,36.0,Male,6.0,8.5,5.0,1.0,,20285.091208,2.0,126.0
89770.0,67.0,Female,9.0,9.5,5.0,4.0,,38108.155765,2.0,126.0
89771.0,70.0,Male,3.0,10.0,2.0,1.0,,8576.268612,1.0,124.0
89772.0,16.0,Female,6.0,6.5,2.0,4.0,,18584.477195,1.0,124.0
89774.0,32.0,Female,3.0,7.0,2.0,1.0,,119191.51421,1.0,130.0
89777.0,17.0,Female,10.0,12.0,2.0,8.0,,18702.004557,2.0,127.0
89779.0,21.0,Male,6.0,9.5,1.0,5.0,,19271.986298,2.0,128.0
89780.0,70.0,Male,4.0,9.0,2.0,2.0,,9060.941898,1.0,124.0
89781.0,17.0,Female,13.0,8.0,5.0,8.0,,17778.148662,2.0,123.0
89783.0,26.0,Female,2.0,7.5,1.0,1.0,,5.397605346934028e-79,2.0,123.0
89784.0,19.0,Male,6.0,9.0,1.0,5.0,,8591.055606,2.0,132.0
89785.0,20.0,Female,2.0,7.5,2.0,5.397605346934028e-79,,5.397605346934028e-79,1.0,124.0
89786.0,57.0,Female,10.0,8.0,2.0,8.0,,19493.338536,1.0,127.0
89787.0,71.0,Male,12.0,6.0,4.0,8.0,,21014.875762,1.0,132.0
89788.0,28.0,Male,16.0,8.5,8.0,8.0,,29215.059503,1.0,124.0
89790.0,59.0,Male,11.0,6.5,3.0,8.0,,37172.931328,1.0,124.0
89791.0,23.0,Male,12.0,9.0,8.0,4.0,,31713.3315,1.0,124.0
89792.0,30.0,Female,2.0,6.0,1.0,1.0,,22642.362258,1.0,120.0
89793.0,52.0,Male,4.0,5.5,4.0,5.397605346934028e-79,,36078.492462,2.0,130.0
89794.0,29.0,Female,1.0795210693868056e-78,9.0,5.397605346934028e-79,5.397605346934028e-79,60.0,27208.312895,1.0,119.0
89795.0,22.0,Female,3.0,10.0,1.0,2.0,,53306.286435,1.0,131.0
89797.0,59.0,Female,9.0,8.0,1.0,8.0,,20711.086071,1.0,128.0
89799.0,33.0,Male,1.0,9.5,1.0,5.397605346934028e-79,,25037.354628,2.0,122.0
89800.0,60.0,Female,10.0,4.0,5.0,5.0,,14309.130415,2.0,119.0
89801.0,67.0,Male,3.0,7.5,3.0,5.397605346934028e-79,,8214.432914,1.0,128.0
89802.0,25.0,Female,13.0,7.0,5.0,8.0,,27950.468329,2.0,119.0
89803.0,61.0,Male,8.0,6.0,5.397605346934028e-79,8.0,,9547.220912,2.0,122.0
89804.0,66.0,Female,2.0,7.0,2.0,5.397605346934028e-79,,118616.430528,1.0,119.0
89805.0,26.0,Female,2.0,9.5,2.0,5.397605346934028e-79,,66866.069822,1.0,133.0
89806.0,36.0,Male,12.0,8.0,8.0,4.0,,39987.42711,2.0,125.0
89807.0,69.0,Female,12.0,6.5,4.0,8.0,,10050.033571,1.0,128.0
89809.0,48.0,Female,8.0,9.0,8.0,5.397605346934028e-79,,95006.768157,2.0,131.0
89810.0,24.0,Female,10.0,9.0,2.0,8.0,,27734.546047,2.0,131.0
89811.0,33.0,Male,8.0,8.0,5.397605346934028e-79,8.0,,5.397605346934028e-79,1.0,133.0
89813.0,40.0,Female,3.0,8.0,2.0,1.0,,140782.434562,2.0,127.0
89814.0,33.0,Male,4.0,9.0,3.0,1.0,,47019.544024,1.0,130.0
89815.0,16.0,Male,5.0,7.5,1.0,4.0,,14026.255778,1.0,121.0
89816.0,26.0,Female,11.0,7.0,3.0,8.0,,23611.373244,1.0,126.0
89820.0,35.0,Female,1.0,8.5,1.0,5.397605346934028e-79,,34696.779833,1.0,128.0
89822.0,60.0,Male,7.0,7.0,5.0,2.0,,9115.818176,1.0,128.0
89823.0,21.0,Female,5.0,7.0,3.0,2.0,,72085.107991,1.0,123.0
89824.0,60.0,Female,1.0795210693868056e-78,8.0,5.397605346934028e-79,5.397605346934028e-79,,8168.258855,2.0,122.0
89825.0,23.0,Female,3.0,9.5,2.0,1.0,,27734.546047,2.0,131.0
89826.0,80.0,Male,13.0,9.5,5.0,8.0,,5.397605346934028e-79,2.0,120.0
89827.0,76.0,Female,,8.5,,8.0,,5.397605346934028e-79,2.0,119.0
89829.0,39.0,Female,16.0,8.5,8.0,8.0,60.0,24193.316087,1.0,122.0
89830.0,17.0,Female,9.0,6.0,1.0,8.0,,21294.059496,1.0,129.0
89831.0,52.0,Female,9.0,8.5,1.0,8.0,,19858.633551,1.0,126.0
89832.0,26.0,Female,12.0,8.0,4.0,8.0,,43747.60538,1.0,128.0
89833.0,36.0,Female,2.0,6.0,2.0,5.397605346934028e-79,,18956.188846,2.0,132.0
89835.0,75.0,Female,8.0,9.0,5.0,3.0,,54429.009137,2.0,127.0
89839.0,36.0,Female,8.0,6.0,5.397605346934028e-79,8.0,60.0,92699.071176,1.0,132.0
89841.0,57.0,Male,6.0,6.5,4.0,2.0,,21284.176419,2.0,126.0
89842.0,28.0,Male,10.0,10.0,2.0,8.0,,24913.200394,1.0,124.0
89844.0,64.0,Female,10.0,7.5,2.0,8.0,60.0,9412.618369,1.0,119.0
89845.0,63.0,Male,6.0,9.0,5.0,1.0,,10119.098072,1.0,119.0
89846.0,32.0,Male,16.0,7.5,8.0,8.0,,25159.628454,2.0,131.0
89848.0,80.0,Male,3.0,6.5,3.0,5.397605346934028e-79,,19488.592599,2.0,128.0
89849.0,67.0,Female,11.0,7.5,3.0,8.0,,24531.817163,1.0,133.0
89850.0,80.0,Male,11.0,9.0,3.0,8.0,,45477.072585,2.0,125.0
89851.0,44.0,Male,9.0,9.0,1.0,8.0,,90939.363634,1.0,125.0
89852.0,77.0,Male,6.0,8.0,5.0,1.0,,5.397605346934028e-79,2.0,127.0
89853.0,74.0,Female,8.0,8.5,5.397605346934028e-79,8.0,15.0,62538.179886,1.0,126.0
89854.0,37.0,Female,8.0,7.5,5.397605346934028e-79,8.0,,24350.524593,2.0,122.0
89855.0,59.0,Male,5.0,9.5,5.0,5.397605346934028e-79,,151615.365691,2.0,125.0
89856.0,42.0,Female,8.0,9.0,5.397605346934028e-79,8.0,,21230.440914,2.0,121.0
89860.0,65.0,Male,12.0,8.0,4.0,8.0,,98466.949483,1.0,131.0
89861.0,58.0,Male,10.0,7.5,2.0,8.0,,129495.65339,1.0,128.0
89862.0,60.0,Female,7.0,7.5,3.0,4.0,,22781.144539,2.0,130.0
89864.0,20.0,Male,4.0,9.0,3.0,1.0,,31394.288948,1.0,121.0
89868.0,25.0,Female,2.0,9.0,5.397605346934028e-79,2.0,,75293.046452,2.0,120.0
89872.0,54.0,Female,2.0,5.5,5.397605346934028e-79,2.0,,5.397605346934028e-79,2.0,133.0
89875.0,17.0,Female,16.0,7.5,8.0,8.0,,40952.758531,1.0,130.0
89876.0,16.0,Female,11.0,6.5,3.0,8.0,,17196.875624,1.0,125.0
89878.0,47.0,Male,9.0,9.0,1.0,8.0,30.0,9676.37124,1.0,119.0
89881.0,30.0,Female,7.0,8.5,4.0,3.0,,26541.11334,2.0,124.0
89883.0,72.0,Male,11.0,8.5,3.0,8.0,,96466.779895,1.0,120.0
89884.0,76.0,Female,10.0,9.5,2.0,8.0,,13372.387646,1.0,128.0
89886.0,38.0,Female,5.0,8.0,4.0,1.0,,138851.945637,1.0,132.0
89889.0,54.0,Female,3.0,10.0,2.0,1.0,,25922.615553,2.0,122.0
89891.0,48.0,Male,4.0,7.5,1.0,3.0,,128356.459662,2.0,123.0
89892.0,42.0,Female,8.0,8.0,8.0,5.397605346934028e-79,,16334.50313,1.0,121.0
89894.0,65.0,Female,9.0,9.0,1.0,8.0,60.0,7674.475423,2.0,119.0
89897.0,80.0,Female,5.0,9.0,3.0,2.0,,83548.608035,1.0,131.0
89898.0,26.0,Male,1.0,8.5,5.397605346934028e-79,1.0,,15764.174859,2.0,128.0
89899.0,39.0,Female,3.0,8.5,2.0,1.0,,5.397605346934028e-79,2.0,125.0
89900.0,17.0,Male,1.0,8.0,5.397605346934028e-79,1.0,,8830.945929,1.0,119.0
89901.0,36.0,Female,9.0,9.5,1.0,8.0,,28071.517056,2.0,131.0
89902.0,73.0,Male,2.0,9.0,1.0,1.0,,15046.340114,2.0,125.0
89904.0,30.0,Female,3.0,8.5,1.0,2.0,,23752.025377,1.0,133.0
89905.0,60.0,Female,1.0795210693868056e-78,7.0,5.397605346934028e-79,5.397605346934028e-79,,33535.375848,2.0,132.0
89907.0,77.0,Female,12.0,5.0,4.0,8.0,,38682.008717,1.0,131.0
89908.0,30.0,Female,5.0,8.0,2.0,3.0,,31348.958117,2.0,121.0
89909.0,72.0,Male,13.0,10.0,5.0,8.0,,20024.047908,1.0,125.0
89911.0,32.0,Female,1.0,8.5,1.0,5.397605346934028e-79,,34607.303303,1.0,121.0
89913.0,65.0,Male,2.0,11.0,2.0,5.397605346934028e-79,,26375.259046,2.0,127.0
89915.0,34.0,Male,5.0,8.0,5.397605346934028e-79,5.0,,5.397605346934028e-79,1.0,129.0
89918.0,42.0,Male,1.0795210693868056e-78,5.5,5.397605346934028e-79,5.397605346934028e-79,,25206.298017,1.0,123.0
89919.0,40.0,Female,2.0,8.0,2.0,5.397605346934028e-79,,16334.50313,1.0,120.0
89921.0,37.0,Male,4.0,6.0,4.0,5.397605346934028e-79,,171680.122491,1.0,132.0
89924.0,16.0,Male,2.0,8.0,5.397605346934028e-79,2.0,,21120.746802,1.0,124.0
89925.0,68.0,Female,8.0,9.0,5.397605346934028e-79,8.0,,11090.36014,1.0,128.0
89927.0,41.0,Female,16.0,7.5,8.0,8.0,,24939.499304,2.0,132.0
89929.0,31.0,Female,3.0,10.0,2.0,1.0,,22984.106632,2.0,126.0
89933.0,31.0,Male,13.0,5.0,5.0,8.0,,39989.333448,1.0,123.0
89934.0,19.0,Female,8.0,10.0,3.0,5.0,,11825.836944,1.0,123.0
89935.0,46.0,Female,10.0,6.0,2.0,8.0,,43787.622988,2.0,131.0
89939.0,27.0,Male,1.0,8.0,1.0,5.397605346934028e-79,,13782.06768,2.0,133.0
89942.0,62.0,Male,9.0,8.0,1.0,8.0,,11906.711113,2.0,131.0
89945.0,42.0,Male,1.0795210693868056e-78,7.0,5.397605346934028e-79,5.397605346934028e-79,,20744.842999,2.0,129.0
89946.0,28.0,Male,1.0,8.5,1.0,5.397605346934028e-79,,121806.1779,1.0,122.0
89948.0,61.0,Male,13.0,6.0,5.0,8.0,,20472.573569,2.0,128.0
89950.0,26.0,Female,10.0,9.5,2.0,8.0,,34631.312433,2.0,130.0
89953.0,65.0,Female,6.0,7.0,5.0,1.0,,40649.394025,1.0,130.0
89955.0,21.0,Male,6.0,6.0,2.0,4.0,,29058.720876,1.0,124.0
89956.0,18.0,Male,10.0,7.5,5.0,5.0,,16492.319988,1.0,128.0
89957.0,33.0,Female,4.0,10.0,4.0,5.397605346934028e-79,,19175.174972,1.0,123.0
89959.0,32.0,Female,1.0,6.0,5.397605346934028e-79,1.0,,102817.669175,2.0,128.0
89960.0,69.0,Female,3.0,8.5,2.0,1.0,,126056.420648,1.0,130.0
89962.0,20.0,Male,9.0,8.0,5.0,4.0,,30878.711573,2.0,125.0
89963.0,25.0,Male,2.0,8.5,2.0,5.397605346934028e-79,,38652.573841,1.0,128.0
89964.0,63.0,Female,2.0,6.5,2.0,5.397605346934028e-79,,7996.442868,2.0,120.0
89965.0,54.0,Male,4.0,7.0,4.0,5.397605346934028e-79,,45077.793074,2.0,127.0
89966.0,69.0,Female,13.0,7.5,5.0,8.0,,16909.77794,2.0,126.0
89967.0,51.0,Male,3.0,8.0,2.0,1.0,,22325.144087,1.0,124.0
89970.0,47.0,Female,13.0,4.0,5.0,8.0,,21087.228153,1.0,126.0
89974.0,76.0,Male,11.0,4.0,3.0,8.0,,12085.662274,1.0,123.0
89975.0,26.0,Male,4.0,7.5,3.0,1.0,,61416.822521,1.0,121.0
89976.0,19.0,Male,2.0,7.0,5.397605346934028e-79,2.0,,9024.318005,2.0,125.0
89977.0,67.0,Female,3.0,8.0,3.0,5.397605346934028e-79,,10660.056267,2.0,133.0
89978.0,64.0,Female,12.0,10.5,4.0,8.0,,7689.63082,1.0,127.0
89980.0,33.0,Female,5.0,9.5,4.0,1.0,,33060.082349,1.0,120.0
89981.0,46.0,Female,10.0,6.0,5.0,5.0,,20742.41094,2.0,126.0
89982.0,17.0,Male,3.0,8.0,5.397605346934028e-79,3.0,,67173.693705,1.0,122.0
89984.0,18.0,Male,8.0,10.5,3.0,5.0,,18706.562046,2.0,121.0
89986.0,28.0,Female,8.0,10.5,5.397605346934028e-79,8.0,,54793.932519,1.0,130.0
89987.0,69.0,Female,5.0,6.0,3.0,2.0,,5921.040235,2.0,119.0
89988.0,16.0,Female,2.0,9.0,2.0,5.397605346934028e-79,,20598.589298,1.0,126.0
89991.0,26.0,Male,5.0,5.0,1.0,4.0,,17463.785786,2.0,124.0
89992.0,70.0,Female,3.0,11.0,2.0,1.0,,17547.009809,2.0,129.0
89993.0,51.0,Female,5.0,7.5,2.0,3.0,,71775.784894,1.0,119.0
89994.0,45.0,Female,11.0,9.0,3.0,8.0,,33821.557659,2.0,124.0
89995.0,16.0,Male,3.0,8.5,2.0,1.0,,15471.126599,2.0,129.0
89997.0,71.0,Male,12.0,7.5,4.0,8.0,,14260.610001,2.0,132.0
89998.0,29.0,Male,10.0,7.0,2.0,8.0,,15541.870602,1.0,123.0
90000.0,53.0,Female,12.0,11.0,4.0,8.0,,48502.795765,2.0,126.0
90001.0,76.0,Male,1.0,8.0,1.0,5.397605346934028e-79,,16382.2488,1.0,119.0
90004.0,42.0,Male,9.0,9.5,1.0,8.0,,30376.616497,1.0,129.0
90005.0,19.0,Female,10.0,8.0,2.0,8.0,,14156.962116,2.0,124.0
90006.0,25.0,Male,5.0,8.0,2.0,3.0,,29467.739111,2.0,122.0
90007.0,59.0,Female,9.0,9.0,1.0,8.0,,11742.14525,1.0,120.0
90008.0,41.0,Male,9.0,9.0,5.0,4.0,,136538.719894,1.0,133.0
90009.0,42.0,Male,2.0,8.0,2.0,5.397605346934028e-79,,35315.341299,1.0,122.0
90010.0,17.0,Male,11.0,9.0,3.0,8.0,,14940.627251,1.0,120.0
90011.0,48.0,Female,9.0,6.5,1.0,8.0,,23096.697874,2.0,128.0
90013.0,20.0,Male,10.0,7.5,5.0,5.0,,40089.298926,1.0,126.0
90014.0,50.0,Female,10.0,9.5,2.0,8.0,,16144.023451,2.0,129.0
90016.0,35.0,Male,3.0,7.0,1.0,2.0,,24663.80715,2.0,128.0
90017.0,43.0,Male,10.0,9.0,2.0,8.0,,17209.815902,1.0,129.0
90019.0,29.0,Male,9.0,7.0,1.0,8.0,,5.397605346934028e-79,2.0,129.0
90020.0,33.0,Female,4.0,9.0,2.0,2.0,,25701.707313,2.0,120.0
90021.0,64.0,Male,3.0,7.5,3.0,5.397605346934028e-79,,25410.972383,2.0,122.0
90027.0,51.0,Male,10.0,7.0,5.0,5.0,,133264.366135,1.0,122.0
90028.0,43.0,Female,9.0,8.0,1.0,8.0,,17418.779236,2.0,121.0
90029.0,52.0,Male,6.0,7.5,4.0,2.0,,26043.657827,1.0,125.0
90030.0,77.0,Male,9.0,5.5,1.0,8.0,,13753.463882,1.0,119.0
90031.0,57.0,Female,2.0,7.5,2.0,5.397605346934028e-79,,24058.699435,1.0,129.0
90033.0,44.0,Female,3.0,6.0,2.0,1.0,,16975.671099,2.0,126.0
90034.0,68.0,Male,6.0,8.0,4.0,2.0,,53650.952623,1.0,121.0
90035.0,80.0,Female,5.0,9.0,3.0,2.0,,48012.225489,2.0,125.0
90036.0,36.0,Female,2.0,6.0,1.0,1.0,,17702.453365,2.0,119.0
90045.0,33.0,Male,8.0,8.5,5.397605346934028e-79,8.0,,125673.130564,1.0,121.0
90046.0,61.0,Male,1.0,7.0,1.0,5.397605346934028e-79,,7285.392114,1.0,129.0
90047.0,80.0,Female,11.0,8.5,3.0,8.0,,40041.598403,1.0,131.0
90048.0,41.0,Female,8.0,9.0,5.397605346934028e-79,8.0,,19955.660338,1.0,123.0
90049.0,46.0,Male,9.0,7.0,1.0,8.0,,44391.956873,2.0,128.0
90050.0,74.0,Male,10.0,6.5,5.0,5.0,,17615.681851,1.0,132.0
90052.0,73.0,Female,13.0,6.0,5.0,8.0,,17676.881423,2.0,121.0
90055.0,77.0,Female,16.0,12.0,8.0,8.0,,14280.6066,1.0,128.0
90057.0,68.0,Male,8.0,9.0,5.0,3.0,,147370.946625,2.0,129.0
90059.0,23.0,Male,11.0,7.0,8.0,3.0,,26110.355429,1.0,125.0
90060.0,73.0,Male,2.0,7.0,5.397605346934028e-79,2.0,,16264.637042,1.0,133.0
90061.0,45.0,Female,1.0,9.5,1.0,5.397605346934028e-79,,24300.924245,1.0,123.0
90062.0,34.0,Female,9.0,11.5,1.0,8.0,,27840.220055,1.0,126.0
90064.0,17.0,Female,4.0,9.5,2.0,2.0,,14794.760766,2.0,119.0
90065.0,77.0,Female,10.0,8.0,2.0,8.0,,14756.62682,1.0,128.0
90066.0,63.0,Female,5.0,7.0,4.0,1.0,,26743.08272,2.0,130.0
90067.0,62.0,Female,11.0,7.5,3.0,8.0,,8214.55604,1.0,124.0
90068.0,68.0,Female,3.0,7.5,3.0,5.397605346934028e-79,,9200.302765,1.0,127.0
90069.0,40.0,Female,6.0,8.5,1.0,5.0,,23469.624833,1.0,126.0
90071.0,36.0,Male,3.0,10.0,3.0,5.397605346934028e-79,,19173.707664,2.0,133.0
90073.0,52.0,Female,8.0,5.5,5.397605346934028e-79,8.0,,11675.935858,1.0,123.0
90074.0,42.0,Female,12.0,8.0,4.0,8.0,,19675.873778,1.0,132.0
90075.0,58.0,Female,7.0,6.0,4.0,3.0,,21287.040088,1.0,125.0
90076.0,79.0,Female,13.0,9.0,5.0,8.0,,50972.197981,1.0,125.0
90077.0,54.0,Male,6.0,6.0,4.0,2.0,,18471.94932,2.0,126.0
90078.0,76.0,Male,6.0,8.0,1.0,5.0,,82809.706281,2.0,129.0
90079.0,80.0,Male,10.0,8.0,2.0,8.0,,12045.039742,1.0,128.0
90081.0,45.0,Female,4.0,7.0,1.0,3.0,,127676.90959,2.0,131.0
90082.0,17.0,Male,7.0,9.5,2.0,5.0,,59613.117187,2.0,132.0
90083.0,17.0,Female,8.0,9.5,5.397605346934028e-79,8.0,,21644.602885,2.0,125.0
90084.0,80.0,Female,10.0,7.5,5.0,5.0,,65091.504807,2.0,123.0
90086.0,76.0,Female,12.0,9.0,4.0,8.0,,14280.6066,1.0,128.0
90088.0,60.0,Male,6.0,7.5,4.0,2.0,,9630.94732,1.0,127.0
90089.0,31.0,Male,9.0,7.0,5.0,4.0,,41029.25479,2.0,125.0
90090.0,34.0,Male,4.0,10.0,1.0,3.0,,33527.924052,2.0,120.0
90092.0,54.0,Female,3.0,6.0,2.0,1.0,,21755.387871,1.0,133.0
90093.0,24.0,Female,9.0,8.0,5.0,4.0,,22407.832029,1.0,133.0
90095.0,22.0,Male,9.0,9.5,1.0,8.0,,33623.250397,1.0,129.0
90096.0,51.0,Male,6.0,7.0,4.0,2.0,,13117.793316,2.0,121.0
90098.0,50.0,Male,11.0,5.0,3.0,8.0,,14851.968064,1.0,123.0
90099.0,22.0,Male,2.0,8.0,5.397605346934028e-79,2.0,,38652.573841,1.0,128.0
90100.0,47.0,Male,9.0,4.0,1.0,8.0,,12641.380049,2.0,120.0
90102.0,49.0,Male,1.0,9.5,5.397605346934028e-79,1.0,,26079.722616,2.0,122.0
90105.0,16.0,Female,6.0,8.5,4.0,2.0,,8612.234301,1.0,124.0
90106.0,52.0,Female,13.0,9.0,5.0,8.0,,18842.091854,1.0,126.0
90107.0,18.0,Male,13.0,8.0,8.0,5.0,,10511.771637,2.0,122.0
90108.0,80.0,Male,11.0,10.0,3.0,8.0,,65971.237913,1.0,131.0
90109.0,50.0,Female,3.0,7.0,2.0,1.0,,5.397605346934028e-79,1.0,128.0
90110.0,58.0,Male,4.0,5.0,3.0,1.0,,25844.758599,2.0,122.0
90111.0,36.0,Female,2.0,7.0,5.397605346934028e-79,2.0,,42185.283296,1.0,127.0
90112.0,16.0,Female,6.0,8.5,4.0,2.0,,36754.016611,2.0,127.0
90113.0,27.0,Female,9.0,7.5,1.0,8.0,,31063.75944,1.0,129.0
90115.0,79.0,Male,6.0,9.5,4.0,2.0,,19510.414582,2.0,130.0
90117.0,79.0,Female,13.0,8.5,5.0,8.0,,108336.666367,1.0,126.0
90118.0,80.0,Female,13.0,7.0,5.0,8.0,,5.397605346934028e-79,1.0,124.0
90119.0,61.0,Female,10.0,6.5,2.0,8.0,,20254.316584,2.0,131.0
90120.0,20.0,Male,10.0,7.0,5.0,5.0,,27825.892761,2.0,131.0
90121.0,44.0,Female,1.0,8.0,1.0,5.397605346934028e-79,,147557.654769,2.0,128.0
90122.0,33.0,Male,4.0,5.5,2.0,2.0,,35933.051812,1.0,129.0
90124.0,29.0,Male,6.0,9.0,1.0,5.0,,33414.804798,1.0,122.0
90125.0,39.0,Female,2.0,7.0,2.0,5.397605346934028e-79,,24482.826591,1.0,121.0
90126.0,16.0,Male,1.0795210693868056e-78,9.0,5.397605346934028e-79,5.397605346934028e-79,,71512.372379,1.0,130.0
90131.0,53.0,Male,8.0,7.5,5.0,3.0,,19303.675623,1.0,121.0
90136.0,51.0,Male,1.0795210693868056e-78,5.5,5.397605346934028e-79,5.397605346934028e-79,,22037.209023,2.0,124.0
90138.0,80.0,Male,16.0,7.5,8.0,8.0,,13016.206793,1.0,131.0
90139.0,74.0,Male,2.0,7.0,2.0,5.397605346934028e-79,,16914.743679,1.0,124.0
90140.0,80.0,Female,10.0,7.5,2.0,8.0,,54192.617363,1.0,129.0
90142.0,46.0,Male,9.0,7.5,8.0,1.0,,23991.3977,1.0,133.0
90143.0,24.0,Male,11.0,9.0,3.0,8.0,,39111.417469,1.0,127.0
90144.0,72.0,Male,2.0,8.5,5.397605346934028e-79,2.0,,16314.83463,1.0,130.0
90146.0,34.0,Female,10.0,3.5,2.0,8.0,,23926.565286,1.0,132.0
90148.0,60.0,Male,10.0,7.0,2.0,8.0,,161024.72337,1.0,121.0
90150.0,57.0,Female,10.0,7.5,2.0,8.0,,27228.771546,2.0,130.0
90152.0,69.0,Male,7.0,6.0,2.0,5.0,,8766.881016,2.0,119.0
90153.0,34.0,Female,10.0,8.0,2.0,8.0,,25501.492516,1.0,126.0
90154.0,61.0,Male,3.0,6.5,3.0,5.397605346934028e-79,,8293.171628,1.0,122.0
90156.0,51.0,Female,2.0,6.5,5.397605346934028e-79,2.0,,19254.71837,2.0,121.0
90157.0,46.0,Female,4.0,7.5,2.0,2.0,,108855.280476,2.0,123.0
90158.0,71.0,Male,6.0,6.5,5.0,1.0,,17782.681377,2.0,126.0
90163.0,58.0,Male,4.0,10.0,4.0,5.397605346934028e-79,,39506.352183,2.0,121.0
90164.0,59.0,Female,3.0,8.0,2.0,1.0,,130276.971183,2.0,125.0
90165.0,24.0,Female,1.0,9.0,5.397605346934028e-79,1.0,,5.397605346934028e-79,1.0,119.0
90167.0,39.0,Female,2.0,7.0,2.0,5.397605346934028e-79,,18873.858649,2.0,132.0
90168.0,49.0,Female,2.0,7.0,1.0,1.0,,139130.414628,2.0,128.0
90171.0,67.0,Male,12.0,9.0,4.0,8.0,,21893.80241,2.0,126.0
90172.0,67.0,Female,8.0,8.0,5.397605346934028e-79,8.0,1.0,19269.041929,2.0,131.0
90174.0,41.0,Male,11.0,9.0,3.0,8.0,,18944.529151,2.0,132.0
90175.0,67.0,Female,11.0,7.5,3.0,8.0,,23756.33069,2.0,122.0
90179.0,54.0,Female,7.0,6.5,3.0,4.0,,13938.329891,2.0,122.0
90181.0,55.0,Female,3.0,7.0,1.0,2.0,,24381.687652,2.0,119.0
90182.0,20.0,Male,4.0,9.0,5.397605346934028e-79,4.0,,92969.945651,1.0,125.0
90184.0,36.0,Female,1.0,7.0,5.397605346934028e-79,1.0,,27158.022878,2.0,131.0
90185.0,46.0,Female,11.0,6.0,8.0,3.0,,20318.204349,2.0,125.0
90186.0,48.0,Female,13.0,9.5,5.0,8.0,,22782.351824,2.0,131.0
90187.0,51.0,Female,9.0,8.0,1.0,8.0,,21285.297818,1.0,127.0
90188.0,54.0,Female,3.0,7.5,1.0,2.0,,127632.317805,1.0,123.0
90189.0,23.0,Female,2.0,8.0,2.0,5.397605346934028e-79,,24478.602842,1.0,121.0
90190.0,46.0,Female,2.0,8.5,1.0,1.0,,25560.693937,2.0,128.0
90191.0,67.0,Female,3.0,7.0,2.0,1.0,60.0,25818.630477,2.0,130.0
90194.0,62.0,Female,13.0,8.5,5.0,8.0,,25328.229339,1.0,132.0
90195.0,74.0,Female,10.0,7.0,2.0,8.0,,14280.6066,1.0,128.0
90198.0,16.0,Female,6.0,7.0,2.0,4.0,,12550.531753,2.0,124.0
90199.0,33.0,Male,10.0,8.0,2.0,8.0,,27330.862945,1.0,121.0
90200.0,58.0,Male,10.0,8.0,5.0,5.0,,25319.955272,1.0,123.0
90201.0,17.0,Female,1.0,8.0,1.0,5.397605346934028e-79,,68838.563152,1.0,122.0
90204.0,44.0,Male,6.0,9.0,3.0,3.0,,21655.005923,1.0,123.0
90205.0,17.0,Female,2.0,7.0,2.0,5.397605346934028e-79,,83777.52038,1.0,129.0
90206.0,80.0,Male,4.0,7.0,2.0,2.0,,52022.341633000004,2.0,119.0
90209.0,39.0,Male,2.0,8.5,1.0,1.0,,28518.930892,1.0,131.0
90210.0,53.0,Female,5.0,8.0,3.0,2.0,,29421.563602,1.0,129.0
90212.0,61.0,Male,2.0,8.5,1.0,1.0,,8990.431596,2.0,122.0
90214.0,65.0,Female,5.0,7.5,4.0,1.0,,9190.214763,1.0,125.0
90221.0,31.0,Male,4.0,7.0,1.0,3.0,,28722.825705,2.0,129.0
90223.0,65.0,Female,3.0,9.0,3.0,5.397605346934028e-79,15.0,7872.954373,2.0,125.0
90225.0,26.0,Male,2.0,7.0,2.0,5.397605346934028e-79,,46832.654695,1.0,132.0
90229.0,73.0,Male,1.0,8.5,1.0,5.397605346934028e-79,,12772.960852,2.0,129.0
90230.0,48.0,Male,3.0,7.5,2.0,1.0,,47167.916521,1.0,120.0
90232.0,22.0,Female,12.0,7.0,8.0,4.0,,5.397605346934028e-79,1.0,121.0
90235.0,51.0,Male,3.0,6.0,2.0,1.0,,17961.219109,1.0,120.0
90239.0,66.0,Female,7.0,8.0,5.0,2.0,,163950.997929,1.0,120.0
90240.0,53.0,Male,11.0,8.0,3.0,8.0,,29572.652844,1.0,128.0
90242.0,62.0,Male,12.0,7.0,4.0,8.0,,159859.542,1.0,125.0
90243.0,77.0,Female,5.0,6.0,3.0,2.0,,18360.714579,1.0,119.0
90244.0,54.0,Female,5.0,11.0,3.0,2.0,,138098.595826,2.0,127.0
90247.0,53.0,Female,5.0,8.0,3.0,2.0,,102078.634508,1.0,131.0
90248.0,80.0,Female,8.0,8.0,5.397605346934028e-79,8.0,,29848.030146,1.0,131.0
90249.0,63.0,Male,6.0,9.0,4.0,2.0,,168999.281099,1.0,121.0
90250.0,23.0,Female,5.0,10.0,3.0,2.0,,21579.171177,2.0,128.0
90254.0,59.0,Male,3.0,8.0,2.0,1.0,,18213.881032,2.0,133.0
90256.0,51.0,Male,5.0,9.5,5.0,5.397605346934028e-79,,36438.362739,2.0,127.0
90257.0,69.0,Female,7.0,10.0,5.0,2.0,,24152.448518,2.0,132.0
90258.0,79.0,Male,10.0,8.0,2.0,8.0,,86083.649253,2.0,124.0
90260.0,45.0,Female,5.0,5.0,3.0,2.0,,21486.907495,2.0,125.0
90261.0,24.0,Male,9.0,10.0,4.0,5.0,,25032.703493,2.0,126.0
90262.0,30.0,Female,16.0,6.5,8.0,8.0,,30846.432654,1.0,127.0
90263.0,79.0,Male,2.0,7.0,2.0,5.397605346934028e-79,,70948.811586,2.0,126.0
90264.0,80.0,Male,11.0,9.0,3.0,8.0,,5.397605346934028e-79,2.0,129.0
90266.0,33.0,Female,2.0,9.0,1.0,1.0,,22642.362258,1.0,120.0
90268.0,22.0,Female,11.0,9.0,3.0,8.0,,25379.262036,2.0,130.0
90271.0,19.0,Male,1.0,7.5,1.0,5.397605346934028e-79,60.0,70547.414307,1.0,130.0
90272.0,45.0,Male,2.0,7.0,2.0,5.397605346934028e-79,,72634.747383,2.0,127.0
90273.0,65.0,Female,10.0,9.0,2.0,8.0,,11701.672675,1.0,128.0
90274.0,18.0,Male,4.0,6.0,4.0,5.397605346934028e-79,,82876.439873,2.0,120.0
90276.0,19.0,Male,4.0,10.0,2.0,2.0,,16187.027017,1.0,123.0
90277.0,17.0,Male,5.0,10.5,3.0,2.0,,18210.137895,2.0,125.0
90278.0,78.0,Female,4.0,6.0,2.0,2.0,,13561.171564,1.0,128.0
90279.0,18.0,Male,1.0795210693868056e-78,7.5,5.397605346934028e-79,5.397605346934028e-79,,19019.583567,1.0,127.0
90281.0,46.0,Female,3.0,7.0,2.0,1.0,,23318.738304,1.0,128.0
90282.0,49.0,Female,3.0,10.0,3.0,5.397605346934028e-79,,23490.31189,2.0,121.0
90285.0,62.0,Female,9.0,6.5,1.0,8.0,,21777.448494,1.0,125.0
90287.0,36.0,Female,8.0,6.5,3.0,5.0,,20336.189383,1.0,121.0
90289.0,30.0,Male,3.0,7.0,1.0,2.0,,5.397605346934028e-79,1.0,121.0
90292.0,24.0,Male,13.0,7.0,8.0,5.0,,27757.33553,2.0,125.0
90293.0,48.0,Female,4.0,8.0,4.0,5.397605346934028e-79,,23229.615188,2.0,129.0
90294.0,80.0,Female,13.0,11.0,5.0,8.0,,53869.423396,2.0,133.0
90295.0,48.0,Female,1.0,7.5,1.0,5.397605346934028e-79,,25197.2598,1.0,123.0
90297.0,21.0,Female,8.0,7.5,5.397605346934028e-79,8.0,,34512.595036,2.0,131.0
90298.0,48.0,Female,4.0,7.0,2.0,2.0,,23578.464427,2.0,129.0
90299.0,54.0,Male,5.0,8.5,3.0,2.0,,183053.629796,1.0,132.0
90300.0,16.0,Female,5.0,7.0,5.397605346934028e-79,5.0,,18192.523211,2.0,126.0
90301.0,65.0,Female,5.0,7.0,4.0,1.0,,125380.25594,1.0,130.0
90303.0,56.0,Male,6.0,6.0,4.0,2.0,,130692.799771,1.0,130.0
90304.0,66.0,Male,1.0795210693868056e-78,7.5,5.397605346934028e-79,5.397605346934028e-79,,11239.806926,2.0,129.0
90305.0,40.0,Male,5.0,6.5,5.0,5.397605346934028e-79,,32024.766133,2.0,129.0
90307.0,42.0,Female,3.0,8.0,2.0,1.0,,16788.157776,1.0,123.0
90308.0,61.0,Female,13.0,7.0,5.0,8.0,,5470.040941,2.0,119.0
90311.0,25.0,Male,3.0,7.0,1.0,2.0,,5.397605346934028e-79,2.0,132.0
90315.0,80.0,Male,8.0,10.0,4.0,4.0,,24634.717324,1.0,121.0
90318.0,72.0,Male,13.0,5.5,5.0,8.0,,16403.160304,1.0,125.0
90319.0,18.0,Female,2.0,9.0,2.0,5.397605346934028e-79,,15011.166693,1.0,129.0
90320.0,75.0,Female,1.0795210693868056e-78,7.0,5.397605346934028e-79,5.397605346934028e-79,,67681.282093,1.0,133.0
90321.0,44.0,Female,3.0,6.0,2.0,1.0,,22686.741131,1.0,129.0
90322.0,26.0,Male,5.0,7.0,3.0,2.0,,36139.865837,2.0,132.0
90323.0,45.0,Female,4.0,9.0,2.0,2.0,,20561.819855,1.0,128.0
90324.0,25.0,Male,9.0,8.0,5.0,4.0,,110821.922151,2.0,128.0
90325.0,67.0,Female,3.0,10.0,3.0,5.397605346934028e-79,,10523.519195,1.0,133.0
90326.0,60.0,Female,6.0,9.0,2.0,4.0,,157495.675164,1.0,121.0
90327.0,19.0,Female,7.0,8.5,5.0,2.0,,14490.902259,2.0,124.0
90328.0,35.0,Female,2.0,9.0,5.397605346934028e-79,2.0,,23928.976208,1.0,127.0
90329.0,68.0,Female,7.0,11.0,3.0,4.0,,31673.369887,1.0,131.0
90330.0,54.0,Male,10.0,8.5,2.0,8.0,,45923.640025,2.0,127.0
90332.0,80.0,Male,12.0,12.0,4.0,8.0,,10058.844717,1.0,126.0
90335.0,52.0,Female,4.0,7.0,3.0,1.0,,25968.280936,2.0,122.0
90337.0,61.0,Female,8.0,7.5,5.397605346934028e-79,8.0,30.0,10774.623579,1.0,126.0
90338.0,80.0,Female,1.0795210693868056e-78,8.0,5.397605346934028e-79,5.397605346934028e-79,,40128.96189,1.0,131.0
90340.0,73.0,Female,8.0,11.0,5.0,3.0,,70653.83152,2.0,130.0
90341.0,70.0,Male,12.0,11.5,4.0,8.0,,14600.713606,1.0,125.0
90344.0,18.0,Female,2.0,10.0,2.0,5.397605346934028e-79,,18307.375883,1.0,119.0
90346.0,69.0,Female,4.0,9.5,3.0,1.0,,24183.461509,1.0,132.0
90347.0,65.0,Female,10.0,7.0,2.0,8.0,,22344.757711,2.0,122.0
90349.0,16.0,Female,10.0,8.0,5.0,5.0,,35401.139652,1.0,122.0
90350.0,24.0,Male,10.0,11.0,5.0,5.0,,30232.74281,1.0,124.0
90351.0,18.0,Male,8.0,8.0,5.0,3.0,,15074.968405,1.0,121.0
90352.0,31.0,Male,7.0,8.0,4.0,3.0,,23589.114663,2.0,130.0
90353.0,50.0,Male,16.0,6.0,8.0,8.0,,37500.889743,2.0,131.0
90354.0,43.0,Female,1.0,6.5,1.0,5.397605346934028e-79,,20088.810846,1.0,122.0
90355.0,68.0,Male,3.0,5.0,1.0,2.0,,11130.321397,2.0,127.0
90356.0,33.0,Female,9.0,5.0,1.0,8.0,,30810.541608,1.0,120.0
90357.0,56.0,Male,5.0,8.0,5.0,5.397605346934028e-79,,14775.013182,1.0,122.0
90359.0,80.0,Male,10.0,11.5,2.0,8.0,,26547.93933,1.0,126.0
90361.0,22.0,Female,1.0795210693868056e-78,10.0,5.397605346934028e-79,5.397605346934028e-79,,62411.584759,1.0,133.0
90362.0,67.0,Female,16.0,4.5,8.0,8.0,,16980.250315,2.0,119.0
90363.0,80.0,Female,4.0,8.0,4.0,5.397605346934028e-79,,37812.828755,1.0,125.0
90366.0,28.0,Female,10.0,8.0,2.0,8.0,,27046.920272,2.0,131.0
90367.0,61.0,Male,6.0,11.0,4.0,2.0,,7703.064656,1.0,124.0
90369.0,40.0,Female,1.0795210693868056e-78,9.0,5.397605346934028e-79,5.397605346934028e-79,,32506.581703,2.0,129.0
90370.0,51.0,Male,11.0,8.0,3.0,8.0,,11067.181644,1.0,129.0
90371.0,16.0,Male,9.0,8.5,1.0,8.0,,14997.678997,1.0,121.0
90375.0,59.0,Female,1.0,7.0,1.0,5.397605346934028e-79,,148912.39352,2.0,121.0
90377.0,23.0,Female,8.0,9.5,5.397605346934028e-79,8.0,,30080.524743,1.0,126.0
90378.0,19.0,Male,9.0,10.0,1.0,8.0,,24910.054053,2.0,127.0
90380.0,22.0,Male,13.0,10.0,5.0,8.0,,26633.56637,2.0,126.0
90381.0,80.0,Male,5.0,6.0,4.0,1.0,,16019.420026,2.0,131.0
90384.0,47.0,Female,2.0,8.0,5.397605346934028e-79,2.0,,125984.133019,1.0,133.0
90386.0,71.0,Male,13.0,5.5,5.0,8.0,30.0,8276.633696,1.0,121.0
90391.0,42.0,Male,3.0,6.0,1.0,2.0,,154028.94774,2.0,127.0
90393.0,33.0,Male,16.0,4.0,8.0,8.0,30.0,34042.831095,2.0,128.0
90394.0,36.0,Male,1.0,6.0,1.0,5.397605346934028e-79,,25917.132348,2.0,130.0
90396.0,48.0,Male,1.0,8.0,1.0,5.397605346934028e-79,,21657.0964,1.0,122.0
90397.0,60.0,Female,1.0,8.0,5.397605346934028e-79,1.0,,166948.780927,1.0,120.0
90398.0,23.0,Female,1.0,8.0,5.397605346934028e-79,1.0,,83424.447668,1.0,122.0
90399.0,62.0,Female,10.0,6.0,2.0,8.0,,21396.591292,1.0,129.0
90403.0,23.0,Female,4.0,7.0,3.0,1.0,,86163.519315,1.0,130.0
90404.0,58.0,Male,12.0,7.0,4.0,8.0,,23395.3207,1.0,124.0
90406.0,29.0,Female,13.0,8.0,5.0,8.0,,22856.998132,1.0,129.0
90409.0,55.0,Female,13.0,9.5,5.0,8.0,,20020.084031,1.0,130.0
90410.0,37.0,Male,9.0,6.5,5.0,4.0,,127982.12298,1.0,130.0
90412.0,57.0,Male,3.0,6.0,2.0,1.0,,26426.57731,1.0,123.0
90413.0,79.0,Female,10.0,4.0,2.0,8.0,,10069.360561,2.0,119.0
90414.0,17.0,Male,5.0,7.5,2.0,3.0,,9018.997184,1.0,121.0
90416.0,51.0,Female,16.0,8.0,8.0,8.0,,16172.396817,2.0,122.0
90417.0,76.0,Female,10.0,8.0,2.0,8.0,,14756.62682,1.0,128.0
90418.0,60.0,Female,12.0,8.0,4.0,8.0,,5.397605346934028e-79,2.0,122.0
90419.0,80.0,Male,13.0,10.5,5.0,8.0,,22119.306928,1.0,128.0
90421.0,71.0,Female,3.0,7.5,3.0,5.397605346934028e-79,,121415.875633,2.0,127.0
90422.0,42.0,Female,8.0,5.0,3.0,5.0,,17887.15798,2.0,131.0
90424.0,73.0,Female,2.0,6.0,2.0,5.397605346934028e-79,,65696.022601,1.0,131.0
90425.0,42.0,Male,8.0,6.0,5.397605346934028e-79,8.0,,28326.070575,1.0,129.0
90426.0,35.0,Female,8.0,9.0,5.397605346934028e-79,8.0,30.0,18377.657128,2.0,133.0
90429.0,35.0,Male,2.0,8.5,5.397605346934028e-79,2.0,,18193.454061,1.0,133.0
90430.0,33.0,Female,16.0,8.5,8.0,8.0,,5.397605346934028e-79,1.0,128.0
90431.0,35.0,Female,16.0,7.5,8.0,8.0,10.0,5.397605346934028e-79,2.0,120.0
90432.0,70.0,Male,4.0,8.0,5.397605346934028e-79,4.0,,17052.518524,2.0,128.0
90433.0,18.0,Female,3.0,9.0,2.0,1.0,,60384.274422,1.0,123.0
90436.0,59.0,Male,3.0,9.0,3.0,5.397605346934028e-79,,20537.639925,1.0,125.0
90438.0,54.0,Male,8.0,6.0,3.0,5.0,,5.397605346934028e-79,2.0,119.0
90439.0,31.0,Male,5.0,8.0,2.0,3.0,,24106.164947,2.0,131.0
90441.0,80.0,Female,10.0,8.0,2.0,8.0,,65512.65064,2.0,123.0
90442.0,16.0,Male,11.0,6.0,3.0,8.0,,17732.671063,1.0,122.0
90444.0,62.0,Female,13.0,10.5,5.0,8.0,,24711.295496,2.0,133.0
90445.0,65.0,Female,11.0,8.0,3.0,8.0,,5.397605346934028e-79,1.0,128.0
90447.0,43.0,Female,12.0,12.0,4.0,8.0,,54652.781325,1.0,127.0
90449.0,64.0,Male,13.0,12.0,5.0,8.0,,12907.914339,1.0,121.0
90452.0,64.0,Male,5.0,6.5,3.0,2.0,,7579.253906,1.0,124.0
90454.0,20.0,Female,9.0,10.5,5.0,4.0,,71184.634842,2.0,128.0
90455.0,57.0,Male,1.0,7.0,5.397605346934028e-79,1.0,,99287.934073,1.0,131.0
90456.0,76.0,Female,6.0,4.5,4.0,2.0,,48788.57024,2.0,126.0
90458.0,19.0,Female,6.0,9.5,3.0,3.0,,22415.830463,2.0,127.0
90459.0,17.0,Male,6.0,6.0,4.0,2.0,,12047.94811,1.0,133.0
90460.0,17.0,Male,3.0,9.0,3.0,5.397605346934028e-79,,15074.711867,2.0,121.0
90461.0,37.0,Female,11.0,8.0,3.0,8.0,30.0,23979.375782,1.0,132.0
90463.0,44.0,Female,4.0,7.5,2.0,2.0,,92806.443713,1.0,131.0
90464.0,41.0,Male,2.0,7.0,5.397605346934028e-79,2.0,,24609.690858,1.0,120.0
90465.0,36.0,Male,5.0,6.5,4.0,1.0,,26692.85331,2.0,129.0
90466.0,22.0,Male,1.0,8.0,1.0,5.397605346934028e-79,,18514.883991,2.0,133.0
90467.0,72.0,Female,3.0,6.0,3.0,5.397605346934028e-79,,103880.055534,2.0,124.0
90470.0,44.0,Female,13.0,6.0,8.0,5.0,,29920.831788,2.0,124.0
90473.0,44.0,Male,4.0,8.0,1.0,3.0,,39830.976304,2.0,131.0
90477.0,72.0,Male,4.0,7.0,4.0,5.397605346934028e-79,,69892.235837,1.0,123.0
90480.0,58.0,Male,10.0,12.0,2.0,8.0,,21033.638999,2.0,133.0
90481.0,61.0,Male,3.0,7.0,5.397605346934028e-79,3.0,,50708.692383,2.0,122.0
90482.0,63.0,Female,4.0,7.5,3.0,1.0,,8349.572488,1.0,121.0
90484.0,75.0,Male,9.0,8.0,1.0,8.0,,19119.476411,2.0,125.0
90485.0,16.0,Female,2.0,6.5,2.0,5.397605346934028e-79,,10472.838238,1.0,122.0
90486.0,80.0,Male,13.0,10.0,5.0,8.0,,12734.208408,2.0,131.0
90487.0,17.0,Male,4.0,8.0,2.0,2.0,,17497.34188,1.0,128.0
90490.0,55.0,Female,10.0,7.5,2.0,8.0,,15981.88149,1.0,132.0
90493.0,46.0,Male,2.0,7.0,2.0,5.397605346934028e-79,,37660.890902,2.0,122.0
90494.0,37.0,Female,8.0,7.0,5.397605346934028e-79,8.0,30.0,35665.254061,1.0,132.0
90495.0,78.0,Female,4.0,4.0,3.0,1.0,,19151.91106,1.0,129.0
90497.0,20.0,Female,9.0,7.5,4.0,5.0,,65446.45994,2.0,131.0
90498.0,42.0,Male,8.0,7.0,5.0,3.0,,32538.654418,1.0,128.0
90500.0,72.0,Female,2.0,7.0,1.0,1.0,,11959.831464,1.0,121.0
90501.0,21.0,Female,3.0,9.0,2.0,1.0,,90541.342472,1.0,126.0
90502.0,27.0,Female,3.0,8.0,2.0,1.0,,83419.229045,2.0,123.0
90503.0,17.0,Male,12.0,6.0,4.0,8.0,,5.397605346934028e-79,1.0,126.0
90504.0,18.0,Female,1.0,11.5,1.0,5.397605346934028e-79,,16477.317186,2.0,126.0
90506.0,64.0,Male,3.0,8.0,1.0,2.0,4.0,10084.083892,1.0,119.0
90507.0,77.0,Female,9.0,7.5,1.0,8.0,,88637.628912,1.0,130.0
90510.0,47.0,Male,8.0,7.5,8.0,5.397605346934028e-79,,146335.577885,2.0,123.0
90511.0,60.0,Male,7.0,6.0,3.0,4.0,,119116.536368,2.0,125.0
90514.0,65.0,Female,3.0,8.0,2.0,1.0,,109629.829405,2.0,126.0
90515.0,27.0,Female,2.0,6.5,1.0,1.0,,23325.936531,1.0,119.0
90516.0,28.0,Female,2.0,8.0,2.0,5.397605346934028e-79,,21609.24585,2.0,133.0
90517.0,77.0,Female,12.0,7.5,4.0,8.0,,11212.452325,1.0,127.0
90518.0,80.0,Female,,6.0,,8.0,,12498.813212,2.0,122.0
90519.0,40.0,Male,16.0,7.0,8.0,8.0,,16806.302671,1.0,119.0
90521.0,48.0,Male,9.0,7.5,8.0,1.0,,45307.484523,2.0,120.0
90522.0,40.0,Male,12.0,7.0,4.0,8.0,,41016.371216,1.0,132.0
90523.0,69.0,Male,8.0,6.0,5.0,3.0,,12700.491854,2.0,131.0
90525.0,60.0,Female,10.0,6.5,5.0,5.0,,8000.263274,1.0,124.0
90526.0,80.0,Male,13.0,5.0,5.0,8.0,,34131.244658,1.0,131.0
90527.0,38.0,Female,7.0,7.0,3.0,4.0,,18243.184686,2.0,129.0
90528.0,40.0,Female,16.0,6.0,8.0,8.0,,24509.507937,2.0,132.0
90530.0,36.0,Male,5.0,5.0,3.0,2.0,,36388.614692,2.0,127.0
90531.0,24.0,Female,5.0,9.0,3.0,2.0,,24269.216147,1.0,124.0
90532.0,27.0,Female,5.0,8.0,3.0,2.0,,25577.071059,2.0,124.0
90533.0,34.0,Female,8.0,7.5,5.397605346934028e-79,8.0,,28380.031292,2.0,124.0
90534.0,60.0,Male,9.0,8.0,1.0,8.0,,114647.93055,1.0,129.0
90535.0,78.0,Female,11.0,8.0,3.0,8.0,,10878.684022,1.0,128.0
90538.0,53.0,Female,1.0795210693868056e-78,8.0,5.397605346934028e-79,5.397605346934028e-79,,5.397605346934028e-79,2.0,127.0
90539.0,29.0,Male,1.0795210693868056e-78,13.0,5.397605346934028e-79,5.397605346934028e-79,,34960.789715,1.0,132.0
90540.0,24.0,Female,9.0,9.5,1.0,8.0,,22606.613933,1.0,120.0
90542.0,47.0,Female,5.0,9.0,4.0,1.0,,40670.982284,1.0,129.0
90544.0,28.0,Female,10.0,8.5,2.0,8.0,,32854.078456,1.0,129.0
90545.0,80.0,Male,12.0,8.0,4.0,8.0,,13607.91541,2.0,125.0
90547.0,28.0,Female,9.0,11.0,1.0,8.0,,23567.386917,1.0,120.0
90549.0,34.0,Male,10.0,7.0,2.0,8.0,,30047.553563,1.0,133.0
90550.0,27.0,Male,3.0,6.0,1.0,2.0,,5.397605346934028e-79,1.0,129.0
90551.0,40.0,Female,8.0,6.5,8.0,5.397605346934028e-79,,20637.152095,2.0,129.0
90555.0,36.0,Male,13.0,10.0,5.0,8.0,,29472.592804,2.0,120.0
90556.0,18.0,Female,1.0795210693868056e-78,7.0,5.397605346934028e-79,5.397605346934028e-79,,14700.89691,2.0,126.0
90557.0,30.0,Female,8.0,9.0,3.0,5.0,,5.397605346934028e-79,1.0,133.0
90559.0,28.0,Male,10.0,8.0,2.0,8.0,,34684.465789,2.0,121.0
90560.0,20.0,Male,5.0,10.0,5.397605346934028e-79,5.0,,37807.204901,1.0,121.0
90563.0,80.0,Female,11.0,10.0,3.0,8.0,,13561.171564,1.0,128.0
90565.0,67.0,Female,3.0,7.5,2.0,1.0,,93637.5294,1.0,131.0
90566.0,19.0,Male,10.0,6.0,5.0,5.0,,49262.467095,1.0,123.0
90569.0,36.0,Female,4.0,11.0,2.0,2.0,,22496.882272,1.0,121.0
90571.0,58.0,Female,5.0,5.0,4.0,1.0,,18939.765815,2.0,125.0
90572.0,39.0,Male,8.0,8.0,5.397605346934028e-79,8.0,,29555.982924,2.0,132.0
90573.0,34.0,Female,16.0,8.0,8.0,8.0,,24406.188945,1.0,120.0
90576.0,34.0,Female,1.0,7.0,5.397605346934028e-79,1.0,,117313.853174,2.0,125.0
90577.0,75.0,Female,4.0,9.0,3.0,1.0,,10512.625486,2.0,133.0
90581.0,44.0,Male,2.0,7.5,1.0,1.0,,110757.456239,2.0,121.0
90582.0,50.0,Female,11.0,9.0,3.0,8.0,,17629.224901,1.0,133.0
90583.0,41.0,Male,11.0,6.5,3.0,8.0,,31326.326166,1.0,127.0
90585.0,47.0,Male,10.0,,2.0,8.0,,19383.389427,2.0,131.0
90586.0,24.0,Female,7.0,6.5,2.0,5.0,,35205.682195,2.0,132.0
90588.0,35.0,Female,9.0,10.0,1.0,8.0,,28846.019717,1.0,120.0
90590.0,61.0,Female,3.0,10.0,1.0,2.0,,22774.89657,1.0,133.0
90591.0,20.0,Male,5.0,5.0,2.0,3.0,,51911.144667,2.0,131.0
90592.0,16.0,Female,6.0,7.5,5.0,1.0,,15575.675504,2.0,131.0
90593.0,49.0,Female,6.0,7.5,2.0,4.0,,33897.028049,2.0,130.0
90594.0,63.0,Male,16.0,7.0,8.0,8.0,60.0,41581.199328,1.0,122.0
90597.0,59.0,Male,11.0,9.0,3.0,8.0,,39707.596785,2.0,132.0
90598.0,61.0,Female,7.0,7.0,2.0,5.0,,122282.534962,1.0,123.0
90599.0,40.0,Female,1.0795210693868056e-78,8.0,5.397605346934028e-79,5.397605346934028e-79,,25113.750145,2.0,132.0
90602.0,80.0,Female,11.0,6.5,3.0,8.0,,5.397605346934028e-79,2.0,123.0
90603.0,32.0,Female,10.0,9.0,5.0,5.0,,25211.871124,1.0,124.0
90605.0,39.0,Female,2.0,9.0,1.0,1.0,,5.397605346934028e-79,1.0,133.0
90606.0,19.0,Female,5.0,8.0,2.0,3.0,,12234.348256,1.0,125.0
90607.0,44.0,Male,13.0,9.0,5.0,8.0,,23313.875895,2.0,126.0
90608.0,27.0,Female,4.0,9.0,2.0,2.0,,74952.516352,2.0,124.0
90609.0,49.0,Female,1.0795210693868056e-78,5.5,5.397605346934028e-79,5.397605346934028e-79,,122919.135508,2.0,131.0
90610.0,43.0,Female,8.0,8.5,5.0,3.0,,28475.668512,2.0,122.0
90612.0,50.0,Male,8.0,,5.397605346934028e-79,8.0,60.0,31322.158163,2.0,125.0
90613.0,57.0,Male,2.0,8.0,1.0,1.0,,13816.201136,1.0,133.0
90614.0,23.0,Female,7.0,8.0,4.0,3.0,,76346.486695,2.0,120.0
90617.0,65.0,Female,5.0,8.0,5.397605346934028e-79,5.0,,146782.001733,2.0,133.0
90618.0,34.0,Female,8.0,7.5,5.397605346934028e-79,8.0,,23675.209634,2.0,124.0
90621.0,34.0,Female,5.0,9.0,4.0,1.0,,22157.975932,2.0,132.0
90623.0,21.0,Female,12.0,6.5,4.0,8.0,,22072.143106,1.0,125.0
90624.0,18.0,Female,5.0,11.0,3.0,2.0,,12234.348256,1.0,125.0
90625.0,31.0,Male,2.0,8.5,5.397605346934028e-79,2.0,,34156.09028,1.0,122.0
90626.0,51.0,Female,8.0,8.0,5.397605346934028e-79,8.0,,10305.085431,1.0,119.0
90627.0,44.0,Female,8.0,7.5,5.397605346934028e-79,8.0,,31129.891973,1.0,130.0
90629.0,16.0,Female,9.0,6.0,4.0,5.0,,23433.40904,1.0,129.0
90630.0,52.0,Male,1.0795210693868056e-78,8.5,5.397605346934028e-79,5.397605346934028e-79,,139244.500903,2.0,121.0
90631.0,28.0,Male,13.0,8.5,5.0,8.0,,46804.441056,2.0,127.0
90632.0,80.0,Male,2.0,7.0,2.0,5.397605346934028e-79,,21763.356357,2.0,122.0
90633.0,42.0,Female,2.0,6.5,2.0,5.397605346934028e-79,,27241.637235,1.0,128.0
90634.0,34.0,Male,5.0,7.0,3.0,2.0,,20416.638621,2.0,126.0
90635.0,41.0,Male,12.0,8.5,4.0,8.0,,24794.359182,1.0,123.0
90638.0,51.0,Male,10.0,8.5,2.0,8.0,,22828.870614,2.0,129.0
90640.0,41.0,Female,10.0,8.0,2.0,8.0,,92806.443713,1.0,131.0
90641.0,16.0,Male,2.0,9.0,5.397605346934028e-79,2.0,,12398.575051,1.0,132.0
90642.0,42.0,Female,6.0,5.0,5.0,1.0,,16481.004855,1.0,123.0
90644.0,18.0,Male,3.0,7.0,3.0,5.397605346934028e-79,,46160.324932,1.0,120.0
90645.0,57.0,Male,2.0,7.0,2.0,5.397605346934028e-79,,103583.688101,2.0,132.0
90646.0,39.0,Male,6.0,6.0,3.0,3.0,,23529.152164,2.0,122.0
90649.0,43.0,Male,8.0,,3.0,5.0,,17669.65382,1.0,123.0
90650.0,59.0,Male,5.0,8.0,5.0,5.397605346934028e-79,,20954.991018,1.0,122.0
90651.0,44.0,Female,4.0,7.5,2.0,2.0,,27704.030807,1.0,129.0
90652.0,70.0,Female,8.0,7.0,5.397605346934028e-79,8.0,,16824.969729,2.0,128.0
90653.0,56.0,Female,6.0,9.0,4.0,2.0,,16968.466287,1.0,127.0
90654.0,41.0,Male,8.0,7.5,5.0,3.0,,24341.074442,2.0,122.0
90655.0,72.0,Female,1.0,10.5,5.397605346934028e-79,1.0,,88584.899805,1.0,130.0
90656.0,34.0,Male,2.0,7.0,1.0,1.0,,23020.18663,2.0,121.0
90658.0,43.0,Female,8.0,7.0,5.397605346934028e-79,8.0,,21490.918511,1.0,123.0
90659.0,36.0,Female,10.0,9.0,2.0,8.0,,26593.187795,1.0,128.0
90661.0,58.0,Male,12.0,5.5,4.0,8.0,,25915.402989,1.0,125.0
90663.0,68.0,Female,2.0,8.0,2.0,5.397605346934028e-79,,23692.39032,2.0,130.0
90664.0,18.0,Female,4.0,8.0,1.0,3.0,,23125.647077,1.0,130.0
90665.0,66.0,Male,1.0,7.0,1.0,5.397605346934028e-79,,12619.212937,1.0,125.0
90666.0,68.0,Male,9.0,7.0,1.0,8.0,,10032.236791,1.0,124.0
90668.0,18.0,Female,3.0,8.0,3.0,5.397605346934028e-79,,62701.348866,2.0,128.0
90669.0,27.0,Male,2.0,8.0,5.397605346934028e-79,2.0,,35322.62812,2.0,133.0
90670.0,34.0,Female,1.0,7.0,1.0,5.397605346934028e-79,,60029.055757,2.0,125.0
90671.0,73.0,Female,12.0,11.5,4.0,8.0,,12197.218593,1.0,129.0
90672.0,24.0,Male,6.0,8.5,5.0,1.0,,28754.025409,1.0,129.0
90673.0,53.0,Male,8.0,7.0,5.397605346934028e-79,8.0,60.0,23921.898003,2.0,124.0
90674.0,68.0,Female,10.0,11.0,2.0,8.0,,25009.364183,1.0,126.0
90675.0,80.0,Male,1.0,5.5,5.397605346934028e-79,1.0,,16377.554753,2.0,125.0
90676.0,63.0,Female,4.0,4.0,4.0,5.397605346934028e-79,,24469.727604,2.0,130.0
90677.0,55.0,Female,6.0,7.0,5.0,1.0,,36422.66388,2.0,130.0
90678.0,80.0,Male,12.0,7.5,4.0,8.0,,5.397605346934028e-79,1.0,133.0
90679.0,62.0,Female,2.0,7.5,2.0,5.397605346934028e-79,,26725.872026,2.0,122.0
90680.0,55.0,Male,2.0,8.0,2.0,5.397605346934028e-79,,124143.012069,1.0,123.0
90683.0,30.0,Male,4.0,7.5,2.0,2.0,,25853.498099,2.0,129.0
90687.0,55.0,Male,8.0,5.0,5.397605346934028e-79,8.0,,19543.327056,2.0,122.0
90688.0,59.0,Male,6.0,10.0,3.0,3.0,,16266.992167,1.0,133.0
90689.0,72.0,Male,7.0,8.0,5.0,2.0,,14379.856072,2.0,132.0
90690.0,80.0,Female,12.0,8.5,4.0,8.0,,67842.442747,2.0,130.0
90691.0,61.0,Female,10.0,8.0,5.0,5.0,,155063.939046,1.0,121.0
90692.0,30.0,Female,9.0,6.0,8.0,1.0,,53881.493598,1.0,122.0
90694.0,61.0,Male,10.0,7.0,5.0,5.0,,124262.70982,2.0,125.0
90696.0,44.0,Male,1.0795210693868056e-78,6.5,5.397605346934028e-79,5.397605346934028e-79,,13107.189852,2.0,124.0
90698.0,61.0,Male,12.0,9.0,4.0,8.0,,10024.89583,1.0,133.0
90700.0,40.0,Female,3.0,8.5,3.0,5.397605346934028e-79,,21895.385958,2.0,130.0
90701.0,57.0,Female,8.0,8.0,5.397605346934028e-79,8.0,,22658.417784,1.0,126.0
90702.0,49.0,Male,5.0,6.5,3.0,2.0,,30979.47591,2.0,132.0
90703.0,35.0,Female,6.0,5.0,1.0,5.0,,13606.800072,2.0,121.0
90707.0,50.0,Male,13.0,6.0,5.0,8.0,,29622.780837,2.0,132.0
90710.0,23.0,Female,7.0,7.0,2.0,5.0,,105080.445194,2.0,119.0
90711.0,80.0,Male,5.0,7.0,4.0,1.0,,18831.191175,2.0,131.0
90712.0,16.0,Female,8.0,6.5,5.397605346934028e-79,8.0,,45395.859212,2.0,132.0
90713.0,30.0,Male,4.0,7.0,3.0,1.0,,27454.743859,2.0,133.0
90715.0,20.0,Male,5.0,10.0,2.0,3.0,,19747.102177,2.0,119.0
90718.0,31.0,Female,5.0,8.0,5.0,5.397605346934028e-79,,14822.4767,1.0,122.0
90719.0,74.0,Female,4.0,6.5,4.0,5.397605346934028e-79,,102198.596528,1.0,130.0
90720.0,44.0,Female,3.0,8.5,1.0,2.0,,19193.356019,1.0,124.0
90721.0,43.0,Female,3.0,8.0,2.0,1.0,,32813.34599,1.0,122.0
90722.0,31.0,Male,4.0,6.0,2.0,2.0,,48980.262955,2.0,122.0
90724.0,56.0,Female,11.0,7.5,3.0,8.0,,31949.444879,2.0,127.0
90726.0,32.0,Female,1.0,7.0,5.397605346934028e-79,1.0,,24028.445751,2.0,131.0
90728.0,17.0,Female,7.0,8.5,5.0,2.0,,60263.9925,1.0,130.0
90732.0,74.0,Male,9.0,9.5,1.0,8.0,,16403.160304,1.0,125.0
90733.0,28.0,Male,10.0,9.0,5.0,5.0,,69987.643416,2.0,132.0
90735.0,17.0,Female,2.0,6.0,2.0,5.397605346934028e-79,,10113.577675,1.0,119.0
90739.0,70.0,Male,11.0,9.0,3.0,8.0,,9398.263869,1.0,121.0
90742.0,27.0,Female,6.0,7.0,3.0,3.0,,24354.654346,1.0,132.0
90744.0,20.0,Female,11.0,10.0,3.0,8.0,,77260.121031,1.0,121.0
90745.0,32.0,Female,6.0,5.5,4.0,2.0,,106490.272034,2.0,132.0
90746.0,35.0,Female,4.0,7.5,3.0,1.0,,25438.117685,2.0,119.0
90747.0,24.0,Male,9.0,8.5,8.0,1.0,,119624.115972,2.0,123.0
90748.0,61.0,Female,10.0,9.0,2.0,8.0,,7689.63082,1.0,128.0
90752.0,73.0,Male,10.0,8.0,2.0,8.0,,8601.674243,1.0,127.0
90754.0,27.0,Female,5.0,5.5,5.397605346934028e-79,5.0,,28470.652578,1.0,127.0
90755.0,39.0,Female,1.0,6.5,1.0,5.397605346934028e-79,,34428.656348,1.0,132.0
90758.0,32.0,Male,2.0,5.0,2.0,5.397605346934028e-79,,35139.459891,1.0,131.0
90760.0,61.0,Female,1.0,9.0,5.397605346934028e-79,1.0,,8355.997753,1.0,124.0
90764.0,69.0,Male,11.0,9.0,3.0,8.0,,8214.432914,1.0,128.0
90766.0,35.0,Male,16.0,9.0,8.0,8.0,,84908.663669,2.0,123.0
90767.0,40.0,Female,9.0,7.5,1.0,8.0,,33203.714297,2.0,127.0
90768.0,48.0,Female,1.0,8.0,1.0,5.397605346934028e-79,,25353.059353,1.0,124.0
90771.0,29.0,Male,12.0,9.0,8.0,4.0,,11501.897995,1.0,133.0
90772.0,72.0,Male,11.0,6.5,3.0,8.0,,19348.622957,2.0,130.0
90775.0,53.0,Female,1.0,6.5,1.0,5.397605346934028e-79,,21116.366883,1.0,124.0
90776.0,40.0,Female,1.0795210693868056e-78,7.5,5.397605346934028e-79,5.397605346934028e-79,,55337.157764,1.0,126.0
90782.0,17.0,Female,10.0,7.5,2.0,8.0,,8839.274708,2.0,133.0
90783.0,47.0,Male,6.0,5.5,5.0,1.0,,18442.99239,2.0,131.0
90785.0,16.0,Male,4.0,9.0,3.0,1.0,,26175.919902,2.0,121.0
90786.0,19.0,Male,9.0,6.5,1.0,8.0,,12406.430893,1.0,124.0
90789.0,46.0,Female,8.0,7.0,5.397605346934028e-79,8.0,,120863.4639,2.0,119.0
90790.0,19.0,Male,10.0,8.0,5.0,5.0,,12873.197512,2.0,124.0
90793.0,53.0,Female,16.0,6.0,8.0,8.0,,15142.857022,1.0,124.0
90794.0,33.0,Female,3.0,7.0,1.0,2.0,,22804.148274,1.0,121.0
90795.0,18.0,Male,8.0,10.0,5.397605346934028e-79,8.0,,14187.712076,1.0,121.0
90796.0,28.0,Male,11.0,8.0,3.0,8.0,,80819.112454,1.0,131.0
90797.0,62.0,Female,4.0,11.0,4.0,5.397605346934028e-79,,9585.755282,1.0,127.0
90798.0,35.0,Female,1.0795210693868056e-78,7.0,5.397605346934028e-79,5.397605346934028e-79,,17940.406891,1.0,119.0
90800.0,32.0,Male,1.0795210693868056e-78,7.5,5.397605346934028e-79,5.397605346934028e-79,60.0,37750.488187,1.0,132.0
90802.0,74.0,Male,10.0,8.5,2.0,8.0,,20281.319287,1.0,122.0
90803.0,25.0,Male,2.0,8.5,1.0,1.0,,168621.302955,2.0,122.0
90804.0,27.0,Female,3.0,9.0,3.0,5.397605346934028e-79,,32281.041441,2.0,132.0
90805.0,22.0,Female,2.0,5.5,1.0,1.0,,29497.316053,1.0,123.0
90806.0,16.0,Male,1.0,7.0,5.397605346934028e-79,1.0,,31664.151971,2.0,131.0
90808.0,48.0,Female,1.0,5.5,1.0,5.397605346934028e-79,60.0,37162.788072,2.0,131.0
90811.0,64.0,Female,3.0,7.0,2.0,1.0,,7666.918971,1.0,124.0
90812.0,35.0,Male,13.0,8.0,5.0,8.0,,40936.250592,2.0,120.0
90813.0,47.0,Male,5.0,7.5,5.0,5.397605346934028e-79,,159281.290544,1.0,122.0
90814.0,80.0,Female,13.0,8.5,5.0,8.0,,45999.378825,2.0,126.0
90815.0,44.0,Male,2.0,6.5,2.0,5.397605346934028e-79,,11003.103546,2.0,128.0
90817.0,61.0,Female,9.0,5.0,1.0,8.0,,159781.289142,2.0,125.0
90818.0,22.0,Male,4.0,7.5,1.0,3.0,,23792.383789,2.0,126.0
90819.0,51.0,Male,2.0,6.5,2.0,5.397605346934028e-79,,12909.718989,2.0,119.0
90820.0,16.0,Female,10.0,8.0,2.0,8.0,,44727.781287,1.0,131.0
90824.0,61.0,Male,7.0,8.0,5.0,2.0,,9680.283373,2.0,126.0
90825.0,65.0,Male,4.0,7.0,2.0,2.0,,14545.344738,2.0,130.0
90829.0,65.0,Male,8.0,8.0,3.0,5.0,,126587.540245,1.0,125.0
90831.0,80.0,Male,8.0,6.0,3.0,5.0,,16339.008556,2.0,126.0
90832.0,26.0,Female,9.0,7.0,1.0,8.0,,25809.940575,1.0,124.0
90833.0,24.0,Male,5.0,6.0,3.0,2.0,,46620.685882,2.0,128.0
90835.0,68.0,Female,8.0,6.0,5.397605346934028e-79,8.0,20.0,7499.064085,1.0,119.0
90836.0,16.0,Male,3.0,8.0,5.397605346934028e-79,3.0,,10378.894437,2.0,122.0
90837.0,23.0,Female,9.0,11.0,1.0,8.0,,27008.986269,1.0,132.0
90841.0,54.0,Male,1.0,7.0,1.0,5.397605346934028e-79,,36161.701362,2.0,128.0
90842.0,25.0,Female,6.0,10.0,4.0,2.0,,93787.026576,1.0,126.0
90843.0,63.0,Male,13.0,6.5,5.0,8.0,,8113.690331,1.0,127.0
90845.0,22.0,Male,3.0,7.0,1.0,2.0,,149048.001021,2.0,133.0
90846.0,48.0,Female,11.0,7.0,3.0,8.0,,17918.883891,2.0,126.0
90847.0,80.0,Female,10.0,7.0,5.0,5.0,,64716.819333,1.0,122.0
90848.0,45.0,Male,3.0,6.5,3.0,5.397605346934028e-79,,15618.342571,1.0,125.0
90849.0,60.0,Male,1.0,7.5,1.0,5.397605346934028e-79,,127070.722542,1.0,130.0
90850.0,62.0,Female,6.0,9.0,3.0,3.0,,9223.528226,1.0,120.0
90851.0,32.0,Female,1.0,6.0,5.397605346934028e-79,1.0,,54981.383686,2.0,128.0
90852.0,34.0,Female,2.0,8.5,1.0,1.0,,24023.92945,1.0,119.0
90854.0,69.0,Male,13.0,7.0,5.0,8.0,,7595.830947,1.0,124.0
90856.0,42.0,Female,1.0795210693868056e-78,8.0,5.397605346934028e-79,5.397605346934028e-79,,20565.743264,2.0,129.0
90859.0,50.0,Female,2.0,7.0,1.0,1.0,,17997.693349,1.0,125.0
90861.0,52.0,Female,11.0,9.0,3.0,8.0,,26606.126792,2.0,133.0
90863.0,53.0,Female,10.0,7.0,5.0,5.0,,21384.244734,1.0,121.0
90865.0,18.0,Male,1.0795210693868056e-78,9.5,5.397605346934028e-79,5.397605346934028e-79,,28192.25997,1.0,125.0
90871.0,36.0,Female,1.0,8.0,1.0,5.397605346934028e-79,,108067.05744,2.0,129.0
90872.0,55.0,Female,5.0,9.0,3.0,2.0,,62816.499557,2.0,127.0
90873.0,46.0,Female,1.0795210693868056e-78,7.0,5.397605346934028e-79,5.397605346934028e-79,,25928.788024,1.0,119.0
90874.0,16.0,Male,8.0,11.5,3.0,5.0,,54902.323079,1.0,120.0
90875.0,46.0,Male,9.0,7.5,1.0,8.0,,23918.871263,2.0,124.0
90876.0,16.0,Male,2.0,6.0,2.0,5.397605346934028e-79,,11911.452259,2.0,133.0
90878.0,64.0,Male,13.0,3.0,5.0,8.0,,8714.70443,1.0,127.0
90882.0,53.0,Female,3.0,7.0,3.0,5.397605346934028e-79,,13558.33135,2.0,133.0
90883.0,23.0,Female,1.0795210693868056e-78,7.0,5.397605346934028e-79,5.397605346934028e-79,,32405.522978,1.0,120.0
90885.0,20.0,Male,2.0,7.0,5.397605346934028e-79,2.0,,143150.257301,2.0,123.0
90886.0,35.0,Male,12.0,7.5,4.0,8.0,,26545.556862,1.0,120.0
90887.0,28.0,Male,11.0,6.0,3.0,8.0,,47684.935817,1.0,125.0
90889.0,47.0,Female,5.0,7.0,3.0,2.0,,144723.454144,2.0,124.0
90890.0,54.0,Female,9.0,13.0,1.0,8.0,,21344.533998,2.0,123.0
90891.0,27.0,Male,2.0,3.0,2.0,5.397605346934028e-79,20.0,29388.885583,2.0,131.0
90892.0,80.0,Male,8.0,9.0,5.0,3.0,,36812.067986,2.0,125.0
90893.0,38.0,Female,4.0,8.5,2.0,2.0,,5.397605346934028e-79,1.0,128.0
90894.0,77.0,Male,13.0,6.0,5.0,8.0,,87241.569319,1.0,121.0
90895.0,49.0,Female,3.0,8.0,2.0,1.0,60.0,31550.166385,2.0,122.0
90896.0,66.0,Female,2.0,7.5,1.0,1.0,,6703.836502,1.0,119.0
90900.0,73.0,Female,1.0795210693868056e-78,6.5,5.397605346934028e-79,5.397605346934028e-79,,29101.152492,1.0,132.0
90902.0,23.0,Male,10.0,6.5,5.0,5.0,,42477.108932,1.0,122.0
90904.0,39.0,Male,4.0,10.5,2.0,2.0,,29057.023927,1.0,131.0
90906.0,31.0,Male,2.0,8.0,2.0,5.397605346934028e-79,,18510.581958,2.0,124.0
90907.0,24.0,Male,6.0,9.0,1.0,5.0,,59721.308538,2.0,120.0
90908.0,61.0,Female,12.0,8.5,4.0,8.0,,20999.682476,2.0,126.0
90911.0,19.0,Female,9.0,9.0,1.0,8.0,,20187.427842,1.0,126.0
90913.0,25.0,Male,2.0,8.5,2.0,5.397605346934028e-79,,15332.47684,1.0,133.0
90914.0,23.0,Female,3.0,8.0,2.0,1.0,,110563.25294,2.0,122.0
90915.0,49.0,Male,1.0,7.5,1.0,5.397605346934028e-79,,89134.10176,2.0,125.0
90917.0,19.0,Female,3.0,8.0,2.0,1.0,,84994.983194,2.0,128.0
90919.0,28.0,Female,10.0,7.5,2.0,8.0,,24264.588802,1.0,120.0
90922.0,59.0,Male,10.0,8.5,2.0,8.0,,21353.121868,1.0,125.0
90923.0,63.0,Female,6.0,6.0,3.0,3.0,,155749.294887,1.0,122.0
90924.0,33.0,Female,5.0,7.0,4.0,1.0,,29344.264786,1.0,132.0
90925.0,23.0,Female,10.0,9.0,2.0,8.0,,17921.268098,1.0,124.0
90926.0,28.0,Female,3.0,8.0,2.0,1.0,,24468.433766,1.0,129.0
90927.0,63.0,Male,12.0,7.0,4.0,8.0,,8113.690331,1.0,127.0
90929.0,65.0,Female,12.0,8.0,4.0,8.0,,49826.658472,2.0,130.0
90930.0,76.0,Female,13.0,8.5,5.0,8.0,,24355.274932,1.0,132.0
90931.0,35.0,Female,5.0,6.0,3.0,2.0,,38949.537878,2.0,127.0
90932.0,45.0,Female,2.0,7.0,2.0,5.397605346934028e-79,,108055.854056,2.0,123.0
90934.0,68.0,Female,7.0,8.0,2.0,5.0,,101684.377959,1.0,131.0
90937.0,23.0,Male,1.0,8.0,1.0,5.397605346934028e-79,,59284.102321,2.0,129.0
90938.0,55.0,Male,7.0,9.5,2.0,5.0,,24450.064071,2.0,120.0
90939.0,36.0,Male,3.0,9.0,2.0,1.0,,43965.512998,1.0,121.0
90941.0,65.0,Male,2.0,8.0,2.0,5.397605346934028e-79,,30185.010271,1.0,125.0
90942.0,79.0,Male,11.0,11.0,3.0,8.0,,15993.380461,2.0,133.0
90943.0,25.0,Male,3.0,8.0,3.0,5.397605346934028e-79,,43497.38479,2.0,122.0
90944.0,73.0,Male,12.0,8.0,4.0,8.0,,9914.546712,1.0,120.0
90945.0,17.0,Male,11.0,6.0,3.0,8.0,,14545.416109,2.0,124.0
90946.0,24.0,Female,3.0,9.0,2.0,1.0,,17081.542426,1.0,119.0
90949.0,78.0,Male,2.0,8.5,2.0,5.397605346934028e-79,,20281.319287,1.0,122.0
90951.0,36.0,Male,3.0,8.5,5.397605346934028e-79,3.0,,27758.704259,1.0,132.0
90954.0,55.0,Male,4.0,5.0,4.0,5.397605346934028e-79,,130692.799771,1.0,130.0
90955.0,61.0,Male,11.0,5.0,3.0,8.0,,8295.484674,1.0,120.0
90956.0,29.0,Female,6.0,9.0,1.0,5.0,,35585.019702,2.0,119.0
90958.0,58.0,Male,4.0,7.5,4.0,5.397605346934028e-79,,123132.084017,2.0,126.0
90961.0,71.0,Male,5.0,6.0,5.0,5.397605346934028e-79,,13920.936686,2.0,125.0
90963.0,39.0,Male,2.0,7.5,5.397605346934028e-79,2.0,,77454.494362,1.0,131.0
90964.0,31.0,Female,2.0,12.0,1.0,1.0,,125658.594103,1.0,126.0
90966.0,29.0,Female,3.0,8.0,2.0,1.0,,25577.071059,2.0,124.0
90967.0,80.0,Female,11.0,7.0,3.0,8.0,,23423.626036,2.0,119.0
90968.0,80.0,Female,13.0,7.0,5.0,8.0,,42460.089584,2.0,125.0
90970.0,46.0,Female,8.0,8.0,5.397605346934028e-79,8.0,,25001.310511,1.0,128.0
90971.0,58.0,Female,11.0,8.0,3.0,8.0,,138098.595826,2.0,127.0
90972.0,40.0,Male,3.0,4.0,2.0,1.0,,17913.423276,2.0,133.0
90973.0,75.0,Female,3.0,4.0,3.0,5.397605346934028e-79,,67009.943053,1.0,131.0
90975.0,80.0,Female,5.0,8.5,3.0,2.0,,81574.809263,1.0,126.0
90976.0,80.0,Male,10.0,9.0,2.0,8.0,,19843.463494,1.0,133.0
90977.0,80.0,Female,7.0,9.5,4.0,3.0,,47614.982505,2.0,126.0
90980.0,38.0,Female,2.0,8.5,2.0,5.397605346934028e-79,,17403.667312,2.0,133.0
90981.0,61.0,Female,9.0,5.0,1.0,8.0,60.0,9223.528226,1.0,120.0
90982.0,62.0,Female,7.0,8.0,2.0,5.0,,9585.755282,1.0,127.0
90983.0,37.0,Female,4.0,8.0,3.0,1.0,,51325.307973,2.0,131.0
90986.0,74.0,Female,6.0,9.5,4.0,2.0,,103575.008925,2.0,123.0
90987.0,57.0,Male,2.0,12.0,1.0,1.0,,5.397605346934028e-79,1.0,121.0
90988.0,32.0,Male,1.0,7.0,1.0,5.397605346934028e-79,,110039.439179,2.0,128.0
90989.0,18.0,Female,13.0,9.0,5.0,8.0,,11380.876761,1.0,123.0
90990.0,19.0,Male,13.0,9.0,8.0,5.0,,23238.264619,1.0,133.0
90991.0,19.0,Female,1.0,6.5,5.397605346934028e-79,1.0,,13530.640772,1.0,133.0
90992.0,73.0,Male,1.0,9.0,1.0,5.397605346934028e-79,60.0,55187.999015,1.0,131.0
90993.0,59.0,Male,3.0,7.5,2.0,1.0,,19543.327056,2.0,122.0
90994.0,21.0,Female,3.0,6.5,3.0,5.397605346934028e-79,,85613.311101,2.0,124.0
90995.0,61.0,Male,11.0,6.0,3.0,8.0,,15515.034387,2.0,130.0
90999.0,66.0,Female,11.0,10.0,3.0,8.0,,9585.755282,1.0,127.0
91000.0,19.0,Male,13.0,9.5,5.0,8.0,,11582.791933,2.0,129.0
91001.0,80.0,Female,4.0,9.0,2.0,2.0,,50228.242717,2.0,129.0
91002.0,59.0,Male,10.0,10.0,2.0,8.0,,20601.966992,2.0,133.0
91004.0,63.0,Male,13.0,6.0,5.0,8.0,,15623.474187,2.0,130.0
91008.0,27.0,Female,4.0,8.0,2.0,2.0,,23132.349141,1.0,120.0
91010.0,55.0,Female,2.0,9.0,1.0,1.0,,128722.599416,2.0,120.0
91011.0,50.0,Female,3.0,8.0,5.397605346934028e-79,3.0,,20722.075528,2.0,128.0
91013.0,22.0,Male,13.0,11.0,8.0,5.0,,12538.680709,2.0,119.0
91015.0,16.0,Female,10.0,6.0,2.0,8.0,,12696.606018,1.0,123.0
91016.0,17.0,Male,5.0,10.0,5.0,5.397605346934028e-79,,22544.478001,1.0,127.0
91017.0,48.0,Female,1.0795210693868056e-78,,5.397605346934028e-79,5.397605346934028e-79,,20988.395003,2.0,120.0
91018.0,63.0,Male,10.0,10.5,5.0,5.0,,9803.490248,2.0,133.0
91020.0,73.0,Female,1.0,9.5,1.0,5.397605346934028e-79,,107874.404337,2.0,129.0
91024.0,19.0,Male,4.0,9.0,5.397605346934028e-79,4.0,,7376.352044,1.0,133.0
91025.0,26.0,Female,11.0,5.5,3.0,8.0,,26577.743504,2.0,129.0
91026.0,45.0,Female,2.0,8.5,2.0,5.397605346934028e-79,,21174.353038,2.0,126.0
91027.0,54.0,Male,5.0,7.0,5.0,5.397605346934028e-79,,103259.451436,1.0,131.0
91028.0,72.0,Female,13.0,8.5,5.0,8.0,,10777.977915,1.0,124.0
91034.0,80.0,Male,3.0,9.0,2.0,1.0,,19531.803632,2.0,121.0
91037.0,61.0,Male,2.0,6.0,2.0,5.397605346934028e-79,,9184.777587,1.0,123.0
91038.0,56.0,Female,2.0,8.5,2.0,5.397605346934028e-79,,96599.007307,1.0,119.0
91039.0,22.0,Male,10.0,6.0,5.0,5.0,,36796.775549,1.0,119.0
91040.0,68.0,Female,5.0,7.5,5.0,5.397605346934028e-79,,22403.290598,1.0,120.0
91042.0,38.0,Male,11.0,6.0,3.0,8.0,,41083.466305,2.0,130.0
91043.0,44.0,Female,2.0,7.0,2.0,5.397605346934028e-79,,182964.356508,1.0,122.0
91046.0,52.0,Female,4.0,9.0,2.0,2.0,,161305.539485,2.0,124.0
91048.0,37.0,Male,9.0,8.0,1.0,8.0,,27587.914369,1.0,120.0
91049.0,52.0,Female,10.0,9.0,2.0,8.0,60.0,17332.962136,1.0,121.0
91050.0,75.0,Female,12.0,7.0,4.0,8.0,,13699.414824,1.0,127.0
91052.0,52.0,Female,3.0,9.0,1.0,2.0,,46110.75564,1.0,125.0
91054.0,37.0,Female,4.0,8.0,1.0,3.0,,23032.698563,1.0,129.0
91056.0,27.0,Male,4.0,9.0,2.0,2.0,,29709.418306,2.0,130.0
91059.0,17.0,Female,6.0,5.0,5.0,1.0,,12910.323429,2.0,133.0
91062.0,65.0,Male,10.0,7.5,2.0,8.0,,8253.28356,1.0,124.0
91063.0,71.0,Male,11.0,4.5,3.0,8.0,,14340.523275,1.0,125.0
91064.0,58.0,Female,3.0,7.5,3.0,5.397605346934028e-79,,106161.779889,1.0,131.0
91065.0,52.0,Female,9.0,6.0,1.0,8.0,,16111.476968,1.0,124.0
91066.0,45.0,Male,6.0,5.0,1.0,5.0,,35057.660163,2.0,124.0
91067.0,17.0,Female,7.0,7.5,5.0,2.0,,36701.715285,1.0,130.0
91069.0,58.0,Female,5.0,8.0,5.0,5.397605346934028e-79,,22529.639764,2.0,126.0
91071.0,16.0,Male,9.0,8.0,4.0,5.0,,54648.456775,2.0,126.0
91074.0,24.0,Female,3.0,7.0,2.0,1.0,,23628.700882,1.0,121.0
91075.0,51.0,Male,5.0,7.0,5.0,5.397605346934028e-79,,147337.733997,2.0,131.0
91076.0,61.0,Male,9.0,8.5,1.0,8.0,,8588.880732,1.0,124.0
91077.0,66.0,Female,13.0,9.0,5.0,8.0,,10732.606587,1.0,128.0
91078.0,36.0,Female,7.0,6.0,4.0,3.0,,47465.0585,1.0,126.0
91080.0,29.0,Female,4.0,8.5,2.0,2.0,,30021.870274,1.0,119.0
91082.0,45.0,Female,10.0,7.0,2.0,8.0,,31310.586964,2.0,122.0
91084.0,18.0,Male,2.0,6.5,5.397605346934028e-79,2.0,,26581.356438,1.0,132.0
91087.0,77.0,Male,13.0,9.0,5.0,8.0,,15916.911834,1.0,130.0
91091.0,22.0,Female,12.0,8.0,4.0,8.0,,27393.321645,2.0,132.0
91094.0,71.0,Female,9.0,10.0,1.0,8.0,,13561.171564,1.0,128.0
91095.0,21.0,Male,6.0,8.5,1.0,5.0,,100908.668272,1.0,123.0
91098.0,37.0,Male,3.0,8.0,3.0,5.397605346934028e-79,,112053.086474,1.0,123.0
91099.0,63.0,Male,13.0,8.0,5.0,8.0,,11645.071123,1.0,125.0
91100.0,54.0,Male,9.0,7.0,1.0,8.0,,14322.892334,1.0,121.0
91101.0,25.0,Female,1.0795210693868056e-78,5.5,5.397605346934028e-79,5.397605346934028e-79,,31460.710418,2.0,121.0
91102.0,51.0,Female,11.0,6.0,3.0,8.0,,16159.533534,1.0,121.0
91103.0,48.0,Male,8.0,6.0,5.397605346934028e-79,8.0,,36072.281587,1.0,124.0
91104.0,32.0,Male,4.0,9.0,1.0,3.0,,28223.085781,2.0,129.0
91106.0,26.0,Female,3.0,6.5,5.397605346934028e-79,3.0,,22690.912753,1.0,125.0
91108.0,49.0,Female,2.0,8.0,2.0,5.397605346934028e-79,,139891.211998,2.0,124.0
91109.0,64.0,Female,8.0,7.0,5.0,3.0,,51567.513401,1.0,121.0
91110.0,24.0,Male,1.0795210693868056e-78,8.5,5.397605346934028e-79,5.397605346934028e-79,,23463.061319,2.0,123.0
91111.0,46.0,Female,9.0,6.5,1.0,8.0,,19672.985128,1.0,129.0
91112.0,39.0,Female,10.0,7.0,2.0,8.0,,13561.759792,2.0,120.0
91113.0,31.0,Female,16.0,7.5,8.0,8.0,,39588.476417,2.0,123.0
91114.0,61.0,Male,5.0,7.0,4.0,1.0,,8039.39752,1.0,121.0
91115.0,34.0,Male,2.0,8.0,1.0,1.0,,42927.045984,2.0,128.0
91119.0,26.0,Female,9.0,6.5,5.0,4.0,60.0,26202.766299,2.0,121.0
91123.0,56.0,Male,3.0,7.5,3.0,5.397605346934028e-79,,35880.833947,1.0,130.0
91126.0,44.0,Female,5.0,10.5,5.0,5.397605346934028e-79,,28821.999917,1.0,132.0
91127.0,61.0,Female,3.0,7.5,2.0,1.0,,11403.752259,2.0,130.0
91128.0,54.0,Female,9.0,9.0,1.0,8.0,,11447.135934,1.0,133.0
91130.0,60.0,Male,12.0,12.0,4.0,8.0,,12267.52054,2.0,131.0
91131.0,41.0,Male,1.0,6.0,5.397605346934028e-79,1.0,,43918.44695,1.0,132.0
91133.0,24.0,Female,7.0,8.0,2.0,5.0,,26640.965273,2.0,129.0
91135.0,54.0,Female,5.0,7.0,4.0,1.0,,24729.301717,1.0,119.0
91137.0,74.0,Male,9.0,8.0,1.0,8.0,,10840.375183,2.0,133.0
91138.0,35.0,Female,3.0,6.0,2.0,1.0,,27925.474512,1.0,125.0
91139.0,32.0,Female,2.0,8.5,2.0,5.397605346934028e-79,,71716.010222,2.0,123.0
91140.0,28.0,Male,2.0,9.0,1.0,1.0,,19148.381342,2.0,128.0
91144.0,30.0,Female,1.0,5.0,1.0,5.397605346934028e-79,,23876.276709,1.0,127.0
91146.0,53.0,Female,10.0,9.5,2.0,8.0,,54992.530642,2.0,121.0
91147.0,59.0,Female,3.0,5.0,2.0,1.0,,5.397605346934028e-79,1.0,131.0
91148.0,47.0,Male,7.0,7.0,5.0,2.0,,37406.388702,1.0,123.0
91149.0,22.0,Male,3.0,7.0,1.0,2.0,,68705.051371,2.0,121.0
91150.0,74.0,Female,11.0,9.0,3.0,8.0,,5.397605346934028e-79,1.0,126.0
91153.0,80.0,Female,13.0,10.0,5.0,8.0,,26609.540814,2.0,130.0
91155.0,44.0,Female,5.0,8.0,4.0,1.0,,24238.17643,2.0,129.0
91156.0,29.0,Female,1.0,9.0,1.0,5.397605346934028e-79,,22775.433506,2.0,124.0
91158.0,16.0,Male,8.0,8.5,5.397605346934028e-79,8.0,,15382.620821,1.0,121.0
91159.0,51.0,Male,10.0,6.5,2.0,8.0,,28493.271176,1.0,123.0
91161.0,28.0,Female,7.0,9.0,4.0,3.0,,18011.63162,2.0,133.0
91162.0,31.0,Male,2.0,8.0,1.0,1.0,,30343.949505,1.0,132.0
91163.0,28.0,Female,1.0,6.5,1.0,5.397605346934028e-79,,22153.120178,1.0,125.0
91164.0,17.0,Female,10.0,10.0,5.0,5.0,,28102.14957,1.0,131.0
91165.0,26.0,Male,5.0,10.0,5.0,5.397605346934028e-79,,34688.01958,1.0,127.0
91166.0,65.0,Male,3.0,6.5,2.0,1.0,,182466.769231,1.0,122.0
91167.0,62.0,Male,3.0,7.5,3.0,5.397605346934028e-79,,10825.420536,1.0,126.0
91168.0,67.0,Male,13.0,8.0,5.0,8.0,,5.397605346934028e-79,1.0,125.0
91170.0,16.0,Male,6.0,7.0,2.0,4.0,,18116.653659,2.0,130.0
91171.0,80.0,Female,13.0,5.0,5.0,8.0,,22818.146923,1.0,122.0
91172.0,55.0,Male,5.0,6.0,3.0,2.0,,133264.366135,1.0,122.0
91174.0,26.0,Female,1.0,10.0,1.0,5.397605346934028e-79,,32202.62094,2.0,133.0
91175.0,71.0,Male,5.0,8.0,4.0,1.0,,66942.923269,2.0,131.0
91176.0,34.0,Male,1.0,7.0,1.0,5.397605346934028e-79,,37159.085117,2.0,129.0
91177.0,52.0,Male,5.0,7.0,3.0,2.0,,26498.61833,2.0,121.0
91180.0,71.0,Male,10.0,7.0,5.0,5.0,,100660.987717,1.0,120.0
91181.0,31.0,Male,4.0,9.0,2.0,2.0,,5.397605346934028e-79,2.0,126.0
91182.0,29.0,Male,2.0,6.5,5.397605346934028e-79,2.0,,34751.829703,2.0,124.0
91183.0,46.0,Male,9.0,7.5,1.0,8.0,60.0,31253.781007,2.0,122.0
91184.0,59.0,Male,12.0,6.5,4.0,8.0,,22034.93698,2.0,131.0
91187.0,63.0,Male,4.0,8.0,1.0,3.0,,28642.962223,2.0,125.0
91188.0,29.0,Male,11.0,7.0,3.0,8.0,,5.397605346934028e-79,1.0,120.0
91189.0,39.0,Female,2.0,8.5,5.397605346934028e-79,2.0,,23675.209634,2.0,124.0
91190.0,46.0,Male,11.0,5.0,3.0,8.0,,21833.607369,2.0,132.0
91192.0,21.0,Male,1.0795210693868056e-78,8.0,5.397605346934028e-79,5.397605346934028e-79,,32458.595798,1.0,121.0
91194.0,50.0,Female,11.0,6.0,3.0,8.0,,17513.297067,2.0,119.0
91196.0,59.0,Female,1.0,8.0,1.0,5.397605346934028e-79,,17222.95954,2.0,123.0
91197.0,64.0,Male,9.0,7.0,1.0,8.0,,20580.47931,2.0,123.0
91201.0,24.0,Male,3.0,8.0,3.0,5.397605346934028e-79,,20449.406203,1.0,123.0
91202.0,80.0,Male,12.0,8.0,4.0,8.0,,5.397605346934028e-79,1.0,133.0
91204.0,38.0,Female,7.0,8.5,5.0,2.0,,24267.038096,2.0,132.0
91206.0,38.0,Male,1.0,7.0,5.397605346934028e-79,1.0,,33301.621203,1.0,127.0
91207.0,29.0,Male,7.0,7.0,2.0,5.0,,20992.453427,2.0,121.0
91208.0,77.0,Female,13.0,3.0,5.0,8.0,,16901.948131,2.0,131.0
91211.0,40.0,Female,10.0,7.0,2.0,8.0,,21771.33867,1.0,120.0
91213.0,63.0,Male,9.0,8.0,4.0,5.0,,15515.034387,2.0,130.0
91215.0,43.0,Female,7.0,5.5,5.0,2.0,,15938.117476,1.0,120.0
91216.0,29.0,Female,1.0,7.5,1.0,5.397605346934028e-79,,23078.722256,2.0,123.0
91217.0,54.0,Male,2.0,8.0,2.0,5.397605346934028e-79,,21929.790083,1.0,127.0
91218.0,16.0,Male,12.0,8.0,8.0,4.0,,14156.617346,1.0,123.0
91220.0,65.0,Male,4.0,4.0,1.0,3.0,,22060.019113,2.0,128.0
91222.0,48.0,Female,4.0,8.5,2.0,2.0,,131029.338135,2.0,128.0
91223.0,70.0,Female,10.0,8.0,2.0,8.0,,13561.171564,1.0,128.0
91225.0,43.0,Male,9.0,6.5,1.0,8.0,,35118.942659,1.0,121.0
91226.0,53.0,Female,11.0,6.5,3.0,8.0,,21721.241356,2.0,131.0
91227.0,16.0,Female,3.0,8.0,3.0,5.397605346934028e-79,,23027.190434,1.0,121.0
91228.0,31.0,Female,7.0,11.0,3.0,4.0,,23960.170042,2.0,131.0
91231.0,17.0,Male,7.0,8.5,3.0,4.0,,98139.387953,1.0,121.0
91232.0,26.0,Male,10.0,9.0,5.0,5.0,,37462.498905,1.0,127.0
91234.0,39.0,Female,11.0,8.0,3.0,8.0,,20494.343154,1.0,123.0
91236.0,17.0,Female,8.0,7.0,3.0,5.0,,15390.616466,1.0,123.0
91239.0,60.0,Male,11.0,9.0,3.0,8.0,,6908.127159,1.0,119.0
91240.0,16.0,Male,1.0,7.5,5.397605346934028e-79,1.0,,19090.227948,2.0,130.0
91241.0,17.0,Male,6.0,8.5,2.0,4.0,,10432.831661,2.0,128.0
91242.0,19.0,Male,6.0,7.0,1.0,5.0,,14187.712076,1.0,120.0
91243.0,30.0,Male,1.0795210693868056e-78,7.0,5.397605346934028e-79,5.397605346934028e-79,,27860.217117,2.0,126.0
91246.0,17.0,Male,1.0795210693868056e-78,6.5,5.397605346934028e-79,5.397605346934028e-79,,24312.235072,1.0,132.0
91247.0,51.0,Female,6.0,7.5,5.0,1.0,,33312.271608,1.0,132.0
91249.0,29.0,Female,3.0,7.0,1.0,2.0,,110550.588793,2.0,127.0
91251.0,43.0,Male,12.0,10.0,4.0,8.0,,22793.200571,2.0,133.0
91252.0,42.0,Male,8.0,8.0,5.397605346934028e-79,8.0,,42122.733863,1.0,126.0
91253.0,44.0,Female,3.0,3.0,5.397605346934028e-79,3.0,,99833.142595,1.0,126.0
91256.0,16.0,Male,2.0,8.0,5.397605346934028e-79,2.0,,59880.362454,2.0,121.0
91258.0,77.0,Female,10.0,8.0,2.0,8.0,,49918.788212,1.0,130.0
91259.0,41.0,Male,16.0,7.5,8.0,8.0,,90426.68119,2.0,123.0
91261.0,44.0,Female,2.0,7.0,5.397605346934028e-79,2.0,,43059.754556,2.0,127.0
91263.0,19.0,Male,9.0,9.0,5.0,4.0,,22088.653741,2.0,121.0
91264.0,23.0,Male,16.0,7.0,8.0,8.0,,15043.555952,2.0,125.0
91266.0,60.0,Male,6.0,6.0,5.0,1.0,,11900.972039,2.0,129.0
91267.0,66.0,Male,9.0,7.0,1.0,8.0,,10049.68416,1.0,127.0
91269.0,16.0,Female,4.0,8.5,3.0,1.0,,74019.6525,1.0,130.0
91271.0,44.0,Female,1.0,7.5,5.397605346934028e-79,1.0,,30707.908622,1.0,123.0
91272.0,80.0,Female,16.0,11.0,8.0,8.0,,14878.199376,1.0,119.0
91273.0,23.0,Male,2.0,9.0,1.0,1.0,,29086.735298,2.0,131.0
91274.0,18.0,Male,8.0,8.0,5.0,3.0,,21881.020497,2.0,120.0
91275.0,19.0,Female,9.0,6.0,5.0,4.0,,73212.386784,1.0,133.0
91277.0,63.0,Female,8.0,5.0,5.397605346934028e-79,8.0,,21202.622108,2.0,128.0
91278.0,18.0,Female,11.0,8.5,3.0,8.0,,15224.90422,2.0,129.0
91279.0,51.0,Female,11.0,8.0,3.0,8.0,,18240.512463,2.0,126.0
91280.0,80.0,Male,13.0,7.5,5.0,8.0,,20190.100819,2.0,123.0
91282.0,50.0,Male,3.0,7.5,2.0,1.0,,167289.69903,1.0,126.0
91284.0,29.0,Female,2.0,6.0,2.0,5.397605346934028e-79,,57511.619945,1.0,123.0
91285.0,32.0,Male,7.0,6.0,2.0,5.0,,34843.780118,1.0,129.0
91288.0,44.0,Male,1.0,8.0,1.0,5.397605346934028e-79,,20795.878195,2.0,132.0
91290.0,39.0,Female,9.0,7.0,1.0,8.0,,22005.097996,2.0,122.0
91291.0,32.0,Female,3.0,7.0,2.0,1.0,,39798.524952,2.0,124.0
91292.0,48.0,Male,6.0,9.0,4.0,2.0,,23798.342191,2.0,128.0
91293.0,62.0,Male,13.0,8.5,5.0,8.0,,12619.212937,1.0,125.0
91295.0,72.0,Male,16.0,6.5,8.0,8.0,,12710.866751,2.0,127.0
91299.0,46.0,Male,8.0,7.0,5.397605346934028e-79,8.0,,40098.844659,1.0,126.0
91301.0,79.0,Male,12.0,8.0,4.0,8.0,,5.397605346934028e-79,2.0,127.0
91302.0,62.0,Male,7.0,4.5,5.0,2.0,,7910.071412,2.0,125.0
91303.0,78.0,Male,10.0,8.0,2.0,8.0,,11242.037093,1.0,128.0
91304.0,38.0,Male,9.0,6.5,1.0,8.0,,33136.641166,1.0,133.0
91305.0,22.0,Female,5.0,11.0,5.0,5.397605346934028e-79,,27647.962945,2.0,131.0
91309.0,68.0,Male,8.0,8.0,5.397605346934028e-79,8.0,,9030.801246,1.0,121.0
91310.0,65.0,Male,2.0,7.0,2.0,5.397605346934028e-79,,119440.196445,2.0,131.0
91312.0,45.0,Female,2.0,4.0,5.397605346934028e-79,2.0,,22135.63406,2.0,128.0
91313.0,19.0,Female,6.0,10.0,2.0,4.0,,18041.998888,2.0,121.0
91316.0,65.0,Female,10.0,8.0,2.0,8.0,,7626.54908,1.0,125.0
91317.0,36.0,Female,1.0,8.0,1.0,5.397605346934028e-79,,13995.223122,1.0,123.0
91319.0,31.0,Male,9.0,6.0,1.0,8.0,60.0,26545.556862,1.0,121.0
91321.0,61.0,Male,5.0,8.0,5.0,5.397605346934028e-79,,39412.752953,2.0,123.0
91323.0,26.0,Female,4.0,8.5,2.0,2.0,,31617.15027,2.0,124.0
91324.0,43.0,Female,3.0,6.0,2.0,1.0,,41895.977406,1.0,130.0
91325.0,26.0,Male,3.0,9.0,2.0,1.0,,110687.365808,1.0,126.0
91326.0,34.0,Male,10.0,7.5,2.0,8.0,,24627.118808,1.0,120.0
91327.0,17.0,Female,3.0,5.0,3.0,5.397605346934028e-79,,25052.975038,2.0,130.0
91328.0,45.0,Female,5.0,8.0,4.0,1.0,,24238.17643,2.0,129.0
91329.0,80.0,Female,5.0,5.0,5.0,5.397605346934028e-79,,44023.082737,2.0,126.0
91332.0,26.0,Female,2.0,7.0,2.0,5.397605346934028e-79,,15798.205243,1.0,123.0
91334.0,39.0,Female,1.0795210693868056e-78,7.5,5.397605346934028e-79,5.397605346934028e-79,,17498.222602,2.0,133.0
91336.0,25.0,Female,11.0,8.0,3.0,8.0,,90904.713816,1.0,126.0
91338.0,40.0,Female,1.0,7.5,5.397605346934028e-79,1.0,,26989.575167,2.0,122.0
91339.0,51.0,Male,5.0,3.5,1.0,4.0,,44826.906348,2.0,125.0
91340.0,38.0,Female,3.0,5.5,2.0,1.0,,53000.491604,2.0,125.0
91341.0,55.0,Male,5.0,7.0,4.0,1.0,,170698.775587,2.0,130.0
91343.0,63.0,Male,6.0,13.0,5.0,1.0,,10250.240666,1.0,123.0
91344.0,67.0,Female,9.0,10.0,1.0,8.0,30.0,8412.101912,1.0,124.0
91345.0,21.0,Male,13.0,10.5,5.0,8.0,,35631.264771,1.0,125.0
91346.0,80.0,Female,13.0,,5.0,8.0,,5.397605346934028e-79,2.0,121.0
91347.0,61.0,Male,11.0,9.0,3.0,8.0,,8775.087198,1.0,128.0
91349.0,68.0,Male,4.0,10.0,3.0,1.0,,5.397605346934028e-79,2.0,122.0
91350.0,23.0,Male,6.0,8.5,1.0,5.0,,33371.123968,1.0,128.0
91351.0,25.0,Female,7.0,6.5,3.0,4.0,,62396.979259,2.0,119.0
91353.0,57.0,Male,2.0,6.5,2.0,5.397605346934028e-79,,26456.801285,1.0,129.0
91354.0,52.0,Male,6.0,5.5,4.0,2.0,,25420.702424,2.0,129.0
91355.0,67.0,Female,5.0,7.0,1.0,4.0,,51732.275019,2.0,123.0
91356.0,53.0,Female,16.0,7.0,8.0,8.0,60.0,18275.147089,1.0,125.0
91358.0,43.0,Female,10.0,8.0,2.0,8.0,,66388.147944,1.0,131.0
91359.0,23.0,Male,3.0,8.0,1.0,2.0,,44903.688888,2.0,122.0
91360.0,33.0,Male,6.0,8.5,3.0,3.0,,34962.91587,2.0,122.0
91361.0,41.0,Male,4.0,8.0,2.0,2.0,,18436.899767,1.0,129.0
91363.0,40.0,Female,9.0,11.0,1.0,8.0,,16487.707733,1.0,120.0
91364.0,41.0,Male,3.0,6.0,2.0,1.0,,151383.88599,2.0,124.0
91365.0,58.0,Male,13.0,6.0,5.0,8.0,,18745.018267,1.0,120.0
91366.0,28.0,Female,9.0,8.5,1.0,8.0,,28384.399968,2.0,133.0
91367.0,19.0,Male,7.0,8.0,2.0,5.0,,10447.552874,2.0,133.0
91368.0,80.0,Male,12.0,6.0,4.0,8.0,,56883.846088,2.0,123.0
91369.0,33.0,Male,16.0,7.5,8.0,8.0,,5.397605346934028e-79,1.0,123.0
91371.0,63.0,Female,10.0,6.0,5.0,5.0,,22781.144539,2.0,130.0
91373.0,74.0,Male,4.0,10.0,3.0,1.0,,21559.41284,1.0,120.0
91377.0,80.0,Female,12.0,9.0,4.0,8.0,,38834.797099,1.0,125.0
91383.0,48.0,Female,2.0,7.5,2.0,5.397605346934028e-79,,101232.29798,2.0,121.0
91384.0,46.0,Male,5.0,6.0,4.0,1.0,,20075.492284,2.0,128.0
91385.0,30.0,Male,3.0,8.0,1.0,2.0,,146353.094594,1.0,122.0
91389.0,54.0,Female,11.0,4.5,3.0,8.0,,28307.422738,2.0,127.0
91391.0,57.0,Male,8.0,6.0,5.0,3.0,,24964.245953,2.0,125.0
91392.0,19.0,Female,11.0,9.5,3.0,8.0,,14419.596189,1.0,119.0
91393.0,31.0,Male,5.0,6.0,5.0,5.397605346934028e-79,,33084.663422,1.0,121.0
91394.0,37.0,Female,1.0,7.5,5.397605346934028e-79,1.0,,28229.06316,2.0,121.0
91396.0,36.0,Female,9.0,7.5,1.0,8.0,,119582.793943,1.0,130.0
91397.0,49.0,Female,6.0,8.5,3.0,3.0,,22910.062474,1.0,124.0
91399.0,51.0,Female,10.0,6.0,5.0,5.0,,126322.905718,2.0,123.0
91400.0,46.0,Female,4.0,7.0,4.0,5.397605346934028e-79,,20867.135805,2.0,131.0
91401.0,16.0,Male,4.0,10.0,2.0,2.0,,18310.663641,1.0,128.0
91402.0,26.0,Male,7.0,8.0,5.0,2.0,,37435.174202,1.0,121.0
91403.0,17.0,Female,7.0,8.0,5.0,2.0,,19747.856392,2.0,126.0
91404.0,34.0,Female,9.0,8.0,1.0,8.0,,24442.050602,1.0,130.0
91405.0,24.0,Female,8.0,10.0,5.397605346934028e-79,8.0,,27228.19294,1.0,128.0
91406.0,76.0,Male,1.0,7.0,1.0,5.397605346934028e-79,,13677.492292,1.0,124.0
91408.0,60.0,Female,13.0,9.0,5.0,8.0,,9190.214763,1.0,125.0
91411.0,50.0,Female,1.0,7.0,1.0,5.397605346934028e-79,,5.397605346934028e-79,1.0,132.0
91413.0,40.0,Male,3.0,8.0,2.0,1.0,,15207.030008,1.0,123.0
91414.0,59.0,Female,3.0,6.5,2.0,1.0,,23898.078089,1.0,124.0
91416.0,73.0,Female,13.0,11.0,5.0,8.0,,13207.829986,2.0,127.0
91417.0,39.0,Female,7.0,5.0,5.0,2.0,,32244.609879,1.0,132.0
91418.0,17.0,Female,8.0,10.0,5.397605346934028e-79,8.0,,12824.654759,1.0,120.0
91420.0,56.0,Female,2.0,8.0,2.0,5.397605346934028e-79,,87159.43956,2.0,121.0
91421.0,41.0,Female,6.0,5.5,4.0,2.0,,28916.901821,1.0,126.0
91423.0,18.0,Male,10.0,5.5,5.0,5.0,,12020.13567,1.0,133.0
91425.0,46.0,Female,11.0,9.0,3.0,8.0,,45292.013246,2.0,132.0
91426.0,43.0,Female,3.0,6.5,1.0,2.0,,23876.694247,2.0,129.0
91427.0,36.0,Male,10.0,4.0,8.0,2.0,,30490.518654,2.0,130.0
91428.0,22.0,Male,2.0,8.0,2.0,5.397605346934028e-79,,119478.896842,1.0,121.0
91429.0,75.0,Female,2.0,8.5,2.0,5.397605346934028e-79,,5.397605346934028e-79,1.0,133.0
91431.0,47.0,Female,7.0,7.5,3.0,4.0,,5.397605346934028e-79,1.0,121.0
91432.0,80.0,Male,3.0,8.0,2.0,1.0,,28701.27632,1.0,131.0
91433.0,64.0,Female,8.0,8.5,5.397605346934028e-79,8.0,,9387.006053,1.0,128.0
91436.0,22.0,Female,2.0,9.0,2.0,5.397605346934028e-79,,21864.180157,1.0,120.0
91437.0,39.0,Male,13.0,5.5,5.0,8.0,,26662.18537,1.0,129.0
91438.0,38.0,Female,9.0,7.0,1.0,8.0,,32970.46102,2.0,124.0
91440.0,77.0,Male,11.0,12.0,3.0,8.0,,13483.279491,2.0,131.0
91442.0,47.0,Male,1.0,6.0,1.0,5.397605346934028e-79,,101665.238265,1.0,131.0
91443.0,45.0,Female,12.0,7.0,4.0,8.0,,17328.794285,2.0,131.0
91445.0,25.0,Female,4.0,3.0,2.0,2.0,,27046.920272,2.0,131.0
91446.0,17.0,Female,8.0,4.5,8.0,5.397605346934028e-79,,13855.108839,2.0,132.0
91447.0,66.0,Female,11.0,9.0,3.0,8.0,,9402.651544,1.0,133.0
91449.0,50.0,Female,2.0,7.0,1.0,1.0,,21612.508621,2.0,130.0
91450.0,65.0,Male,12.0,3.0,4.0,8.0,,39194.77938,2.0,132.0
91451.0,20.0,Male,2.0,8.0,5.397605346934028e-79,2.0,,29286.803428,2.0,125.0
91452.0,41.0,Male,10.0,9.5,5.0,5.0,,36375.289994,1.0,125.0
91453.0,43.0,Female,8.0,8.5,5.397605346934028e-79,8.0,,26973.178946,1.0,132.0
91454.0,68.0,Female,11.0,8.0,3.0,8.0,,6439.842542,1.0,123.0
91455.0,26.0,Male,8.0,12.0,5.397605346934028e-79,8.0,30.0,101433.052338,2.0,131.0
91457.0,39.0,Male,16.0,9.0,8.0,8.0,,26026.513192,1.0,127.0
91461.0,68.0,Male,9.0,9.0,1.0,8.0,,8275.22309,2.0,123.0
91465.0,61.0,Male,10.0,7.0,2.0,8.0,,5.397605346934028e-79,1.0,129.0
91468.0,52.0,Male,2.0,7.5,2.0,5.397605346934028e-79,,26546.547224,1.0,125.0
91469.0,69.0,Male,13.0,10.0,5.0,8.0,,10016.763811,2.0,126.0
91471.0,80.0,Male,11.0,11.0,3.0,8.0,,9033.441989,1.0,127.0
91474.0,62.0,Female,8.0,3.0,5.397605346934028e-79,8.0,5.397605346934028e-79,8075.617835,1.0,124.0
91475.0,24.0,Female,5.0,4.0,2.0,3.0,,22877.561078,1.0,122.0
91476.0,80.0,Female,12.0,11.0,4.0,8.0,,45885.503517,2.0,132.0
91477.0,35.0,Female,11.0,6.0,3.0,8.0,,24350.524593,2.0,122.0
91478.0,42.0,Male,2.0,8.0,2.0,5.397605346934028e-79,,31755.104376,2.0,129.0
91479.0,37.0,Female,4.0,6.5,2.0,2.0,,23544.538428,2.0,129.0
91481.0,80.0,Male,10.0,8.5,2.0,8.0,,46308.85943,2.0,130.0
91482.0,54.0,Female,10.0,8.0,8.0,2.0,,15861.901244,1.0,124.0
91484.0,21.0,Male,4.0,7.5,5.397605346934028e-79,4.0,,30159.428602,1.0,124.0
91485.0,24.0,Female,5.0,10.0,2.0,3.0,,28802.425858,2.0,119.0
91487.0,37.0,Female,1.0,7.5,5.397605346934028e-79,1.0,,96043.11587,1.0,133.0
91489.0,74.0,Female,8.0,11.0,5.397605346934028e-79,8.0,,19151.91106,1.0,129.0
91490.0,65.0,Female,10.0,6.5,2.0,8.0,,7240.475668,1.0,119.0
91491.0,37.0,Male,6.0,7.5,4.0,2.0,,140988.595598,1.0,132.0
91492.0,70.0,Female,10.0,7.0,5.0,5.0,,15807.663874,1.0,123.0
91493.0,62.0,Female,2.0,11.0,2.0,5.397605346934028e-79,,42237.695467,1.0,127.0
91495.0,55.0,Male,4.0,6.5,4.0,5.397605346934028e-79,,27778.183052,1.0,127.0
91497.0,31.0,Female,1.0795210693868056e-78,8.0,5.397605346934028e-79,5.397605346934028e-79,,37011.273388,1.0,130.0
91502.0,36.0,Male,9.0,6.0,1.0,8.0,,40875.033001,2.0,123.0
91503.0,80.0,Male,5.0,10.0,4.0,1.0,,47527.991572,1.0,125.0
91504.0,21.0,Male,10.0,8.0,5.0,5.0,,23792.383789,2.0,126.0
91505.0,45.0,Female,1.0795210693868056e-78,6.0,5.397605346934028e-79,5.397605346934028e-79,,19904.553199,1.0,119.0
91507.0,53.0,Female,1.0795210693868056e-78,7.0,5.397605346934028e-79,5.397605346934028e-79,30.0,23560.770433,2.0,131.0
91508.0,78.0,Male,2.0,7.0,2.0,5.397605346934028e-79,,10149.169036,1.0,128.0
91510.0,37.0,Male,2.0,7.5,1.0,1.0,,27598.013141,1.0,123.0
91512.0,53.0,Male,1.0,8.0,1.0,5.397605346934028e-79,,99287.934073,1.0,131.0
91513.0,60.0,Female,1.0,7.5,1.0,5.397605346934028e-79,,9944.667255,2.0,127.0
91515.0,38.0,Female,2.0,8.0,1.0,1.0,,147833.640122,1.0,126.0
91516.0,80.0,Female,11.0,9.0,3.0,8.0,,15348.778078,1.0,119.0
91518.0,19.0,Male,1.0795210693868056e-78,13.0,5.397605346934028e-79,5.397605346934028e-79,,13242.156307,2.0,126.0
91519.0,20.0,Female,11.0,11.0,8.0,3.0,,64393.213374,1.0,131.0
91520.0,30.0,Male,11.0,8.0,8.0,3.0,,151881.396376,2.0,122.0
91525.0,29.0,Female,5.0,8.0,3.0,2.0,,19386.652417,1.0,133.0
91526.0,49.0,Male,4.0,9.0,4.0,5.397605346934028e-79,,26125.66476,2.0,122.0
91527.0,41.0,Female,1.0795210693868056e-78,10.0,5.397605346934028e-79,5.397605346934028e-79,,29578.209831,1.0,121.0
91529.0,43.0,Female,8.0,8.0,5.397605346934028e-79,8.0,,18759.432288,2.0,121.0
91530.0,26.0,Female,6.0,10.0,1.0,5.0,,25435.425781,1.0,125.0
91531.0,28.0,Female,13.0,8.0,5.0,8.0,,30787.733749,2.0,132.0
91532.0,22.0,Male,5.0,7.5,2.0,3.0,,79308.824258,2.0,127.0
91533.0,80.0,Female,5.0,6.5,4.0,1.0,,16409.646726,2.0,126.0
91536.0,37.0,Female,4.0,9.5,2.0,2.0,,14829.808652,2.0,123.0
91537.0,53.0,Female,1.0,8.5,1.0,5.397605346934028e-79,,12147.046811,1.0,120.0
91538.0,72.0,Male,9.0,9.5,1.0,8.0,,9031.249075,1.0,124.0
91539.0,40.0,Male,2.0,7.5,1.0,1.0,,41474.94415,2.0,123.0
91542.0,80.0,Female,7.0,8.5,3.0,4.0,,16368.025639,2.0,119.0
91543.0,44.0,Male,3.0,7.0,5.397605346934028e-79,3.0,,22779.100852,2.0,122.0
91544.0,72.0,Female,13.0,6.0,5.0,8.0,,19738.951376,1.0,125.0
91547.0,54.0,Male,1.0,9.0,1.0,5.397605346934028e-79,,18981.486032,2.0,119.0
91549.0,46.0,Male,9.0,7.0,1.0,8.0,,36173.30438,1.0,122.0
91550.0,70.0,Female,13.0,8.0,5.0,8.0,,20734.308778,2.0,133.0
91551.0,80.0,Female,11.0,8.5,3.0,8.0,,40128.96189,1.0,131.0
91552.0,43.0,Male,1.0,6.5,1.0,5.397605346934028e-79,60.0,18848.664876,2.0,132.0
91554.0,17.0,Male,10.0,7.5,5.0,5.0,,26087.084107,1.0,126.0
91555.0,35.0,Female,7.0,7.5,5.0,2.0,,20703.25668,1.0,124.0
91556.0,17.0,Female,4.0,8.0,2.0,2.0,,10353.050942,1.0,125.0
91557.0,60.0,Male,3.0,5.0,2.0,1.0,,13104.567281,1.0,123.0
91558.0,80.0,Male,12.0,9.5,4.0,8.0,,23643.781137,2.0,130.0
91559.0,30.0,Female,5.0,6.0,5.0,5.397605346934028e-79,,52478.955828,2.0,125.0
91560.0,46.0,Male,10.0,9.0,5.0,5.0,,18191.497039,2.0,131.0
91561.0,58.0,Male,9.0,8.0,1.0,8.0,,27288.218047,1.0,119.0
91562.0,41.0,Male,1.0795210693868056e-78,7.0,5.397605346934028e-79,5.397605346934028e-79,,28326.070575,1.0,129.0
91563.0,80.0,Male,4.0,9.0,2.0,2.0,,22001.5108,2.0,123.0
91564.0,59.0,Male,7.0,8.5,5.0,2.0,,23326.012123,1.0,124.0
91566.0,25.0,Female,3.0,8.0,2.0,1.0,,53291.178939,1.0,125.0
91567.0,18.0,Female,1.0795210693868056e-78,8.5,5.397605346934028e-79,5.397605346934028e-79,,66410.369713,2.0,123.0
91568.0,75.0,Female,11.0,8.0,3.0,8.0,,8900.276135,1.0,123.0
91569.0,60.0,Female,2.0,7.5,2.0,5.397605346934028e-79,,141459.58043,2.0,124.0
91570.0,39.0,Female,4.0,6.5,2.0,2.0,,23332.014138,2.0,124.0
91572.0,80.0,Female,8.0,9.5,5.397605346934028e-79,8.0,,66087.885067,2.0,127.0
91573.0,19.0,Female,2.0,7.0,5.397605346934028e-79,2.0,,35974.851196,2.0,120.0
91578.0,69.0,Male,6.0,8.5,5.0,1.0,,12014.966024,2.0,129.0
91579.0,50.0,Female,10.0,8.5,2.0,8.0,,12426.833363,1.0,127.0
91581.0,35.0,Female,4.0,7.0,2.0,2.0,,123568.887074,2.0,123.0
91582.0,48.0,Female,1.0,8.5,1.0,5.397605346934028e-79,,149579.858494,2.0,121.0
91583.0,46.0,Female,2.0,8.5,1.0,1.0,,22123.581569,2.0,123.0
91584.0,71.0,Male,13.0,7.0,5.0,8.0,,8456.879105,1.0,124.0
91585.0,42.0,Male,8.0,7.5,3.0,5.0,,30512.712975,1.0,132.0
91586.0,68.0,Female,10.0,8.0,5.0,5.0,,8204.936711,1.0,121.0
91589.0,55.0,Female,5.0,9.0,5.0,5.397605346934028e-79,,105660.340982,1.0,131.0
91592.0,25.0,Female,13.0,11.0,5.0,8.0,,31463.503863,2.0,131.0
91594.0,49.0,Male,2.0,6.5,2.0,5.397605346934028e-79,,20652.697856,2.0,129.0
91596.0,42.0,Female,7.0,12.0,5.0,2.0,,18177.543338,2.0,132.0
91597.0,23.0,Female,2.0,6.0,1.0,1.0,,92771.339547,2.0,123.0
91599.0,60.0,Male,10.0,10.0,2.0,8.0,,8002.324829,1.0,121.0
91600.0,80.0,Male,13.0,7.0,5.0,8.0,,17992.290639,1.0,125.0
91601.0,17.0,Male,8.0,8.0,5.397605346934028e-79,8.0,,18635.075379,1.0,120.0
91603.0,47.0,Female,13.0,9.5,5.0,8.0,,26888.597034,2.0,122.0
91604.0,33.0,Male,3.0,7.5,2.0,1.0,,184001.527268,1.0,132.0
91605.0,16.0,Female,8.0,6.0,5.397605346934028e-79,8.0,,23433.40904,1.0,129.0
91606.0,50.0,Female,4.0,6.0,2.0,2.0,,13439.166438,2.0,125.0
91609.0,65.0,Male,9.0,8.5,1.0,8.0,,37224.406031,2.0,125.0
91610.0,17.0,Male,13.0,9.0,8.0,5.0,,10362.532363,2.0,125.0
91611.0,66.0,Female,5.0,8.5,3.0,2.0,,21902.987845,1.0,129.0
91612.0,19.0,Male,5.0,9.0,3.0,2.0,,14128.520703,1.0,132.0
91615.0,47.0,Male,2.0,8.5,2.0,5.397605346934028e-79,,33950.38267,1.0,124.0
91617.0,19.0,Male,5.0,11.0,3.0,2.0,,33708.148362,2.0,132.0
91618.0,60.0,Female,9.0,9.5,1.0,8.0,,8269.615308,1.0,133.0
91619.0,20.0,Male,11.0,9.0,3.0,8.0,,27268.210584,1.0,129.0
91621.0,51.0,Female,2.0,8.0,1.0,1.0,60.0,24940.944748,1.0,121.0
91622.0,34.0,Female,8.0,6.0,5.397605346934028e-79,8.0,,40715.953,2.0,127.0
91624.0,39.0,Male,1.0795210693868056e-78,7.0,5.397605346934028e-79,5.397605346934028e-79,,38227.557906,2.0,130.0
91626.0,41.0,Male,11.0,9.0,3.0,8.0,,136207.258111,2.0,132.0
91627.0,48.0,Female,5.0,9.5,5.0,5.397605346934028e-79,,39784.86872,1.0,128.0
91628.0,31.0,Male,1.0,6.0,1.0,5.397605346934028e-79,,23959.582382,1.0,133.0
91630.0,29.0,Female,7.0,5.5,5.0,2.0,,23055.686923,1.0,127.0
91631.0,58.0,Male,13.0,7.0,5.0,8.0,,33040.927737,2.0,130.0
91632.0,60.0,Male,2.0,7.5,2.0,5.397605346934028e-79,,10049.68416,1.0,127.0
91633.0,42.0,Female,11.0,7.5,3.0,8.0,,24969.93388,1.0,131.0
91634.0,78.0,Female,7.0,4.5,5.0,2.0,,65502.485001,1.0,128.0
91635.0,51.0,Female,11.0,8.0,3.0,8.0,,14633.709343,1.0,125.0
91637.0,55.0,Male,2.0,6.0,2.0,5.397605346934028e-79,,128217.718887,2.0,123.0
91638.0,47.0,Male,2.0,6.5,1.0,1.0,,25233.191944,1.0,133.0
91639.0,57.0,Female,4.0,7.5,5.397605346934028e-79,4.0,,146314.272965,1.0,122.0
91640.0,17.0,Male,3.0,7.0,1.0,2.0,,20336.34272,1.0,132.0
91641.0,63.0,Male,9.0,6.5,8.0,1.0,,23539.79054,2.0,121.0
91642.0,34.0,Female,9.0,7.0,1.0,8.0,,104699.162965,1.0,123.0
91643.0,59.0,Female,3.0,7.5,3.0,5.397605346934028e-79,,182355.646731,1.0,126.0
91646.0,72.0,Male,4.0,7.5,3.0,1.0,,12331.942336,2.0,119.0
91647.0,57.0,Male,3.0,6.0,1.0,2.0,,36687.471098,1.0,129.0
91648.0,80.0,Male,7.0,9.0,5.0,2.0,,5.397605346934028e-79,1.0,126.0
91652.0,58.0,Female,4.0,8.0,3.0,1.0,,25852.23489,2.0,127.0
91653.0,51.0,Female,9.0,7.5,1.0,8.0,60.0,12510.963554,1.0,123.0
91654.0,71.0,Male,6.0,5.0,5.0,1.0,,8465.214135,2.0,119.0
91656.0,16.0,Male,10.0,7.5,5.0,5.0,,15255.134806,2.0,130.0
91659.0,64.0,Female,10.0,8.5,2.0,8.0,,21604.839872,2.0,128.0
91661.0,44.0,Male,2.0,7.0,1.0,1.0,,39925.860864,1.0,132.0
91663.0,46.0,Female,10.0,11.0,5.0,5.0,,16915.355842,1.0,119.0
91665.0,74.0,Female,8.0,7.0,5.0,3.0,,16368.180324,2.0,119.0
91667.0,60.0,Female,1.0795210693868056e-78,7.5,5.397605346934028e-79,5.397605346934028e-79,,95510.279988,1.0,131.0
91669.0,33.0,Male,1.0,8.0,1.0,5.397605346934028e-79,,36487.723649,1.0,122.0
91670.0,48.0,Male,11.0,8.0,3.0,8.0,,47080.150103,1.0,121.0
91671.0,36.0,Male,3.0,7.0,1.0,2.0,,47150.807575,2.0,123.0
91672.0,26.0,Male,2.0,7.5,1.0,1.0,,39123.219623,2.0,120.0
91673.0,79.0,Male,4.0,10.0,4.0,5.397605346934028e-79,,17257.115347,2.0,132.0
91674.0,63.0,Female,7.0,7.5,2.0,5.0,,135396.950796,1.0,128.0
91675.0,48.0,Female,16.0,9.0,8.0,8.0,,19005.101399,1.0,123.0
91677.0,19.0,Female,3.0,7.0,2.0,1.0,,10708.494009,1.0,119.0
91679.0,65.0,Male,10.0,9.0,2.0,8.0,,9210.050928,1.0,129.0
91680.0,80.0,Male,3.0,10.0,2.0,1.0,,5.397605346934028e-79,2.0,124.0
91681.0,66.0,Male,6.0,7.0,5.0,1.0,,12619.212937,1.0,125.0
91683.0,59.0,Female,8.0,8.5,3.0,5.0,,34523.364091,2.0,133.0
91684.0,53.0,Male,8.0,8.0,5.397605346934028e-79,8.0,,7769.110124,1.0,119.0
91685.0,55.0,Female,1.0,7.0,1.0,5.397605346934028e-79,,14998.332866,1.0,119.0
91686.0,18.0,Male,4.0,10.0,2.0,2.0,60.0,19630.318515,1.0,132.0
91687.0,28.0,Female,3.0,8.0,2.0,1.0,,41491.84403,2.0,130.0
91692.0,29.0,Male,3.0,9.0,3.0,5.397605346934028e-79,,30759.983119,1.0,124.0
91696.0,80.0,Female,5.0,7.0,5.0,5.397605346934028e-79,,63102.20571,1.0,126.0
91697.0,70.0,Male,6.0,9.0,1.0,5.0,,78008.594592,2.0,129.0
91699.0,47.0,Male,1.0795210693868056e-78,6.0,5.397605346934028e-79,5.397605346934028e-79,,30650.099215,2.0,120.0
91702.0,59.0,Female,8.0,4.0,5.397605346934028e-79,8.0,,24899.648594,1.0,127.0
91704.0,50.0,Male,5.0,7.0,2.0,3.0,,45491.73815,2.0,127.0
91706.0,35.0,Male,10.0,7.5,2.0,8.0,,123826.020569,2.0,124.0
91709.0,17.0,Female,5.0,8.0,5.397605346934028e-79,5.0,,19009.806447,1.0,126.0
91710.0,62.0,Male,13.0,3.0,5.0,8.0,,5.397605346934028e-79,2.0,131.0
91711.0,34.0,Female,2.0,7.0,5.397605346934028e-79,2.0,,27491.415615,1.0,123.0
91712.0,35.0,Male,6.0,8.0,4.0,2.0,,123913.670261,1.0,122.0
91713.0,80.0,Male,4.0,8.0,3.0,1.0,,44874.608833,2.0,123.0
91714.0,35.0,Female,11.0,8.0,3.0,8.0,,46756.330572,1.0,133.0
91715.0,73.0,Male,8.0,7.5,5.397605346934028e-79,8.0,60.0,6879.82715,1.0,124.0
91716.0,75.0,Female,13.0,8.0,5.0,8.0,60.0,23381.063934,1.0,132.0
91717.0,55.0,Female,2.0,4.0,1.0,1.0,,15148.581739,1.0,128.0
91718.0,58.0,Female,10.0,6.5,2.0,8.0,,15148.919299,1.0,123.0
91721.0,26.0,Female,13.0,11.5,5.0,8.0,,69522.236247,2.0,131.0
91722.0,25.0,Female,7.0,9.5,3.0,4.0,,71624.940958,2.0,126.0
91723.0,48.0,Female,3.0,7.0,2.0,1.0,,27167.814733,1.0,123.0
91724.0,38.0,Female,1.0795210693868056e-78,7.5,5.397605346934028e-79,5.397605346934028e-79,,105189.281835,2.0,120.0
91725.0,57.0,Female,2.0,7.0,2.0,5.397605346934028e-79,,145257.758568,2.0,132.0
91726.0,80.0,Female,3.0,9.0,3.0,5.397605346934028e-79,,66404.984902,1.0,120.0
91727.0,80.0,Female,8.0,8.0,3.0,5.0,,64041.698588,2.0,123.0
91728.0,76.0,Female,9.0,9.0,1.0,8.0,,16032.425845,2.0,127.0
91729.0,19.0,Male,6.0,11.0,4.0,2.0,,64041.029426,2.0,129.0
91730.0,53.0,Male,9.0,7.5,1.0,8.0,,21413.145535,1.0,124.0
91731.0,19.0,Male,13.0,10.0,8.0,5.0,,69148.284875,2.0,121.0
91732.0,55.0,Female,10.0,7.0,2.0,8.0,,130635.701412,1.0,121.0
91733.0,64.0,Male,10.0,9.0,2.0,8.0,,10472.435822,1.0,133.0
91734.0,36.0,Female,3.0,4.5,2.0,1.0,,14631.369628,1.0,123.0
91737.0,80.0,Female,12.0,7.0,4.0,8.0,,52757.267018,2.0,125.0
91738.0,19.0,Male,10.0,9.0,2.0,8.0,,17387.680982,1.0,126.0
91739.0,70.0,Male,9.0,7.5,1.0,8.0,60.0,11492.315844,2.0,122.0
91740.0,76.0,Male,8.0,9.5,5.397605346934028e-79,8.0,,5.397605346934028e-79,1.0,121.0
91742.0,23.0,Male,6.0,4.5,1.0,5.0,,21117.603008,1.0,119.0
91743.0,51.0,Male,8.0,7.0,5.397605346934028e-79,8.0,,28384.916761,1.0,121.0
91744.0,78.0,Female,12.0,9.0,4.0,8.0,,49918.788212,1.0,130.0
91747.0,66.0,Male,8.0,9.0,5.397605346934028e-79,8.0,,7710.656733,2.0,119.0
91748.0,80.0,Male,13.0,6.0,5.0,8.0,,13920.936686,2.0,125.0
91750.0,49.0,Female,3.0,7.0,3.0,5.397605346934028e-79,,168732.670275,1.0,130.0
91752.0,51.0,Female,9.0,7.0,1.0,8.0,,19597.839478,1.0,122.0
91753.0,48.0,Female,2.0,9.5,1.0,1.0,,36938.828418,2.0,123.0
91754.0,80.0,Male,9.0,9.5,1.0,8.0,,5.397605346934028e-79,2.0,127.0
91755.0,34.0,Male,9.0,5.0,1.0,8.0,,19988.583362,2.0,133.0
91756.0,63.0,Female,5.0,8.5,3.0,2.0,,11078.09373,2.0,127.0
91758.0,62.0,Female,5.0,6.5,4.0,1.0,,7760.970032,2.0,121.0
91759.0,60.0,Male,9.0,9.0,1.0,8.0,,8421.518624,1.0,131.0
91760.0,80.0,Male,2.0,8.0,1.0,1.0,,34215.949101,2.0,126.0
91762.0,16.0,Male,3.0,9.0,2.0,1.0,,18310.663641,1.0,120.0
91764.0,16.0,Male,3.0,8.0,2.0,1.0,,17161.346016,1.0,119.0
91769.0,19.0,Male,8.0,6.5,4.0,4.0,,60919.387219,2.0,131.0
91771.0,39.0,Female,10.0,8.5,2.0,8.0,,23207.025813,1.0,122.0
91772.0,48.0,Male,3.0,7.0,3.0,5.397605346934028e-79,,20851.175083,2.0,132.0
91774.0,19.0,Female,4.0,10.5,2.0,2.0,,5.397605346934028e-79,1.0,127.0
91775.0,30.0,Female,1.0,8.0,5.397605346934028e-79,1.0,,91286.859914,2.0,123.0
91776.0,80.0,Male,12.0,9.5,4.0,8.0,,8837.862675,2.0,133.0
91778.0,63.0,Male,10.0,8.0,2.0,8.0,,5.397605346934028e-79,1.0,119.0
91781.0,24.0,Male,6.0,14.0,5.0,1.0,,36895.491405,1.0,129.0
91783.0,80.0,Male,12.0,9.0,4.0,8.0,,11400.745908,1.0,128.0
91784.0,80.0,Female,4.0,9.0,2.0,2.0,,65883.169207,2.0,119.0
91785.0,34.0,Female,9.0,8.5,1.0,8.0,,20763.410526,1.0,123.0
91786.0,16.0,Male,9.0,9.5,1.0,8.0,,17278.856843,1.0,121.0
91787.0,80.0,Female,9.0,8.0,1.0,8.0,,29989.681815,1.0,131.0
91788.0,42.0,Female,3.0,7.0,2.0,1.0,,20561.819855,1.0,128.0
91790.0,23.0,Female,10.0,9.5,2.0,8.0,,31243.150191,1.0,132.0
91791.0,20.0,Female,4.0,8.0,2.0,2.0,,74336.772398,1.0,125.0
91792.0,68.0,Female,5.0,8.5,3.0,2.0,,8214.55604,1.0,124.0
91793.0,44.0,Female,13.0,6.0,5.0,8.0,,131045.697874,2.0,132.0
91794.0,25.0,Female,4.0,7.0,2.0,2.0,,33344.307893,1.0,121.0
91796.0,31.0,Female,6.0,8.5,3.0,3.0,,27624.666476,2.0,129.0
91799.0,66.0,Male,12.0,8.5,4.0,8.0,,130600.464835,2.0,127.0
91801.0,79.0,Female,16.0,8.5,8.0,8.0,,61037.59877,2.0,123.0
91803.0,37.0,Female,4.0,9.0,2.0,2.0,,115345.213583,1.0,122.0
91804.0,45.0,Female,5.0,9.0,2.0,3.0,,62539.671622,1.0,127.0
91806.0,66.0,Female,4.0,8.5,2.0,2.0,,37288.02211,1.0,125.0
91807.0,25.0,Female,6.0,9.5,4.0,2.0,,40173.54922,1.0,130.0
91808.0,19.0,Male,13.0,9.5,8.0,5.0,,12555.482203,2.0,129.0
91809.0,23.0,Male,6.0,7.5,2.0,4.0,,28887.866027,2.0,129.0
91810.0,19.0,Female,7.0,6.0,2.0,5.0,,13745.481063,2.0,133.0
91811.0,49.0,Male,9.0,7.0,1.0,8.0,,20538.78698,2.0,131.0
91812.0,16.0,Female,12.0,11.0,4.0,8.0,,16105.915047,1.0,127.0
91813.0,17.0,Male,7.0,7.0,3.0,4.0,,6896.247686,1.0,119.0
91814.0,62.0,Female,3.0,7.5,3.0,5.397605346934028e-79,,9585.755282,1.0,127.0
91815.0,75.0,Male,13.0,6.0,5.0,8.0,,14340.523275,1.0,125.0
91816.0,29.0,Male,3.0,12.0,2.0,1.0,,36871.787703,1.0,125.0
91817.0,59.0,Male,5.0,7.0,5.0,5.397605346934028e-79,,159125.220337,2.0,124.0
91819.0,18.0,Male,9.0,7.0,1.0,8.0,,49630.853233,1.0,130.0
91820.0,80.0,Male,3.0,8.0,1.0,2.0,,53938.99098,1.0,129.0
91821.0,47.0,Female,9.0,6.0,1.0,8.0,,15422.065903,1.0,133.0
91823.0,17.0,Male,5.0,9.0,3.0,2.0,,15626.90167,2.0,128.0
91824.0,60.0,Female,5.0,7.5,1.0,4.0,,6150.352756,1.0,124.0
91825.0,60.0,Male,4.0,8.5,2.0,2.0,,10851.724396,2.0,119.0
91826.0,42.0,Female,6.0,7.0,3.0,3.0,,18645.937822,1.0,125.0
91827.0,17.0,Female,7.0,8.0,3.0,4.0,,5.397605346934028e-79,2.0,130.0
91828.0,19.0,Male,4.0,9.0,2.0,2.0,,12863.70937,2.0,131.0
91829.0,49.0,Female,13.0,8.0,5.0,8.0,,27830.228027,2.0,119.0
91830.0,44.0,Male,2.0,7.5,1.0,1.0,,54555.52034,1.0,129.0
91832.0,30.0,Male,8.0,8.0,3.0,5.0,,34110.078254,1.0,132.0
91833.0,27.0,Female,5.0,6.0,3.0,2.0,,27436.63859,2.0,133.0
91834.0,39.0,Female,2.0,5.5,2.0,5.397605346934028e-79,,21458.625046,1.0,123.0
91835.0,23.0,Female,2.0,10.0,1.0,1.0,,34962.296781,2.0,123.0
91837.0,72.0,Male,1.0795210693868056e-78,7.5,5.397605346934028e-79,5.397605346934028e-79,,80579.869412,1.0,131.0
91838.0,47.0,Female,1.0,8.0,5.397605346934028e-79,1.0,,135515.48211,2.0,121.0
91839.0,35.0,Female,6.0,8.5,3.0,3.0,,32244.609879,1.0,132.0
91840.0,16.0,Female,6.0,10.0,3.0,3.0,,108608.195374,1.0,126.0
91841.0,64.0,Male,9.0,9.5,1.0,8.0,,11413.219059,1.0,126.0
91842.0,49.0,Female,2.0,6.5,2.0,5.397605346934028e-79,,19200.519661,1.0,120.0
91843.0,38.0,Male,6.0,9.0,1.0,5.0,,30182.679143,2.0,120.0
91844.0,26.0,Female,10.0,7.5,2.0,8.0,,5.397605346934028e-79,1.0,133.0
91846.0,56.0,Female,4.0,7.5,2.0,2.0,,24723.4969,1.0,125.0
91849.0,41.0,Male,10.0,7.0,5.0,5.0,,17830.145083,2.0,132.0
91850.0,64.0,Female,9.0,8.0,5.0,4.0,,149829.173886,2.0,130.0
91852.0,24.0,Female,5.0,10.0,5.0,5.397605346934028e-79,,15798.205243,1.0,123.0
91853.0,63.0,Female,10.0,9.5,2.0,8.0,,10732.606587,1.0,128.0
91856.0,58.0,Female,10.0,7.0,5.0,5.0,,51396.874619,2.0,132.0
91858.0,33.0,Male,4.0,8.0,3.0,1.0,,27745.104018,1.0,128.0
91859.0,55.0,Male,5.0,7.5,3.0,2.0,,24852.336688,2.0,130.0
91861.0,46.0,Male,9.0,8.0,1.0,8.0,,18627.56835,2.0,120.0
91862.0,18.0,Female,4.0,7.5,4.0,5.397605346934028e-79,,15390.616466,1.0,123.0
91865.0,58.0,Female,1.0795210693868056e-78,8.5,5.397605346934028e-79,5.397605346934028e-79,,102078.634508,1.0,131.0
91867.0,20.0,Male,4.0,8.0,3.0,1.0,,69987.643416,2.0,132.0
91868.0,57.0,Male,5.0,7.5,4.0,1.0,,31812.363148,2.0,127.0
91869.0,25.0,Female,5.0,6.5,5.397605346934028e-79,5.0,,32249.49672,2.0,129.0
91871.0,71.0,Male,13.0,5.0,5.0,8.0,,14964.024287,2.0,126.0
91873.0,16.0,Male,6.0,7.0,4.0,2.0,,16648.922975,2.0,129.0
91875.0,69.0,Female,2.0,8.0,1.0,1.0,,132698.283019,2.0,119.0
91876.0,33.0,Female,2.0,6.5,2.0,5.397605346934028e-79,,23392.325695,2.0,128.0
91880.0,55.0,Female,2.0,8.0,1.0,1.0,,29105.885678,1.0,129.0
91884.0,72.0,Female,2.0,8.0,2.0,5.397605346934028e-79,,72434.232072,2.0,129.0
91886.0,66.0,Male,10.0,8.0,5.0,5.0,,13689.736224,2.0,130.0
91887.0,28.0,Female,16.0,9.0,8.0,8.0,,17746.046183,2.0,133.0
91888.0,45.0,Female,2.0,8.5,2.0,5.397605346934028e-79,,138821.803515,1.0,129.0
91889.0,66.0,Male,10.0,8.0,2.0,8.0,,8113.690331,1.0,124.0
91890.0,60.0,Male,3.0,,1.0,2.0,,103506.524342,2.0,131.0
91893.0,33.0,Female,3.0,7.5,3.0,5.397605346934028e-79,,41478.580715,2.0,126.0
91894.0,25.0,Male,4.0,8.0,2.0,2.0,,19271.986298,2.0,128.0
91897.0,57.0,Female,8.0,4.0,5.0,3.0,,20037.071329,2.0,132.0
91898.0,61.0,Male,6.0,8.0,2.0,4.0,,12381.014112,1.0,119.0
91899.0,48.0,Female,2.0,8.0,2.0,5.397605346934028e-79,,16888.303839,1.0,131.0
91900.0,46.0,Female,2.0,8.5,2.0,5.397605346934028e-79,,44081.182117,2.0,127.0
91901.0,16.0,Male,1.0,7.5,1.0,5.397605346934028e-79,,66584.083449,2.0,122.0
91903.0,50.0,Female,7.0,5.0,5.0,2.0,,20897.576476,1.0,119.0
91904.0,17.0,Female,6.0,6.0,5.0,1.0,,15153.941242,2.0,125.0
91906.0,29.0,Male,2.0,8.0,5.397605346934028e-79,2.0,,18355.533462,2.0,130.0
91907.0,54.0,Male,2.0,8.0,2.0,5.397605346934028e-79,,177370.27457,1.0,126.0
91908.0,16.0,Male,10.0,5.5,2.0,8.0,,39119.363598,1.0,130.0
91911.0,51.0,Female,4.0,7.5,2.0,2.0,,26022.837286,2.0,131.0
91912.0,41.0,Male,5.0,8.0,3.0,2.0,,30837.082286,1.0,127.0
91915.0,67.0,Male,10.0,9.5,2.0,8.0,,15275.174945,1.0,129.0
91916.0,35.0,Female,9.0,7.0,1.0,8.0,,107441.152974,1.0,122.0
91919.0,43.0,Male,3.0,7.5,2.0,1.0,,41582.119105,2.0,128.0
91921.0,45.0,Female,2.0,8.0,1.0,1.0,,14957.748116,2.0,132.0
91922.0,39.0,Female,4.0,5.5,4.0,5.397605346934028e-79,,16399.847494,1.0,123.0
91924.0,58.0,Male,3.0,7.5,1.0,2.0,,163506.163118,2.0,121.0
91927.0,24.0,Female,8.0,7.5,8.0,5.397605346934028e-79,,81320.058136,1.0,130.0
91928.0,38.0,Female,3.0,8.0,3.0,5.397605346934028e-79,,23926.565286,1.0,132.0
91930.0,34.0,Male,8.0,8.0,4.0,4.0,,20004.910976,1.0,124.0
91931.0,55.0,Male,4.0,8.0,3.0,1.0,,23781.88186,2.0,125.0
91932.0,51.0,Female,4.0,5.5,4.0,5.397605346934028e-79,,20897.576476,1.0,125.0
91935.0,80.0,Male,6.0,7.5,5.0,1.0,,23012.987011,1.0,126.0
91938.0,32.0,Female,10.0,11.0,2.0,8.0,60.0,25509.061817,1.0,127.0
91940.0,80.0,Female,11.0,8.0,3.0,8.0,,5.397605346934028e-79,1.0,133.0
91944.0,31.0,Male,2.0,10.0,5.397605346934028e-79,2.0,,137236.245382,2.0,121.0
91945.0,39.0,Female,2.0,7.0,1.0,1.0,,31440.907964,1.0,123.0
91947.0,29.0,Male,7.0,7.0,2.0,5.0,,27282.984581,2.0,129.0
91949.0,80.0,Male,13.0,8.5,5.0,8.0,,14775.084586,1.0,125.0
91950.0,61.0,Male,10.0,7.0,5.0,5.0,,162654.741873,1.0,126.0
91952.0,42.0,Male,3.0,6.0,2.0,1.0,,30309.720654,1.0,124.0
91954.0,80.0,Female,13.0,7.0,5.0,8.0,,56974.243449,2.0,127.0
91956.0,61.0,Male,13.0,7.0,5.0,8.0,30.0,17337.242169,1.0,126.0
91957.0,23.0,Female,3.0,6.5,3.0,5.397605346934028e-79,,30509.946392,2.0,119.0
91960.0,67.0,Female,9.0,10.5,1.0,8.0,,9029.291579,2.0,127.0
91962.0,63.0,Male,13.0,9.0,5.0,8.0,,10089.563859,1.0,127.0
91965.0,38.0,Male,3.0,4.0,1.0,2.0,,37441.185912,2.0,123.0
91966.0,40.0,Male,10.0,9.0,2.0,8.0,,26869.706168,2.0,125.0
91967.0,50.0,Female,6.0,6.0,5.0,1.0,,32226.91204,2.0,127.0
91968.0,27.0,Male,12.0,5.5,4.0,8.0,,39017.960483,1.0,120.0
91970.0,59.0,Male,2.0,8.0,5.397605346934028e-79,2.0,,15797.375177,2.0,129.0
91972.0,70.0,Male,6.0,7.0,5.0,1.0,,10149.169036,1.0,128.0
91974.0,40.0,Male,2.0,6.5,2.0,5.397605346934028e-79,,25069.282531,2.0,130.0
91975.0,18.0,Male,10.0,8.0,5.0,5.0,,17139.161695,1.0,120.0
91976.0,40.0,Male,9.0,8.5,1.0,8.0,,41666.45857,2.0,126.0
91978.0,22.0,Male,9.0,8.5,8.0,1.0,,20001.604294,2.0,122.0
91979.0,18.0,Female,4.0,8.0,1.0,3.0,,73894.226842,2.0,125.0
91983.0,38.0,Female,5.0,7.5,2.0,3.0,,97602.13066,2.0,121.0
91984.0,49.0,Female,1.0,7.0,1.0,5.397605346934028e-79,,54919.980045,2.0,127.0
91985.0,25.0,Male,3.0,7.0,2.0,1.0,,39636.299164,1.0,120.0
91991.0,76.0,Male,13.0,9.5,5.0,8.0,,10916.330309,1.0,121.0
91992.0,66.0,Female,4.0,7.5,4.0,5.397605346934028e-79,,148835.559652,2.0,120.0
91993.0,39.0,Female,12.0,6.5,4.0,8.0,,35448.37272,1.0,121.0
91994.0,30.0,Male,6.0,7.5,1.0,5.0,,30188.559216,1.0,122.0
91995.0,54.0,Female,2.0,8.0,2.0,5.397605346934028e-79,,75544.265026,2.0,126.0
91997.0,35.0,Female,3.0,7.5,2.0,1.0,60.0,19755.294532,2.0,121.0
91999.0,33.0,Female,1.0,7.5,5.397605346934028e-79,1.0,,86078.099434,1.0,133.0
92000.0,34.0,Male,8.0,6.5,8.0,5.397605346934028e-79,,33478.219715,1.0,120.0
92001.0,65.0,Female,6.0,9.0,5.0,1.0,,18672.628976,2.0,119.0
92002.0,59.0,Male,1.0,6.5,1.0,5.397605346934028e-79,,25029.036195,1.0,121.0
92003.0,31.0,Male,2.0,7.5,1.0,1.0,,127870.613211,2.0,129.0
92004.0,19.0,Male,2.0,9.0,1.0,1.0,,16047.359835,1.0,126.0
92005.0,33.0,Male,2.0,7.0,5.397605346934028e-79,2.0,,38043.228218,2.0,120.0
92007.0,37.0,Male,4.0,9.0,2.0,2.0,,23529.152164,2.0,122.0
92008.0,16.0,Male,5.0,6.0,5.397605346934028e-79,5.0,,8003.457253,1.0,129.0
92010.0,18.0,Female,8.0,11.0,5.397605346934028e-79,8.0,,16392.789912,1.0,133.0
92014.0,26.0,Female,10.0,9.0,2.0,8.0,,23132.349141,1.0,120.0
92017.0,73.0,Male,5.0,9.0,2.0,3.0,,98212.169806,1.0,133.0
92019.0,66.0,Male,13.0,7.5,5.0,8.0,,129261.597069,1.0,130.0
92020.0,51.0,Female,11.0,8.0,3.0,8.0,,29292.836479,2.0,127.0
92021.0,75.0,Female,2.0,9.0,5.397605346934028e-79,2.0,,20648.695575,2.0,130.0
92024.0,70.0,Male,1.0,8.5,1.0,5.397605346934028e-79,60.0,11622.173135,1.0,122.0
92025.0,22.0,Male,3.0,9.0,5.397605346934028e-79,3.0,,30891.477127,1.0,133.0
92026.0,42.0,Female,3.0,7.5,2.0,1.0,,19711.170231,1.0,121.0
92027.0,65.0,Female,13.0,6.0,5.0,8.0,,15979.171528,1.0,123.0
92030.0,78.0,Female,10.0,8.5,2.0,8.0,,12031.187546,2.0,128.0
92037.0,26.0,Female,2.0,9.5,2.0,5.397605346934028e-79,,25901.949501,2.0,129.0
92038.0,39.0,Male,8.0,7.5,5.0,3.0,,122232.157891,1.0,122.0
92041.0,29.0,Male,6.0,9.0,2.0,4.0,,54383.103937,2.0,131.0
92042.0,16.0,Male,4.0,7.0,1.0,3.0,,53904.176918,1.0,131.0
92043.0,19.0,Female,1.0795210693868056e-78,8.0,5.397605346934028e-79,5.397605346934028e-79,,23022.326092,2.0,120.0
92044.0,21.0,Male,9.0,5.0,4.0,5.0,,21261.074139,2.0,120.0
92045.0,40.0,Male,1.0,8.0,1.0,5.397605346934028e-79,,171270.993444,1.0,126.0
92048.0,75.0,Male,13.0,9.0,5.0,8.0,,10914.794235,2.0,133.0
92049.0,56.0,Female,2.0,8.0,2.0,5.397605346934028e-79,,25576.065793,2.0,130.0
92050.0,61.0,Female,10.0,10.0,2.0,8.0,,8843.832637,2.0,125.0
92051.0,36.0,Female,2.0,6.5,1.0,1.0,,16975.548441,2.0,133.0
92052.0,61.0,Male,11.0,4.0,8.0,3.0,,6857.420201,1.0,124.0
92054.0,50.0,Male,9.0,7.5,1.0,8.0,,5.397605346934028e-79,1.0,127.0
92055.0,66.0,Female,11.0,10.0,3.0,8.0,,8009.369658,1.0,125.0
92058.0,65.0,Male,4.0,7.5,5.397605346934028e-79,4.0,,16070.559915,2.0,130.0
92059.0,72.0,Female,5.0,8.5,3.0,2.0,,88441.093149,1.0,130.0
92060.0,65.0,Male,13.0,,5.0,8.0,60.0,15341.493418,1.0,119.0
92062.0,40.0,Female,3.0,6.5,2.0,1.0,,35090.347454,2.0,127.0
92065.0,47.0,Female,12.0,5.0,4.0,8.0,,14203.221273,2.0,119.0
92066.0,80.0,Male,9.0,11.5,1.0,8.0,,9033.441989,1.0,127.0
92068.0,27.0,Male,2.0,8.0,1.0,1.0,,145013.948386,2.0,123.0
92069.0,41.0,Male,5.0,8.0,4.0,1.0,,24073.502379,2.0,130.0
92070.0,64.0,Female,10.0,10.0,2.0,8.0,,30948.425208,2.0,127.0
92071.0,27.0,Male,7.0,7.0,2.0,5.0,,5.397605346934028e-79,1.0,122.0
92072.0,19.0,Male,4.0,8.0,2.0,2.0,,19090.227948,2.0,130.0
92074.0,40.0,Male,3.0,6.5,5.397605346934028e-79,3.0,,184666.318564,1.0,132.0
92076.0,59.0,Male,5.0,6.0,2.0,3.0,,28589.968224,2.0,131.0
92078.0,17.0,Female,7.0,8.0,4.0,3.0,,16823.402748,2.0,132.0
92081.0,49.0,Female,8.0,10.5,5.397605346934028e-79,8.0,,19411.816721,1.0,124.0
92083.0,23.0,Female,4.0,8.5,3.0,1.0,,32733.985798,1.0,129.0
92084.0,35.0,Male,8.0,10.0,4.0,4.0,,29454.583247,1.0,131.0
92085.0,56.0,Female,10.0,7.5,5.0,5.0,,134366.201344,1.0,130.0
92088.0,61.0,Male,7.0,8.0,5.0,2.0,,230296.60414,2.0,127.0
92089.0,61.0,Female,10.0,9.0,5.0,5.0,,51601.089212,1.0,126.0
92090.0,80.0,Male,6.0,7.0,3.0,3.0,,45664.362922,2.0,124.0
92092.0,32.0,Female,13.0,9.0,5.0,8.0,,19334.147089,2.0,121.0
92094.0,63.0,Male,3.0,6.0,2.0,1.0,,9396.053944,1.0,123.0
92097.0,80.0,Female,7.0,8.0,5.0,2.0,,51861.980823,1.0,125.0
92098.0,63.0,Male,12.0,7.0,4.0,8.0,,8488.402922,1.0,120.0
92099.0,22.0,Male,4.0,6.0,2.0,2.0,,30891.477127,1.0,133.0
92101.0,69.0,Male,13.0,8.0,5.0,8.0,,8403.464986,1.0,127.0
92103.0,72.0,Male,10.0,8.0,5.0,5.0,,15856.388294,1.0,125.0
92104.0,20.0,Male,3.0,9.5,2.0,1.0,,126834.157105,2.0,124.0
92105.0,74.0,Male,6.0,7.5,5.0,1.0,,11231.378118,2.0,133.0
92106.0,56.0,Male,9.0,5.0,1.0,8.0,,24362.935752,2.0,129.0
92107.0,38.0,Female,3.0,7.0,1.0,2.0,,28274.796201,2.0,120.0
92109.0,50.0,Male,10.0,6.5,5.0,5.0,,33791.665542,2.0,123.0
92110.0,80.0,Female,12.0,8.5,4.0,8.0,,30409.117924,1.0,131.0
92111.0,60.0,Female,10.0,8.0,2.0,8.0,,9303.521939,1.0,128.0
92112.0,41.0,Male,7.0,8.0,2.0,5.0,,145874.743258,1.0,132.0
92114.0,30.0,Male,5.0,5.0,2.0,3.0,,25706.81416,1.0,128.0
92116.0,63.0,Female,4.0,7.0,2.0,2.0,,61204.961783,2.0,123.0
92119.0,58.0,Female,4.0,8.0,2.0,2.0,,92896.914387,2.0,125.0
92121.0,57.0,Male,7.0,6.0,5.0,2.0,,17596.419988,2.0,128.0
92122.0,23.0,Male,5.0,7.5,4.0,1.0,,148990.026453,2.0,129.0
92123.0,18.0,Male,4.0,8.5,1.0,3.0,,24822.719741,2.0,122.0
92124.0,42.0,Female,1.0795210693868056e-78,6.0,5.397605346934028e-79,5.397605346934028e-79,,20482.059396,2.0,131.0
92126.0,63.0,Female,5.0,12.0,5.0,5.397605346934028e-79,,20576.082483,2.0,131.0
92129.0,26.0,Female,2.0,7.5,1.0,1.0,,54438.609513,1.0,131.0
92130.0,56.0,Male,6.0,8.5,2.0,4.0,,25969.236261,2.0,133.0
92131.0,61.0,Female,5.0,8.5,3.0,2.0,,9784.592709,2.0,133.0
92132.0,18.0,Male,5.0,10.0,3.0,2.0,,11838.876061,2.0,130.0
92133.0,31.0,Male,4.0,13.0,1.0,3.0,,30784.344067,1.0,124.0
92134.0,29.0,Male,4.0,7.0,2.0,2.0,,40656.393214,1.0,122.0
92135.0,61.0,Male,11.0,7.0,3.0,8.0,,9630.94732,1.0,127.0
92136.0,72.0,Female,6.0,9.0,5.0,1.0,,11793.339666,1.0,120.0
92138.0,80.0,Male,11.0,10.0,3.0,8.0,,36694.573655,2.0,131.0
92139.0,73.0,Male,2.0,8.5,2.0,5.397605346934028e-79,,54105.881387,1.0,131.0
92140.0,48.0,Female,3.0,9.5,3.0,5.397605346934028e-79,,37018.969232,2.0,131.0
92141.0,60.0,Male,4.0,7.5,2.0,2.0,,9523.857009,1.0,119.0
92143.0,67.0,Female,9.0,8.5,1.0,8.0,60.0,8075.617835,1.0,127.0
92146.0,69.0,Male,11.0,7.5,3.0,8.0,,10097.414448,1.0,128.0
92149.0,33.0,Male,13.0,10.5,5.0,8.0,,40941.945434,1.0,127.0
92150.0,32.0,Male,16.0,8.0,8.0,8.0,,32112.213036,2.0,123.0
92151.0,64.0,Male,13.0,7.5,5.0,8.0,,43796.582292,2.0,123.0
92152.0,17.0,Female,8.0,11.0,8.0,5.397605346934028e-79,,17179.735808,2.0,131.0
92155.0,24.0,Female,10.0,10.0,2.0,8.0,,39587.129487,1.0,124.0
92156.0,50.0,Male,4.0,7.5,3.0,1.0,,19071.689762,2.0,133.0
92157.0,51.0,Male,7.0,7.0,5.0,2.0,,30643.409549,1.0,125.0
92158.0,57.0,Male,12.0,6.0,4.0,8.0,,25387.360189,2.0,126.0
92159.0,18.0,Female,3.0,7.0,2.0,1.0,,20882.066532,2.0,129.0
92160.0,59.0,Female,4.0,7.5,2.0,2.0,,97236.233325,1.0,125.0
92166.0,34.0,Male,6.0,7.0,1.0,5.0,,26481.907563,1.0,120.0
92167.0,55.0,Male,13.0,5.0,5.0,8.0,,35550.787642,2.0,130.0
92168.0,69.0,Male,3.0,7.0,1.0,2.0,,157873.87408,1.0,126.0
92170.0,64.0,Male,5.0,8.0,5.0,5.397605346934028e-79,,157760.584232,2.0,125.0
92174.0,29.0,Male,10.0,10.0,5.0,5.0,,54012.669442,2.0,127.0
92176.0,16.0,Male,12.0,8.0,4.0,8.0,,19567.409263,2.0,129.0
92177.0,80.0,Male,9.0,,1.0,8.0,,5.397605346934028e-79,2.0,133.0
92179.0,37.0,Female,2.0,6.5,1.0,1.0,60.0,25175.367898,2.0,122.0
92181.0,16.0,Male,13.0,11.0,5.0,8.0,,21376.556137,1.0,128.0
92184.0,40.0,Female,10.0,8.0,2.0,8.0,,16334.50313,1.0,120.0
92185.0,63.0,Male,11.0,9.0,3.0,8.0,60.0,8506.670347,1.0,128.0
92186.0,48.0,Female,3.0,6.5,2.0,1.0,,117608.971956,1.0,130.0
92188.0,77.0,Male,5.0,6.0,5.397605346934028e-79,5.0,,20281.319287,1.0,122.0
92190.0,27.0,Female,13.0,7.0,8.0,5.0,,21920.105542,2.0,125.0
92192.0,71.0,Male,7.0,6.0,2.0,5.0,,5.397605346934028e-79,1.0,126.0
92194.0,47.0,Female,4.0,8.0,3.0,1.0,,21128.75884,2.0,123.0
92198.0,47.0,Female,3.0,6.5,2.0,1.0,,37552.297073,1.0,129.0
92199.0,47.0,Male,2.0,6.0,1.0,1.0,,44734.788405,2.0,123.0
92200.0,25.0,Male,10.0,9.0,2.0,8.0,,49005.565618,1.0,132.0
92202.0,65.0,Female,13.0,6.0,5.0,8.0,,20752.814844,2.0,132.0
92203.0,40.0,Female,2.0,8.0,5.397605346934028e-79,2.0,,22395.476466,2.0,130.0
92204.0,71.0,Female,7.0,9.5,5.0,2.0,,67671.320711,2.0,121.0
92206.0,20.0,Female,11.0,5.0,3.0,8.0,,35378.764695,2.0,127.0
92207.0,16.0,Female,10.0,6.0,2.0,8.0,,17173.948628,1.0,121.0
92210.0,30.0,Female,13.0,7.5,8.0,5.0,,23960.170042,2.0,130.0
92212.0,33.0,Female,5.0,7.0,1.0,4.0,,31799.475016,2.0,120.0
92216.0,31.0,Female,10.0,10.0,5.0,5.0,,29363.431084,1.0,124.0
92217.0,64.0,Female,11.0,7.0,3.0,8.0,,25656.837145,2.0,122.0
92218.0,64.0,Male,8.0,8.5,5.397605346934028e-79,8.0,,11681.80591,1.0,128.0
92219.0,63.0,Male,4.0,7.5,3.0,1.0,,7703.064656,1.0,124.0
92220.0,39.0,Female,8.0,10.0,8.0,5.397605346934028e-79,,20328.440748,2.0,128.0
92221.0,80.0,Female,13.0,13.0,5.0,8.0,,10801.545573,1.0,124.0
92225.0,42.0,Female,2.0,8.5,2.0,5.397605346934028e-79,,20903.461014,1.0,131.0
92226.0,26.0,Female,2.0,8.0,1.0,1.0,,82442.222639,2.0,121.0
92228.0,16.0,Male,12.0,9.0,8.0,4.0,,14357.112766,1.0,121.0
92229.0,75.0,Female,13.0,6.0,5.0,8.0,,21713.195685,2.0,132.0
92233.0,49.0,Female,10.0,8.5,2.0,8.0,,25467.288984,2.0,125.0
92234.0,29.0,Male,4.0,6.0,2.0,2.0,,20771.486515,1.0,126.0
92235.0,80.0,Female,11.0,9.0,3.0,8.0,,26609.540814,2.0,130.0
92236.0,80.0,Female,13.0,10.0,5.0,8.0,,5.397605346934028e-79,1.0,131.0
92238.0,80.0,Female,13.0,5.0,5.0,8.0,,13890.763145,2.0,122.0
92239.0,22.0,Female,1.0795210693868056e-78,8.0,5.397605346934028e-79,5.397605346934028e-79,,93511.137964,2.0,120.0
92240.0,77.0,Male,5.0,6.0,5.0,5.397605346934028e-79,,12092.152709,1.0,131.0
92242.0,80.0,Female,5.0,7.5,5.0,5.397605346934028e-79,,68795.161003,1.0,120.0
92243.0,62.0,Male,2.0,9.5,2.0,5.397605346934028e-79,,8466.459476,1.0,127.0
92245.0,19.0,Male,2.0,10.0,2.0,5.397605346934028e-79,,13566.18221,2.0,122.0
92247.0,57.0,Female,3.0,9.0,2.0,1.0,,178583.155048,2.0,124.0
92250.0,16.0,Female,1.0795210693868056e-78,7.0,5.397605346934028e-79,5.397605346934028e-79,,13372.798054,1.0,132.0
92251.0,57.0,Male,11.0,6.0,3.0,8.0,,29358.906959,1.0,130.0
92252.0,63.0,Female,3.0,4.0,3.0,5.397605346934028e-79,,16108.998091,2.0,126.0
92253.0,64.0,Female,8.0,9.0,5.397605346934028e-79,8.0,,25656.837145,2.0,122.0
92254.0,45.0,Male,8.0,7.5,5.397605346934028e-79,8.0,,18856.811086,2.0,129.0
92255.0,62.0,Male,5.0,6.0,3.0,2.0,,11610.287034,2.0,132.0
92256.0,53.0,Male,2.0,9.0,1.0,1.0,,99287.934073,1.0,131.0
92257.0,80.0,Male,10.0,8.0,2.0,8.0,,6118.825646,2.0,119.0
92258.0,19.0,Female,4.0,9.0,3.0,1.0,,24142.633255,2.0,125.0
92259.0,80.0,Male,9.0,4.0,1.0,8.0,,20072.654106,2.0,132.0
92260.0,50.0,Female,4.0,9.0,4.0,5.397605346934028e-79,,20133.79175,1.0,127.0
92262.0,80.0,Female,12.0,7.0,4.0,8.0,,11310.80717,1.0,127.0
92263.0,29.0,Male,1.0,7.0,5.397605346934028e-79,1.0,,10368.545881,1.0,119.0
92264.0,16.0,Female,11.0,10.0,3.0,8.0,,22894.509501,2.0,127.0
92269.0,80.0,Female,10.0,7.5,2.0,8.0,,18606.703481,2.0,132.0
92271.0,63.0,Male,3.0,10.0,2.0,1.0,,32063.422249,2.0,125.0
92274.0,50.0,Male,4.0,6.0,2.0,2.0,,164086.275438,1.0,120.0
92275.0,42.0,Male,4.0,7.0,1.0,3.0,,55276.780045,2.0,125.0
92276.0,68.0,Female,9.0,4.5,1.0,8.0,,8073.657438,1.0,124.0
92277.0,45.0,Female,3.0,9.5,2.0,1.0,,44885.548667,2.0,120.0
92281.0,38.0,Male,6.0,9.0,4.0,2.0,,39236.245193,2.0,130.0
92283.0,68.0,Male,13.0,7.0,5.0,8.0,,40645.858235,1.0,121.0
92286.0,65.0,Male,1.0795210693868056e-78,11.0,5.397605346934028e-79,5.397605346934028e-79,60.0,9267.012544,1.0,120.0
92287.0,24.0,Female,10.0,6.0,2.0,8.0,,24632.163101,2.0,119.0
92289.0,34.0,Male,8.0,9.5,5.397605346934028e-79,8.0,,23635.832001,2.0,129.0
92291.0,27.0,Male,10.0,6.5,2.0,8.0,,39285.715144,1.0,125.0
92292.0,16.0,Male,11.0,8.0,8.0,3.0,,15850.930533,2.0,131.0
92294.0,35.0,Male,7.0,5.0,5.0,2.0,,35466.621499,1.0,121.0
92295.0,68.0,Male,13.0,7.0,5.0,8.0,,9602.267477,1.0,123.0
92296.0,18.0,Male,4.0,8.5,1.0,3.0,,10575.786537,1.0,123.0
92297.0,44.0,Female,2.0,7.0,2.0,5.397605346934028e-79,,29332.587554,1.0,128.0
92298.0,57.0,Female,1.0,6.5,1.0,5.397605346934028e-79,,21538.316066,1.0,123.0
92299.0,55.0,Female,9.0,8.0,1.0,8.0,,17101.859611,1.0,124.0
92300.0,24.0,Female,8.0,11.0,3.0,5.0,,42258.138412,2.0,122.0
92302.0,33.0,Female,1.0,7.5,1.0,5.397605346934028e-79,,22580.582016,1.0,131.0
92307.0,35.0,Female,2.0,7.5,5.397605346934028e-79,2.0,,60029.055757,2.0,125.0
92309.0,62.0,Male,11.0,8.0,3.0,8.0,,8100.080491,1.0,128.0
92312.0,59.0,Male,10.0,8.5,2.0,8.0,,26085.748837,1.0,121.0
92314.0,16.0,Female,9.0,8.5,4.0,5.0,,10971.187465,2.0,122.0
92315.0,30.0,Male,5.0,7.0,1.0,4.0,,5.397605346934028e-79,1.0,128.0
92316.0,54.0,Male,5.0,8.0,2.0,3.0,,37859.292597,2.0,133.0
92319.0,40.0,Female,16.0,5.0,8.0,8.0,,15828.650657,2.0,124.0
92320.0,29.0,Female,6.0,11.0,4.0,2.0,,70089.858556,1.0,127.0
92323.0,80.0,Male,6.0,6.0,5.0,1.0,,29897.162834,1.0,131.0
92325.0,19.0,Male,7.0,8.0,4.0,3.0,,53034.754709,1.0,131.0
92326.0,29.0,Female,4.0,11.0,1.0,3.0,,18092.597505,2.0,125.0
92331.0,57.0,Male,3.0,9.0,3.0,5.397605346934028e-79,,20590.587332,1.0,121.0
92332.0,27.0,Female,2.0,8.0,2.0,5.397605346934028e-79,,25266.107406,2.0,128.0
92333.0,40.0,Male,11.0,7.0,3.0,8.0,,24682.329453,1.0,132.0
92334.0,38.0,Male,2.0,9.0,1.0,1.0,,5.397605346934028e-79,2.0,133.0
92335.0,80.0,Female,5.0,8.5,5.0,5.397605346934028e-79,,38819.822341,1.0,130.0
92336.0,39.0,Female,3.0,6.0,1.0,2.0,,5.397605346934028e-79,1.0,125.0
92337.0,55.0,Female,7.0,9.5,3.0,4.0,,150068.219756,2.0,125.0
92338.0,27.0,Female,10.0,9.0,5.0,5.0,,21342.233101,1.0,133.0
92340.0,64.0,Male,4.0,7.0,3.0,1.0,,11602.381343,2.0,129.0
92343.0,16.0,Female,13.0,6.5,8.0,5.0,,12013.035775,1.0,125.0
92345.0,23.0,Male,10.0,7.0,2.0,8.0,,56176.481004,2.0,126.0
92346.0,43.0,Female,3.0,9.0,5.397605346934028e-79,3.0,,35799.223124,2.0,125.0
92347.0,46.0,Male,2.0,8.0,1.0,1.0,,24308.214476,2.0,131.0
92348.0,26.0,Male,6.0,8.0,1.0,5.0,,18911.559406,1.0,133.0
92349.0,41.0,Female,16.0,5.0,8.0,8.0,,109113.598655,2.0,123.0
92351.0,69.0,Female,5.0,9.0,4.0,1.0,,129808.527592,1.0,123.0
92352.0,19.0,Female,9.0,6.5,1.0,8.0,,5.397605346934028e-79,2.0,120.0
92353.0,47.0,Female,5.0,8.5,5.397605346934028e-79,5.0,,96115.576315,1.0,119.0
92354.0,18.0,Female,10.0,7.5,2.0,8.0,,5.397605346934028e-79,1.0,131.0
92356.0,54.0,Male,9.0,7.0,1.0,8.0,,26124.989016,2.0,123.0
92357.0,80.0,Male,16.0,8.0,8.0,8.0,,13280.27148,2.0,126.0
92358.0,21.0,Female,9.0,8.0,1.0,8.0,,92567.026455,2.0,123.0
92359.0,66.0,Female,5.0,6.0,3.0,2.0,,97539.093125,1.0,131.0
92361.0,29.0,Female,5.0,9.0,5.397605346934028e-79,5.0,,24885.641752,1.0,125.0
92362.0,25.0,Male,13.0,6.0,8.0,5.0,,68705.051371,2.0,121.0
92363.0,27.0,Female,11.0,10.5,3.0,8.0,,31765.739971,2.0,131.0
92365.0,36.0,Male,10.0,7.5,2.0,8.0,,37196.971368,2.0,129.0
92366.0,49.0,Male,6.0,7.0,4.0,2.0,,135212.807801,1.0,126.0
92368.0,54.0,Female,10.0,6.5,2.0,8.0,,15148.581739,1.0,128.0
92369.0,26.0,Male,10.0,8.0,5.0,5.0,,33209.521357,1.0,124.0
92370.0,80.0,Male,10.0,10.5,2.0,8.0,,23177.22218,1.0,122.0
92371.0,30.0,Male,2.0,8.0,2.0,5.397605346934028e-79,,114897.029875,2.0,123.0
92373.0,80.0,Male,6.0,8.5,3.0,3.0,,12806.267974,1.0,131.0
92374.0,28.0,Male,9.0,7.5,1.0,8.0,,31785.617543,1.0,125.0
92376.0,58.0,Female,7.0,6.0,5.0,2.0,,19700.156911,1.0,130.0
92377.0,45.0,Male,8.0,8.5,5.397605346934028e-79,8.0,,24609.690858,1.0,120.0
92380.0,24.0,Male,3.0,9.0,2.0,1.0,,39941.364871,2.0,129.0
92381.0,34.0,Male,4.0,8.0,3.0,1.0,,28924.260987,1.0,128.0
92386.0,57.0,Female,2.0,8.0,1.0,1.0,,32949.636174,2.0,130.0
92389.0,63.0,Female,10.0,8.0,2.0,8.0,,14902.468039,1.0,119.0
92390.0,47.0,Male,13.0,8.0,5.0,8.0,,17604.674554,2.0,130.0
92393.0,42.0,Male,6.0,5.5,3.0,3.0,,21642.167874,2.0,126.0
92394.0,59.0,Female,7.0,7.5,4.0,3.0,,39306.088793,1.0,122.0
92395.0,80.0,Female,13.0,7.0,5.0,8.0,,12678.079377,2.0,119.0
92397.0,32.0,Female,10.0,9.0,2.0,8.0,,25128.205392,1.0,121.0
92400.0,23.0,Male,16.0,10.0,8.0,8.0,,57063.238056,2.0,127.0
92403.0,57.0,Female,1.0795210693868056e-78,7.0,5.397605346934028e-79,5.397605346934028e-79,,174302.651448,2.0,121.0
92404.0,22.0,Male,6.0,8.0,2.0,4.0,,21863.077745,2.0,122.0
92405.0,25.0,Male,1.0,6.5,5.397605346934028e-79,1.0,,26869.925269,2.0,122.0
92407.0,54.0,Female,8.0,7.0,5.397605346934028e-79,8.0,60.0,14550.400584,2.0,122.0
92408.0,24.0,Male,1.0795210693868056e-78,5.0,5.397605346934028e-79,5.397605346934028e-79,,45610.501826,2.0,133.0
92409.0,59.0,Female,9.0,2.0,1.0,8.0,,20385.516668,2.0,133.0
92410.0,55.0,Female,2.0,9.0,2.0,5.397605346934028e-79,,126542.703623,2.0,123.0
92412.0,40.0,Female,10.0,8.0,8.0,2.0,,123823.946995,2.0,119.0
92413.0,45.0,Female,5.0,8.0,5.0,5.397605346934028e-79,,37018.032164,1.0,127.0
92414.0,17.0,Female,4.0,10.0,4.0,5.397605346934028e-79,,19079.272192,2.0,130.0
92415.0,80.0,Male,10.0,10.0,2.0,8.0,,13613.303618,2.0,124.0
92416.0,41.0,Male,12.0,8.0,4.0,8.0,,17817.376946,2.0,129.0
92417.0,37.0,Male,10.0,3.0,5.0,5.0,,25831.425943,1.0,126.0
92418.0,48.0,Male,2.0,8.0,1.0,1.0,,9676.37124,1.0,119.0
92419.0,45.0,Female,6.0,7.5,4.0,2.0,,83118.564385,1.0,125.0
92420.0,43.0,Female,1.0795210693868056e-78,8.5,5.397605346934028e-79,5.397605346934028e-79,60.0,20161.448545,2.0,119.0
92421.0,29.0,Female,1.0,8.0,1.0,5.397605346934028e-79,,92771.339547,2.0,123.0
92423.0,37.0,Female,1.0795210693868056e-78,6.0,5.397605346934028e-79,5.397605346934028e-79,,32547.587404,1.0,127.0
92424.0,65.0,Male,8.0,8.0,5.397605346934028e-79,8.0,,9467.38386,2.0,122.0
92426.0,79.0,Male,7.0,5.5,4.0,3.0,,16992.966739,2.0,133.0
92427.0,16.0,Female,5.0,7.0,3.0,2.0,,17487.964953,1.0,132.0
92428.0,33.0,Female,9.0,7.0,1.0,8.0,,26589.317424,1.0,132.0
92429.0,52.0,Female,6.0,9.0,3.0,3.0,,102078.634508,1.0,131.0
92432.0,76.0,Female,5.0,8.0,2.0,3.0,,81745.965666,2.0,125.0
92433.0,18.0,Female,8.0,7.0,5.397605346934028e-79,8.0,,22317.753399,2.0,128.0
92435.0,65.0,Male,4.0,6.5,4.0,5.397605346934028e-79,,9243.677587,1.0,127.0
92436.0,62.0,Female,11.0,8.0,3.0,8.0,,9585.755282,1.0,127.0
92437.0,50.0,Male,3.0,7.5,3.0,5.397605346934028e-79,,130692.799771,1.0,130.0
92438.0,34.0,Female,13.0,7.5,5.0,8.0,,30846.432654,1.0,127.0
92440.0,56.0,Male,12.0,4.0,4.0,8.0,,37146.186123,1.0,125.0
92443.0,32.0,Male,9.0,7.0,1.0,8.0,,31944.926079,1.0,120.0
92446.0,26.0,Male,2.0,8.5,5.397605346934028e-79,2.0,,42597.200426,1.0,121.0
92447.0,22.0,Female,5.0,8.5,4.0,1.0,,5.397605346934028e-79,2.0,122.0
92448.0,65.0,Female,11.0,7.0,3.0,8.0,60.0,8395.865556,2.0,125.0
92450.0,66.0,Male,10.0,8.0,5.0,5.0,,11560.944267,2.0,129.0
92452.0,21.0,Male,11.0,10.5,3.0,8.0,,5.397605346934028e-79,1.0,127.0
92454.0,72.0,Male,5.0,10.0,3.0,2.0,,73395.322331,1.0,125.0
92455.0,49.0,Female,3.0,9.0,3.0,5.397605346934028e-79,,20565.198129,1.0,121.0
92458.0,16.0,Female,,7.0,2.0,,,12855.804481,1.0,120.0
92459.0,58.0,Male,6.0,7.0,4.0,2.0,,178098.520919,1.0,126.0
92462.0,80.0,Male,6.0,6.0,5.0,1.0,,22232.143156,1.0,126.0
92463.0,31.0,Male,11.0,7.0,8.0,3.0,,27020.310702,1.0,126.0
92465.0,72.0,Male,6.0,8.0,4.0,2.0,,15046.340114,2.0,125.0
92466.0,17.0,Male,10.0,8.5,5.0,5.0,,27005.619009,1.0,131.0
92469.0,80.0,Female,11.0,9.5,3.0,8.0,,5.397605346934028e-79,1.0,128.0
92470.0,52.0,Female,2.0,8.0,5.397605346934028e-79,2.0,,5.397605346934028e-79,1.0,121.0
92472.0,59.0,Male,1.0795210693868056e-78,6.5,5.397605346934028e-79,5.397605346934028e-79,,21033.638999,2.0,133.0
92473.0,31.0,Male,2.0,8.0,1.0,1.0,,139274.663243,1.0,130.0
92475.0,49.0,Female,3.0,9.0,2.0,1.0,,133104.514808,2.0,125.0
92476.0,27.0,Male,8.0,8.0,4.0,4.0,,20344.909143,1.0,129.0
92478.0,20.0,Female,3.0,7.5,2.0,1.0,,28458.805867,2.0,123.0
92480.0,46.0,Male,13.0,8.0,5.0,8.0,,25754.043373,2.0,121.0
92482.0,62.0,Female,13.0,6.0,5.0,8.0,,8062.071858,1.0,128.0
92485.0,30.0,Female,1.0,10.0,5.397605346934028e-79,1.0,,31096.474999,1.0,133.0
92486.0,40.0,Male,3.0,8.0,1.0,2.0,,103087.12971,2.0,132.0
92487.0,69.0,Male,9.0,7.0,5.0,4.0,,166030.083024,2.0,122.0
92490.0,16.0,Female,5.0,7.0,3.0,2.0,,80848.886453,2.0,128.0
92491.0,74.0,Male,3.0,7.0,3.0,5.397605346934028e-79,,100860.613873,1.0,132.0
92494.0,80.0,Female,7.0,5.0,3.0,4.0,,40128.96189,1.0,131.0
92495.0,63.0,Male,3.0,6.0,5.397605346934028e-79,3.0,,7587.800866,2.0,120.0
92496.0,19.0,Female,5.0,11.0,5.0,5.397605346934028e-79,,25184.676559,2.0,127.0
92497.0,29.0,Female,9.0,7.0,1.0,8.0,,23567.386917,1.0,120.0
92499.0,79.0,Female,7.0,9.0,4.0,3.0,,70439.5367,2.0,131.0
92500.0,56.0,Female,6.0,8.0,4.0,2.0,,18702.790896,1.0,124.0
92503.0,36.0,Male,8.0,6.0,5.397605346934028e-79,8.0,,32502.107843,2.0,132.0
92504.0,40.0,Male,3.0,6.5,3.0,5.397605346934028e-79,,21511.455903,2.0,126.0
92505.0,48.0,Female,10.0,5.0,2.0,8.0,,18481.43526,1.0,119.0
92506.0,34.0,Female,1.0,7.5,1.0,5.397605346934028e-79,,23411.220472,1.0,120.0
92507.0,80.0,Male,12.0,8.5,4.0,8.0,,40229.505546,2.0,126.0
92508.0,27.0,Male,6.0,7.5,1.0,5.0,,127065.815576,1.0,129.0
92510.0,33.0,Female,12.0,8.0,4.0,8.0,,108359.774442,2.0,132.0
92511.0,33.0,Male,5.0,5.0,1.0,4.0,,22470.990372,2.0,132.0
92512.0,36.0,Male,8.0,7.5,5.397605346934028e-79,8.0,,31435.95351,1.0,129.0
92513.0,65.0,Male,13.0,4.5,5.0,8.0,,11904.821262,1.0,119.0
92515.0,80.0,Male,6.0,10.0,1.0,5.0,,17912.324902,1.0,125.0
92520.0,17.0,Male,3.0,9.0,2.0,1.0,,10766.006454,2.0,120.0
92521.0,29.0,Female,10.0,7.5,5.0,5.0,,21854.948663,1.0,119.0
92522.0,80.0,Female,5.0,10.0,3.0,2.0,,15570.027902,1.0,128.0
92524.0,54.0,Female,3.0,8.0,1.0,2.0,,26912.151785,2.0,122.0
92526.0,22.0,Female,10.0,10.0,5.0,5.0,,29010.756384,1.0,122.0
92527.0,55.0,Female,9.0,6.5,5.0,4.0,,12121.923616,1.0,127.0
92529.0,55.0,Male,13.0,6.5,5.0,8.0,,22336.060742,2.0,130.0
92530.0,70.0,Female,2.0,7.5,1.0,1.0,,105999.044843,2.0,130.0
92531.0,80.0,Male,6.0,8.0,5.0,1.0,,49394.353609,1.0,120.0
92532.0,55.0,Male,9.0,9.0,1.0,8.0,,20361.784986,1.0,122.0
92533.0,52.0,Female,16.0,6.5,8.0,8.0,,12034.175845,1.0,121.0
92535.0,62.0,Male,13.0,6.5,5.0,8.0,,11579.229518,2.0,131.0
92536.0,25.0,Female,3.0,9.0,2.0,1.0,,31859.122926,2.0,121.0
92538.0,26.0,Male,10.0,7.0,5.0,5.0,,34288.922014,1.0,121.0
92539.0,61.0,Female,10.0,5.5,2.0,8.0,,9166.833894,1.0,129.0
92540.0,50.0,Female,1.0,7.5,1.0,5.397605346934028e-79,,18158.97108,1.0,121.0
92541.0,40.0,Male,7.0,6.0,5.0,2.0,,23798.342191,2.0,128.0
92542.0,36.0,Female,2.0,7.0,1.0,1.0,,125658.594103,1.0,126.0
92544.0,62.0,Male,2.0,6.5,2.0,5.397605346934028e-79,,8822.610949,1.0,133.0
92545.0,31.0,Female,4.0,7.5,1.0,3.0,,122947.210746,2.0,130.0
92546.0,80.0,Male,11.0,7.5,3.0,8.0,,29744.959096,2.0,132.0
92548.0,58.0,Male,8.0,8.0,5.397605346934028e-79,8.0,30.0,22258.535319,2.0,129.0
92551.0,25.0,Female,5.0,3.0,5.0,5.397605346934028e-79,,25286.492336,2.0,130.0
92553.0,55.0,Male,11.0,9.0,3.0,8.0,,24785.992473,1.0,120.0
92554.0,56.0,Female,3.0,7.0,3.0,5.397605346934028e-79,,46607.41429,2.0,127.0
92555.0,37.0,Female,6.0,7.5,5.0,1.0,,55711.127294,1.0,122.0
92556.0,30.0,Male,4.0,11.0,3.0,1.0,,48150.622833,2.0,132.0
92557.0,71.0,Male,9.0,6.0,1.0,8.0,,25066.422123,1.0,129.0
92559.0,41.0,Male,1.0,7.5,1.0,5.397605346934028e-79,,12546.277073,2.0,122.0
92561.0,79.0,Male,13.0,8.0,5.0,8.0,,15749.394491,2.0,132.0
92562.0,51.0,Female,3.0,5.5,2.0,1.0,,33184.408579,2.0,129.0
92564.0,31.0,Male,3.0,8.0,1.0,2.0,,129937.592774,2.0,121.0
92566.0,27.0,Female,1.0,7.5,5.397605346934028e-79,1.0,,86619.210981,2.0,121.0
92567.0,51.0,Female,1.0795210693868056e-78,10.0,5.397605346934028e-79,5.397605346934028e-79,,27823.158146,2.0,122.0
92568.0,55.0,Female,2.0,7.0,2.0,5.397605346934028e-79,,12001.831115,1.0,127.0
92569.0,39.0,Male,10.0,7.0,2.0,8.0,,25620.253377,2.0,133.0
92570.0,24.0,Male,10.0,7.0,5.0,5.0,,34810.555595,2.0,128.0
92572.0,31.0,Male,4.0,6.5,3.0,1.0,,5.397605346934028e-79,2.0,119.0
92573.0,42.0,Female,10.0,7.0,2.0,8.0,,36194.528908,1.0,122.0
92574.0,80.0,Female,1.0,8.0,1.0,5.397605346934028e-79,,21364.233611,2.0,132.0
92576.0,16.0,Female,1.0795210693868056e-78,7.0,5.397605346934028e-79,5.397605346934028e-79,,8839.274708,2.0,133.0
92577.0,16.0,Female,2.0,5.0,1.0,1.0,,17671.904798,2.0,130.0
92579.0,63.0,Male,11.0,8.0,3.0,8.0,,6811.959707,1.0,119.0
92584.0,39.0,Male,1.0795210693868056e-78,4.0,5.397605346934028e-79,5.397605346934028e-79,,72596.900522,2.0,126.0
92586.0,36.0,Female,5.0,7.5,4.0,1.0,,27961.625378,1.0,124.0
92587.0,70.0,Female,6.0,8.0,4.0,2.0,,17512.191512,2.0,132.0
92588.0,80.0,Male,6.0,9.5,3.0,3.0,,19695.126999,2.0,121.0
92591.0,19.0,Male,11.0,9.0,3.0,8.0,,27136.580979,1.0,129.0
92592.0,16.0,Female,3.0,6.0,2.0,1.0,,11657.463606,2.0,122.0
92593.0,51.0,Female,10.0,7.5,2.0,8.0,,107908.71555,1.0,128.0
92595.0,80.0,Female,12.0,8.5,4.0,8.0,,16018.196896,1.0,124.0
92598.0,64.0,Female,16.0,8.0,8.0,8.0,,49703.558351,2.0,123.0
92601.0,19.0,Male,3.0,12.0,2.0,1.0,,15988.876096,2.0,121.0
92602.0,79.0,Female,11.0,7.0,3.0,8.0,,68838.227086,1.0,133.0
92603.0,70.0,Male,2.0,11.0,1.0,1.0,,81253.671782,1.0,131.0
92604.0,18.0,Male,9.0,11.0,5.0,4.0,60.0,13801.9507,2.0,129.0
92605.0,21.0,Male,6.0,7.0,3.0,3.0,,31116.903185,2.0,120.0
92606.0,18.0,Male,10.0,8.0,5.0,5.0,,20994.049477,2.0,132.0
92608.0,24.0,Male,1.0795210693868056e-78,8.5,5.397605346934028e-79,5.397605346934028e-79,,95229.416068,1.0,125.0
92609.0,60.0,Male,11.0,10.0,3.0,8.0,,9267.012544,1.0,128.0
92610.0,26.0,Male,7.0,7.0,4.0,3.0,,48780.043027,1.0,132.0
92613.0,80.0,Male,10.0,7.5,2.0,8.0,,5.397605346934028e-79,2.0,133.0
92614.0,43.0,Male,10.0,6.5,5.0,5.0,,118609.071947,2.0,132.0
92615.0,34.0,Male,6.0,7.5,4.0,2.0,,29075.394052,2.0,124.0
92617.0,80.0,Male,11.0,5.5,3.0,8.0,,14069.833192,1.0,119.0
92619.0,19.0,Female,12.0,9.0,4.0,8.0,,48534.828369,1.0,125.0
92620.0,37.0,Male,1.0,9.0,1.0,5.397605346934028e-79,,21730.959752,1.0,122.0
92622.0,69.0,Female,9.0,7.5,1.0,8.0,,55059.491224,1.0,120.0
92623.0,67.0,Female,4.0,6.0,2.0,2.0,,6779.995423,1.0,119.0
92624.0,23.0,Female,10.0,3.0,2.0,8.0,,25379.408583,2.0,126.0
92625.0,38.0,Female,5.0,8.5,3.0,2.0,,77431.069271,1.0,122.0
92628.0,68.0,Male,9.0,8.0,1.0,8.0,,8113.690331,1.0,127.0
92631.0,80.0,Female,2.0,7.0,2.0,5.397605346934028e-79,,46861.790826,2.0,132.0
92632.0,16.0,Female,11.0,9.5,3.0,8.0,,14828.730796,2.0,126.0
92633.0,34.0,Female,2.0,7.0,1.0,1.0,,89925.602427,1.0,133.0
92634.0,23.0,Female,3.0,6.5,2.0,1.0,,30676.690515,2.0,122.0
92636.0,80.0,Female,13.0,8.0,5.0,8.0,,28836.232514,1.0,131.0
92641.0,56.0,Female,10.0,8.0,2.0,8.0,,19310.644887,1.0,122.0
92642.0,34.0,Female,3.0,8.0,1.0,2.0,,72436.859164,2.0,130.0
92643.0,16.0,Female,3.0,7.5,1.0,2.0,,68838.563152,1.0,122.0
92644.0,51.0,Male,10.0,6.0,2.0,8.0,,11723.01781,2.0,132.0
92645.0,60.0,Female,4.0,8.0,3.0,1.0,,138861.668883,2.0,129.0
92647.0,65.0,Female,9.0,8.5,1.0,8.0,,10919.908227,1.0,128.0
92648.0,56.0,Male,3.0,8.0,2.0,1.0,,35948.95536,1.0,122.0
92649.0,78.0,Male,1.0795210693868056e-78,7.0,5.397605346934028e-79,5.397605346934028e-79,,8080.502311,2.0,129.0
92651.0,33.0,Female,13.0,8.0,5.0,8.0,,24406.188945,1.0,120.0
92654.0,49.0,Male,2.0,6.5,1.0,1.0,,21799.120654,2.0,130.0
92656.0,30.0,Male,2.0,9.0,5.397605346934028e-79,2.0,20.0,25050.705004,1.0,124.0
92657.0,24.0,Female,10.0,7.5,2.0,8.0,,22606.613933,1.0,120.0
92659.0,60.0,Female,9.0,7.5,1.0,8.0,,149829.173886,2.0,130.0
92661.0,80.0,Female,9.0,10.5,1.0,8.0,60.0,19305.97508,2.0,124.0
92662.0,59.0,Female,6.0,8.0,4.0,2.0,,72663.924684,1.0,132.0
92663.0,37.0,Female,5.0,7.5,5.0,5.397605346934028e-79,,22414.330625,1.0,133.0
92664.0,54.0,Male,13.0,8.0,5.0,8.0,,103424.931326,1.0,131.0
92666.0,17.0,Male,11.0,11.0,8.0,3.0,,5392.044007,1.0,119.0
92667.0,60.0,Female,4.0,9.0,2.0,2.0,,153826.074142,2.0,125.0
92668.0,45.0,Female,1.0,9.0,1.0,5.397605346934028e-79,,34508.276721,2.0,124.0
92670.0,42.0,Female,1.0,7.0,1.0,5.397605346934028e-79,,17251.772093,2.0,120.0
92674.0,45.0,Female,9.0,8.5,1.0,8.0,,19629.660983,1.0,124.0
92675.0,30.0,Female,2.0,10.0,2.0,5.397605346934028e-79,,31601.310584,1.0,122.0
92676.0,42.0,Male,3.0,8.0,2.0,1.0,,15983.617996,2.0,126.0
92677.0,34.0,Male,10.0,7.0,2.0,8.0,,44758.147102,2.0,128.0
92681.0,25.0,Female,7.0,7.5,2.0,5.0,,43398.062986,2.0,123.0
92684.0,34.0,Female,3.0,6.5,2.0,1.0,,17444.728995,1.0,125.0
92686.0,73.0,Male,13.0,8.0,5.0,8.0,,54105.881387,1.0,131.0
92687.0,38.0,Female,2.0,9.5,1.0,1.0,,22005.097996,2.0,122.0
92688.0,33.0,Male,4.0,8.0,2.0,2.0,,102789.050676,1.0,133.0
92689.0,44.0,Male,3.0,6.0,3.0,5.397605346934028e-79,,97755.036794,1.0,131.0
92690.0,61.0,Female,2.0,7.5,2.0,5.397605346934028e-79,,21129.78287,1.0,129.0
92691.0,17.0,Male,3.0,7.5,1.0,2.0,,17117.555116,1.0,132.0
92692.0,34.0,Male,4.0,8.5,2.0,2.0,,22131.030333,1.0,125.0
92694.0,56.0,Male,3.0,8.5,2.0,1.0,,190887.668292,1.0,132.0
92695.0,21.0,Female,13.0,7.0,5.0,8.0,,35205.682195,2.0,132.0
92696.0,55.0,Male,6.0,6.0,4.0,2.0,,33496.191162,1.0,133.0
92697.0,53.0,Male,13.0,4.0,5.0,8.0,,5.397605346934028e-79,1.0,128.0
92698.0,49.0,Male,4.0,6.5,2.0,2.0,,21977.428965,2.0,119.0
92699.0,38.0,Male,4.0,8.0,3.0,1.0,,21769.811168,2.0,125.0
92700.0,73.0,Female,13.0,10.0,5.0,8.0,,10323.313607,2.0,129.0
92702.0,46.0,Male,2.0,8.0,2.0,5.397605346934028e-79,,158340.786083,2.0,124.0
92703.0,51.0,Female,9.0,11.0,4.0,5.0,,56084.321055,2.0,132.0
92704.0,43.0,Male,5.0,8.0,3.0,2.0,,11929.380456,2.0,121.0
92706.0,26.0,Female,4.0,8.5,2.0,2.0,,20414.290798,2.0,122.0
92709.0,76.0,Male,16.0,6.5,8.0,8.0,,18402.424194,2.0,120.0
92713.0,16.0,Male,1.0,9.0,1.0,5.397605346934028e-79,,16925.58663,1.0,133.0
92714.0,65.0,Male,7.0,8.0,3.0,4.0,,12721.143289,2.0,125.0
92716.0,67.0,Male,11.0,8.0,3.0,8.0,,39994.894521,2.0,123.0
92717.0,22.0,Female,7.0,6.0,2.0,5.0,,20271.284989,2.0,126.0
92719.0,36.0,Male,1.0795210693868056e-78,8.0,5.397605346934028e-79,5.397605346934028e-79,,114757.549248,1.0,121.0
92720.0,61.0,Female,2.0,7.5,5.397605346934028e-79,2.0,,22237.02199,2.0,123.0
92722.0,24.0,Male,10.0,7.0,2.0,8.0,,46947.164789,1.0,132.0
92724.0,31.0,Male,7.0,7.0,2.0,5.0,,104337.056099,1.0,127.0
92725.0,38.0,Male,2.0,8.0,1.0,1.0,,29319.516912,2.0,129.0
92726.0,64.0,Male,13.0,7.0,5.0,8.0,,42948.775616,2.0,123.0
92728.0,80.0,Male,13.0,13.5,5.0,8.0,,16856.90242,1.0,130.0
92729.0,16.0,Male,3.0,8.0,2.0,1.0,,11899.418097,1.0,124.0
92730.0,40.0,Male,8.0,8.5,5.397605346934028e-79,8.0,,16524.632096,1.0,123.0
92731.0,57.0,Male,10.0,9.5,2.0,8.0,,100777.21837,2.0,131.0
92732.0,18.0,Female,16.0,8.5,8.0,8.0,,16613.223325,2.0,131.0
92735.0,34.0,Female,3.0,8.5,2.0,1.0,,22023.349386,2.0,133.0
92738.0,72.0,Male,12.0,9.5,4.0,8.0,,9508.886305,1.0,127.0
92741.0,27.0,Female,3.0,7.5,1.0,2.0,,21342.233101,1.0,133.0
92742.0,22.0,Female,11.0,11.0,3.0,8.0,,27521.266974,1.0,128.0
92743.0,54.0,Female,6.0,8.0,3.0,3.0,,242386.660766,2.0,127.0
92744.0,63.0,Male,10.0,8.0,5.0,5.0,,111272.394187,2.0,132.0
92745.0,23.0,Female,3.0,8.0,3.0,5.397605346934028e-79,,23823.393739,1.0,128.0
92746.0,80.0,Male,6.0,8.5,4.0,2.0,,30266.800483,1.0,131.0
92748.0,41.0,Female,5.0,8.5,1.0,4.0,,16914.278415,2.0,133.0
92750.0,53.0,Female,4.0,5.5,1.0,3.0,,55268.737422,2.0,120.0
92751.0,57.0,Male,4.0,9.0,3.0,1.0,,18013.894634,2.0,121.0
92752.0,54.0,Female,3.0,7.0,3.0,5.397605346934028e-79,,20143.176134,1.0,120.0
92753.0,41.0,Male,5.0,8.0,5.0,5.397605346934028e-79,,11855.991901,2.0,121.0
92757.0,46.0,Female,7.0,7.5,3.0,4.0,,5.397605346934028e-79,2.0,129.0
92758.0,57.0,Female,3.0,7.5,2.0,1.0,30.0,21321.154045,2.0,131.0
92761.0,26.0,Female,9.0,5.0,1.0,8.0,,77479.222104,1.0,130.0
92762.0,47.0,Female,2.0,8.0,2.0,5.397605346934028e-79,,26525.010062,2.0,128.0
92764.0,48.0,Male,8.0,8.5,5.397605346934028e-79,8.0,,20900.531808,2.0,122.0
92767.0,41.0,Female,10.0,6.0,2.0,8.0,,19655.302967,1.0,123.0
92768.0,34.0,Female,8.0,8.0,5.397605346934028e-79,8.0,,35231.222529,2.0,128.0
92769.0,47.0,Female,4.0,7.0,2.0,2.0,,17887.15798,2.0,131.0
92770.0,18.0,Female,9.0,8.0,8.0,1.0,,41950.443246,2.0,123.0
92772.0,40.0,Female,8.0,8.0,5.0,3.0,,5.397605346934028e-79,2.0,127.0
92773.0,26.0,Female,12.0,11.0,4.0,8.0,,22407.832029,1.0,133.0
92774.0,40.0,Male,4.0,6.0,2.0,2.0,,25668.192067,2.0,121.0
92775.0,53.0,Female,1.0,11.0,1.0,5.397605346934028e-79,,13241.408337,2.0,119.0
92777.0,47.0,Male,10.0,6.5,2.0,8.0,,26995.324888,2.0,133.0
92779.0,72.0,Female,11.0,8.0,3.0,8.0,,23381.063934,1.0,132.0
92782.0,60.0,Female,9.0,9.0,1.0,8.0,,13030.477108,2.0,127.0
92784.0,23.0,Female,11.0,6.0,3.0,8.0,,83562.22371,1.0,132.0
92785.0,25.0,Male,2.0,8.5,5.397605346934028e-79,2.0,,104388.458089,2.0,121.0
92787.0,48.0,Male,9.0,6.0,5.0,4.0,,27765.51651,1.0,125.0
92788.0,31.0,Female,2.0,8.5,1.0,1.0,,97276.646222,2.0,125.0
92789.0,57.0,Male,3.0,5.0,3.0,5.397605346934028e-79,,154381.469814,1.0,120.0
92790.0,26.0,Female,8.0,7.0,8.0,5.397605346934028e-79,,5.397605346934028e-79,2.0,126.0
92792.0,71.0,Male,6.0,9.0,3.0,3.0,,98480.511672,1.0,131.0
92793.0,28.0,Male,7.0,7.0,4.0,3.0,,32222.977283,2.0,124.0
92795.0,37.0,Male,9.0,9.0,1.0,8.0,,18123.255123,2.0,133.0
92797.0,57.0,Male,1.0795210693868056e-78,8.5,5.397605346934028e-79,5.397605346934028e-79,,19858.766165,1.0,119.0
92799.0,19.0,Male,7.0,7.0,5.0,2.0,,27121.958645,1.0,126.0
92802.0,38.0,Female,8.0,7.5,5.397605346934028e-79,8.0,,64940.20257,1.0,133.0
92804.0,37.0,Female,4.0,8.5,2.0,2.0,,36756.555953,2.0,130.0
92805.0,53.0,Male,10.0,9.0,2.0,8.0,,17110.793246,2.0,122.0
92808.0,34.0,Male,1.0,8.5,1.0,5.397605346934028e-79,,26026.513192,1.0,127.0
92812.0,37.0,Female,10.0,10.0,2.0,8.0,,24347.669291,1.0,120.0
92813.0,16.0,Female,6.0,8.5,2.0,4.0,,10060.141735,1.0,131.0
92814.0,56.0,Female,13.0,9.0,5.0,8.0,,49676.282508,2.0,133.0
92815.0,22.0,Female,4.0,8.0,1.0,3.0,,38971.38566,1.0,132.0
92817.0,70.0,Female,8.0,9.0,5.397605346934028e-79,8.0,,12894.611358,2.0,133.0
92818.0,32.0,Male,10.0,8.5,2.0,8.0,,25687.846892,2.0,124.0
92819.0,44.0,Male,8.0,6.0,5.397605346934028e-79,8.0,,32538.654418,1.0,128.0
92820.0,31.0,Male,10.0,7.0,2.0,8.0,,77625.451212,1.0,131.0
92821.0,72.0,Female,6.0,8.0,5.0,1.0,,18345.736396,2.0,121.0
92822.0,34.0,Male,10.0,6.0,2.0,8.0,,27224.01838,2.0,131.0
92823.0,34.0,Female,9.0,8.5,1.0,8.0,,21909.026584,1.0,119.0
92824.0,60.0,Female,4.0,9.0,2.0,2.0,,22273.461609,2.0,128.0
92825.0,31.0,Female,3.0,7.5,2.0,1.0,,15290.631646,1.0,119.0
92826.0,19.0,Female,6.0,9.0,5.0,1.0,,11465.267423,2.0,133.0
92827.0,37.0,Female,1.0,7.5,1.0,5.397605346934028e-79,,26576.231086,2.0,126.0
92828.0,60.0,Male,11.0,8.0,3.0,8.0,,8143.948569,1.0,133.0
92829.0,45.0,Male,10.0,7.5,2.0,8.0,,16935.455522,1.0,133.0
92831.0,61.0,Male,10.0,7.0,2.0,8.0,,30420.513159,1.0,123.0
92832.0,80.0,Female,13.0,10.5,5.0,8.0,,47302.858538,2.0,125.0
92835.0,31.0,Male,4.0,10.5,2.0,2.0,,39576.691928,1.0,121.0
92838.0,47.0,Female,2.0,6.0,1.0,1.0,60.0,19971.19927,1.0,127.0
92839.0,60.0,Female,5.0,5.0,5.0,5.397605346934028e-79,,16872.658871,1.0,119.0
92840.0,35.0,Male,6.0,7.0,3.0,3.0,,37019.674721,1.0,132.0
92841.0,42.0,Male,5.0,7.0,5.0,5.397605346934028e-79,,151997.988504,1.0,120.0
92842.0,31.0,Female,9.0,6.5,1.0,8.0,,5.397605346934028e-79,1.0,119.0
92846.0,23.0,Female,4.0,11.0,4.0,5.397605346934028e-79,,70244.560249,1.0,127.0
92847.0,26.0,Male,7.0,7.0,5.0,2.0,,26052.851814,2.0,126.0
92848.0,65.0,Female,13.0,8.0,5.0,8.0,,40494.826023,1.0,125.0
92849.0,57.0,Female,13.0,7.5,8.0,5.0,,20953.918556,2.0,129.0
92850.0,58.0,Male,2.0,6.0,1.0,1.0,,19543.327056,2.0,122.0
92851.0,69.0,Male,12.0,7.0,4.0,8.0,,10097.414448,1.0,128.0
92854.0,57.0,Female,8.0,7.0,8.0,5.397605346934028e-79,,149519.888348,2.0,129.0
92856.0,27.0,Female,5.0,9.0,3.0,2.0,,28956.625196,2.0,120.0
92857.0,48.0,Female,9.0,,1.0,8.0,,22834.672123,2.0,132.0
92858.0,31.0,Female,3.0,7.5,2.0,1.0,,117422.651369,2.0,121.0
92859.0,69.0,Female,1.0795210693868056e-78,7.0,5.397605346934028e-79,5.397605346934028e-79,,39057.496572,2.0,131.0
92860.0,17.0,Male,4.0,6.0,1.0,3.0,,79856.851953,1.0,126.0
92861.0,36.0,Female,7.0,5.5,5.0,2.0,,28692.782524,2.0,132.0
92868.0,56.0,Male,10.0,7.0,2.0,8.0,,5.397605346934028e-79,2.0,133.0
92869.0,26.0,Male,10.0,9.0,8.0,2.0,,17456.824067,1.0,133.0
92871.0,23.0,Female,6.0,8.0,1.0,5.0,,97925.302855,2.0,123.0
92872.0,55.0,Female,12.0,9.0,4.0,8.0,,18447.208716,1.0,121.0
92874.0,45.0,Male,2.0,7.5,2.0,5.397605346934028e-79,,40565.723915,1.0,128.0
92876.0,62.0,Male,2.0,8.0,2.0,5.397605346934028e-79,,25639.895635,1.0,131.0
92878.0,63.0,Female,7.0,7.5,5.0,2.0,,161488.148403,2.0,127.0
92880.0,38.0,Male,8.0,6.5,4.0,4.0,,38196.140816,1.0,129.0
92881.0,54.0,Female,5.0,8.5,3.0,2.0,60.0,14633.709343,1.0,125.0
92882.0,66.0,Male,4.0,9.0,4.0,5.397605346934028e-79,,9977.308683,2.0,127.0
92883.0,63.0,Male,2.0,7.0,2.0,5.397605346934028e-79,,96536.224983,1.0,131.0
92884.0,70.0,Male,7.0,9.0,2.0,5.0,,22242.681154,2.0,130.0
92885.0,23.0,Male,3.0,9.5,2.0,1.0,,30329.883934,1.0,123.0
92886.0,18.0,Male,13.0,9.0,5.0,8.0,,17732.671063,1.0,122.0
92887.0,78.0,Male,13.0,,5.0,8.0,,19276.990333,2.0,130.0
92889.0,27.0,Male,4.0,8.5,1.0,3.0,60.0,5.397605346934028e-79,1.0,124.0
92890.0,33.0,Male,2.0,6.0,1.0,1.0,,23826.151107,2.0,120.0
92891.0,49.0,Female,1.0,7.5,1.0,5.397605346934028e-79,,27882.176884,1.0,129.0
92893.0,66.0,Female,8.0,8.0,5.397605346934028e-79,8.0,,8629.450436,1.0,122.0
92894.0,26.0,Male,8.0,8.0,4.0,4.0,,36902.914586,1.0,123.0
92895.0,52.0,Male,2.0,4.0,5.397605346934028e-79,2.0,,14161.324837,1.0,129.0
92896.0,67.0,Male,4.0,11.0,2.0,2.0,,16271.208875,1.0,119.0
92897.0,60.0,Male,3.0,6.5,2.0,1.0,,8053.203959,1.0,124.0
92898.0,42.0,Male,2.0,7.5,2.0,5.397605346934028e-79,,15571.683703,1.0,123.0
92899.0,73.0,Female,4.0,11.0,1.0,3.0,,17884.791331,2.0,132.0
92900.0,64.0,Male,4.0,6.5,3.0,1.0,,10097.414448,1.0,128.0
92901.0,54.0,Female,3.0,7.0,3.0,5.397605346934028e-79,,39412.771937,1.0,131.0
92903.0,68.0,Female,5.0,8.0,4.0,1.0,,160133.812651,1.0,121.0
92904.0,34.0,Female,12.0,12.0,4.0,8.0,,26903.557268,1.0,126.0
92905.0,34.0,Male,2.0,7.0,2.0,5.397605346934028e-79,,37330.05429,1.0,130.0
92907.0,74.0,Female,4.0,7.0,2.0,2.0,,16693.595903,1.0,123.0
92908.0,80.0,Female,10.0,7.0,2.0,8.0,,11184.795937,1.0,133.0
92909.0,31.0,Male,5.0,8.5,5.397605346934028e-79,5.0,,29428.895155,1.0,119.0
92910.0,16.0,Male,6.0,8.5,2.0,4.0,,9858.60017,2.0,122.0
92911.0,51.0,Female,2.0,8.5,2.0,5.397605346934028e-79,,163597.776099,2.0,124.0
92912.0,52.0,Male,3.0,6.0,3.0,5.397605346934028e-79,,187503.935493,1.0,130.0
92914.0,65.0,Female,8.0,8.0,5.0,3.0,,98745.031004,2.0,132.0
92915.0,45.0,Male,6.0,7.5,3.0,3.0,,31749.046328,1.0,128.0
92918.0,51.0,Female,4.0,7.5,2.0,2.0,,17275.836124,1.0,119.0
92920.0,80.0,Female,4.0,8.5,4.0,5.397605346934028e-79,,38585.540279,1.0,131.0
92921.0,55.0,Female,1.0795210693868056e-78,6.5,5.397605346934028e-79,5.397605346934028e-79,,21655.081351,2.0,126.0
92922.0,30.0,Female,12.0,8.0,4.0,8.0,,26203.902077,1.0,126.0
92923.0,29.0,Male,4.0,5.0,2.0,2.0,,22017.061358,2.0,133.0
92924.0,35.0,Male,3.0,6.5,5.397605346934028e-79,3.0,,89533.60271,2.0,120.0
92926.0,40.0,Male,10.0,6.0,2.0,8.0,,23991.3977,1.0,133.0
92929.0,50.0,Female,3.0,6.0,3.0,5.397605346934028e-79,,20286.551887,2.0,119.0
92930.0,29.0,Male,2.0,9.0,2.0,5.397605346934028e-79,,21124.589876,2.0,129.0
92933.0,17.0,Female,7.0,6.5,2.0,5.0,,13745.481063,2.0,133.0
92935.0,18.0,Female,5.0,11.0,4.0,1.0,,38790.902381,1.0,131.0
92936.0,61.0,Female,2.0,7.5,2.0,5.397605346934028e-79,,148368.339917,2.0,125.0
92938.0,30.0,Female,12.0,10.0,8.0,4.0,,22023.349386,2.0,133.0
92939.0,80.0,Female,5.0,8.0,5.0,5.397605346934028e-79,,45462.615875,2.0,123.0
92941.0,33.0,Male,10.0,6.5,2.0,8.0,,37316.511463,1.0,130.0
92942.0,43.0,Male,5.0,6.5,3.0,2.0,,15207.030008,1.0,123.0
92944.0,16.0,Male,12.0,11.0,4.0,8.0,,22726.40901,2.0,131.0
92946.0,79.0,Female,,8.0,,8.0,,49918.788212,1.0,130.0
92950.0,52.0,Female,2.0,6.0,2.0,5.397605346934028e-79,,20691.546755,1.0,124.0
92951.0,44.0,Male,4.0,5.0,3.0,1.0,,25555.371776,1.0,132.0
92952.0,72.0,Male,12.0,9.0,4.0,8.0,,15856.388294,1.0,125.0
92953.0,80.0,Female,13.0,10.5,5.0,8.0,,22957.358274,1.0,132.0
92954.0,67.0,Male,3.0,8.0,2.0,1.0,,9103.621866,1.0,127.0
92955.0,74.0,Female,12.0,10.0,4.0,8.0,,5.397605346934028e-79,1.0,129.0
92957.0,24.0,Female,5.0,8.0,3.0,2.0,,36398.63119,1.0,132.0
92959.0,58.0,Male,8.0,10.0,5.397605346934028e-79,8.0,60.0,24183.323414,1.0,124.0
92960.0,75.0,Male,5.0,6.0,5.0,5.397605346934028e-79,,84594.853403,2.0,123.0
92961.0,75.0,Female,5.0,7.5,4.0,1.0,,47188.491923,2.0,125.0
92964.0,46.0,Male,2.0,7.0,1.0,1.0,,161441.662561,2.0,128.0
92965.0,17.0,Female,5.0,9.0,2.0,3.0,,80848.886453,2.0,128.0
92967.0,52.0,Male,8.0,8.0,5.397605346934028e-79,8.0,,25473.331069,2.0,129.0
92969.0,80.0,Female,7.0,7.0,4.0,3.0,,52201.020883,2.0,127.0
92970.0,25.0,Female,10.0,9.5,2.0,8.0,,52261.065132,1.0,131.0
92971.0,52.0,Male,4.0,7.5,2.0,2.0,,14755.622943,1.0,119.0
92974.0,80.0,Male,16.0,8.5,8.0,8.0,,20611.574986,2.0,123.0
92975.0,18.0,Female,7.0,6.0,2.0,5.0,,20188.651743,2.0,129.0
92977.0,38.0,Female,10.0,8.5,2.0,8.0,,25991.398272,1.0,133.0
92978.0,64.0,Male,4.0,8.0,4.0,5.397605346934028e-79,,162531.144041,2.0,130.0
92981.0,68.0,Female,9.0,8.0,1.0,8.0,10.0,10002.527251,1.0,127.0
92982.0,16.0,Female,7.0,8.5,4.0,3.0,,61023.897381,2.0,127.0
92984.0,64.0,Female,4.0,6.0,3.0,1.0,,142945.835615,2.0,129.0
92985.0,22.0,Female,1.0795210693868056e-78,11.5,5.397605346934028e-79,5.397605346934028e-79,,28354.256501,1.0,124.0
92986.0,23.0,Male,12.0,7.0,8.0,4.0,,33774.287201,1.0,127.0
92987.0,40.0,Male,4.0,8.5,3.0,1.0,,32657.866129000002,2.0,129.0
92988.0,51.0,Female,8.0,8.5,4.0,4.0,,19539.41929,2.0,133.0
92989.0,65.0,Male,4.0,3.0,3.0,1.0,,9295.708392,2.0,123.0
92990.0,74.0,Male,13.0,8.0,5.0,8.0,,11988.966817,2.0,127.0
92992.0,23.0,Male,10.0,9.0,2.0,8.0,,28381.602321,2.0,131.0
92993.0,70.0,Male,11.0,8.5,3.0,8.0,,15296.55816,1.0,125.0
92994.0,32.0,Male,2.0,7.5,5.397605346934028e-79,2.0,,25334.503284,2.0,131.0
92995.0,54.0,Male,4.0,9.0,3.0,1.0,,146672.062897,2.0,129.0
92996.0,16.0,Male,1.0,7.5,1.0,5.397605346934028e-79,,66004.563123,1.0,122.0
92997.0,40.0,Male,9.0,9.0,5.0,4.0,,5.397605346934028e-79,1.0,129.0
92998.0,39.0,Female,3.0,8.5,2.0,1.0,,23928.976208,1.0,127.0
93000.0,80.0,Female,8.0,9.0,5.0,3.0,,43099.646551,2.0,129.0
93001.0,74.0,Female,6.0,7.0,1.0,5.0,,61188.769753,2.0,130.0
93002.0,30.0,Female,3.0,8.0,2.0,1.0,,121409.928358,2.0,121.0
93003.0,72.0,Female,3.0,8.0,2.0,1.0,,22849.0911,2.0,132.0
93004.0,60.0,Male,11.0,6.5,3.0,8.0,,8113.690331,1.0,127.0
93005.0,79.0,Male,4.0,6.5,5.397605346934028e-79,4.0,,81092.722063,2.0,124.0
93007.0,23.0,Male,4.0,8.0,5.397605346934028e-79,4.0,,31116.903185,2.0,120.0
93008.0,53.0,Male,3.0,8.0,2.0,1.0,,13203.455173,2.0,119.0
93010.0,63.0,Female,6.0,3.5,5.0,1.0,,36046.687488,2.0,126.0
93011.0,61.0,Male,12.0,8.0,4.0,8.0,,12267.52054,2.0,131.0
93012.0,27.0,Male,3.0,8.0,3.0,5.397605346934028e-79,,34504.294725,1.0,128.0
93013.0,80.0,Male,13.0,7.0,5.0,8.0,,17551.836729,1.0,123.0
93014.0,22.0,Male,6.0,8.0,1.0,5.0,,45974.19546,1.0,126.0
93015.0,53.0,Female,5.0,9.0,2.0,3.0,,190557.564984,1.0,120.0
93016.0,51.0,Female,10.0,7.5,2.0,8.0,,12240.814489,1.0,124.0
93017.0,52.0,Female,4.0,5.5,2.0,2.0,,27823.158146,2.0,122.0
93018.0,75.0,Female,13.0,8.0,5.0,8.0,,20648.695575,2.0,130.0
93021.0,18.0,Female,5.0,10.0,2.0,3.0,,16401.812286,2.0,128.0
93022.0,32.0,Male,9.0,6.0,4.0,5.0,,25969.194225,1.0,127.0
93023.0,49.0,Male,16.0,7.5,8.0,8.0,,13797.526174,2.0,133.0
93024.0,40.0,Female,2.0,7.0,2.0,5.397605346934028e-79,,14968.722875,1.0,123.0
93026.0,19.0,Female,,12.0,,5.397605346934028e-79,,15555.652818,1.0,120.0
93027.0,22.0,Female,6.0,7.0,4.0,2.0,,5.397605346934028e-79,2.0,125.0
93028.0,61.0,Male,9.0,6.5,5.0,4.0,,7155.568905,1.0,124.0
93029.0,19.0,Male,1.0,9.0,1.0,5.397605346934028e-79,,12047.94811,1.0,133.0
93030.0,42.0,Female,6.0,7.5,2.0,4.0,,43662.362778,2.0,127.0
93034.0,36.0,Female,6.0,7.5,3.0,3.0,,32272.446413,2.0,132.0
93036.0,52.0,Male,1.0,8.0,5.397605346934028e-79,1.0,,39384.389002,1.0,129.0
93037.0,16.0,Male,12.0,9.0,4.0,8.0,,24109.583752,1.0,126.0
93039.0,49.0,Female,10.0,9.0,2.0,8.0,,20089.043683,1.0,125.0
93040.0,67.0,Male,2.0,10.0,2.0,5.397605346934028e-79,,5.397605346934028e-79,1.0,131.0
93042.0,35.0,Male,3.0,6.0,1.0,2.0,,139225.52358,1.0,132.0
93043.0,67.0,Female,5.0,7.5,4.0,1.0,,120957.946166,1.0,123.0
93044.0,41.0,Male,13.0,7.0,5.0,8.0,,34205.889689,1.0,121.0
93046.0,17.0,Male,2.0,9.5,2.0,5.397605346934028e-79,,12863.70937,2.0,131.0
93047.0,16.0,Male,5.0,6.0,4.0,1.0,,5.397605346934028e-79,2.0,130.0
93048.0,46.0,Male,5.0,7.0,4.0,1.0,,31335.7773,1.0,124.0
93049.0,59.0,Male,4.0,6.0,2.0,2.0,,24428.339457,2.0,127.0
93050.0,20.0,Female,5.0,5.5,5.0,5.397605346934028e-79,,19442.066779,2.0,133.0
93051.0,74.0,Male,12.0,10.0,4.0,8.0,,12092.152709,1.0,131.0
93052.0,55.0,Female,13.0,9.0,5.0,8.0,,22454.010833,2.0,123.0
93053.0,69.0,Female,11.0,7.5,3.0,8.0,,10308.753498,1.0,133.0
93054.0,49.0,Male,11.0,8.0,3.0,8.0,,26200.328843,2.0,132.0
93055.0,80.0,Male,10.0,8.5,2.0,8.0,,16792.804596,1.0,125.0
93057.0,43.0,Male,5.0,3.0,4.0,1.0,,113335.512617,2.0,129.0
93063.0,42.0,Male,4.0,9.0,4.0,5.397605346934028e-79,,19297.721651,2.0,126.0
93068.0,59.0,Male,6.0,4.5,2.0,4.0,,25342.580776,1.0,124.0
93069.0,73.0,Male,8.0,10.0,5.0,3.0,,16179.35296,2.0,130.0
93070.0,56.0,Female,2.0,7.5,2.0,5.397605346934028e-79,,162305.179448,2.0,124.0
93072.0,55.0,Female,3.0,7.5,2.0,1.0,,163045.881654,1.0,125.0
93073.0,33.0,Female,12.0,9.0,4.0,8.0,,37357.556741,1.0,129.0
93074.0,44.0,Female,10.0,8.5,5.0,5.0,,139891.211998,2.0,124.0
93075.0,49.0,Female,5.0,4.0,5.397605346934028e-79,5.0,,24849.18821,1.0,124.0
93076.0,35.0,Male,1.0795210693868056e-78,6.5,5.397605346934028e-79,5.397605346934028e-79,,34753.215522,1.0,133.0
93077.0,50.0,Male,9.0,7.0,1.0,8.0,,99476.931944,1.0,130.0
93078.0,49.0,Female,6.0,7.5,1.0,5.0,,5.397605346934028e-79,2.0,119.0
93081.0,54.0,Male,2.0,6.5,2.0,5.397605346934028e-79,,10712.681518,1.0,129.0
93083.0,30.0,Male,13.0,9.0,8.0,5.0,,137686.695053,1.0,126.0
93085.0,56.0,Male,2.0,7.0,1.0,1.0,,26153.922147,1.0,123.0
93086.0,48.0,Female,3.0,8.5,2.0,1.0,,122919.135508,2.0,131.0
93087.0,64.0,Female,3.0,6.5,2.0,1.0,,20394.098468,2.0,132.0
93088.0,22.0,Male,5.0,6.5,4.0,1.0,,123623.528539,1.0,126.0
93091.0,62.0,Female,5.0,8.0,4.0,1.0,,5.397605346934028e-79,1.0,129.0
93092.0,28.0,Male,3.0,7.5,5.397605346934028e-79,3.0,,14259.07959,1.0,119.0
93093.0,45.0,Female,4.0,8.0,2.0,2.0,,50378.520157,2.0,127.0
93094.0,56.0,Male,12.0,10.0,4.0,8.0,,26381.661837,2.0,126.0
93095.0,34.0,Male,8.0,8.0,4.0,4.0,,28159.22746,2.0,129.0
93097.0,28.0,Male,8.0,7.0,5.0,3.0,,27282.984581,2.0,129.0
93098.0,30.0,Female,10.0,8.0,8.0,2.0,,21926.285522,2.0,130.0
93099.0,59.0,Male,9.0,10.0,1.0,8.0,,16604.281793,1.0,128.0
93100.0,56.0,Female,3.0,9.5,3.0,5.397605346934028e-79,,17699.927172,1.0,121.0
93101.0,36.0,Male,10.0,6.0,2.0,8.0,,25463.372657,1.0,120.0
93106.0,40.0,Female,9.0,6.0,1.0,8.0,,21036.260052,2.0,121.0
93107.0,79.0,Male,13.0,6.0,5.0,8.0,,18958.805826,2.0,132.0
93109.0,67.0,Male,13.0,8.0,5.0,8.0,,17337.242169,1.0,126.0
93111.0,63.0,Female,12.0,8.5,4.0,8.0,,7689.63082,1.0,127.0
93113.0,56.0,Female,2.0,5.0,2.0,5.397605346934028e-79,,155053.674653,2.0,125.0
93114.0,41.0,Male,1.0,8.0,5.397605346934028e-79,1.0,,5.397605346934028e-79,2.0,124.0
93115.0,28.0,Female,9.0,8.0,1.0,8.0,,23096.462098,1.0,129.0
93116.0,47.0,Female,12.0,3.5,4.0,8.0,,22183.947967,2.0,132.0
93119.0,17.0,Male,8.0,8.0,3.0,5.0,,17595.530517,1.0,121.0
93120.0,30.0,Female,11.0,9.0,3.0,8.0,,65104.853358,1.0,130.0
93121.0,27.0,Male,1.0,8.5,1.0,5.397605346934028e-79,30.0,5.397605346934028e-79,1.0,122.0
93122.0,58.0,Male,1.0,7.0,1.0,5.397605346934028e-79,,128270.491089,2.0,128.0
93123.0,30.0,Female,5.0,11.0,4.0,1.0,,22945.869926,2.0,129.0
93124.0,71.0,Female,10.0,9.0,2.0,8.0,,19975.332854,2.0,122.0
93127.0,52.0,Female,2.0,8.0,2.0,5.397605346934028e-79,,34317.678816,1.0,133.0
93128.0,23.0,Male,8.0,9.5,5.397605346934028e-79,8.0,,5.397605346934028e-79,1.0,125.0
93130.0,63.0,Female,1.0,9.0,5.397605346934028e-79,1.0,,8843.832637,2.0,125.0
93131.0,66.0,Female,3.0,8.5,3.0,5.397605346934028e-79,,9690.960243,2.0,133.0
93134.0,56.0,Male,2.0,7.0,2.0,5.397605346934028e-79,,5.397605346934028e-79,1.0,125.0
93137.0,35.0,Male,1.0795210693868056e-78,6.0,5.397605346934028e-79,5.397605346934028e-79,,29972.635661,2.0,124.0
93139.0,74.0,Male,3.0,8.5,2.0,1.0,,17052.518524,2.0,128.0
93140.0,20.0,Male,5.0,7.0,5.0,5.397605346934028e-79,,54511.367906,1.0,120.0
93141.0,46.0,Male,1.0795210693868056e-78,7.0,5.397605346934028e-79,5.397605346934028e-79,,21978.525929,1.0,131.0
93142.0,64.0,Female,13.0,6.0,5.0,8.0,,20010.750753,2.0,132.0
93143.0,68.0,Male,5.0,7.5,2.0,3.0,,160251.898646,2.0,124.0
93145.0,76.0,Male,6.0,8.0,5.0,1.0,,85452.36098,2.0,121.0
93146.0,74.0,Male,6.0,10.5,4.0,2.0,,20048.069947,2.0,130.0
93149.0,38.0,Male,4.0,10.0,2.0,2.0,,26255.85084,1.0,132.0
93153.0,62.0,Female,9.0,3.5,8.0,1.0,,134274.16109,1.0,128.0
93154.0,61.0,Female,10.0,8.5,2.0,8.0,,10050.033571,1.0,128.0
93157.0,51.0,Female,5.0,8.0,3.0,2.0,,115680.730994,2.0,131.0
93161.0,27.0,Female,1.0795210693868056e-78,6.5,5.397605346934028e-79,5.397605346934028e-79,,25937.253581,1.0,129.0
93162.0,18.0,Female,6.0,10.0,1.0,5.0,,14291.488096,2.0,129.0
93168.0,64.0,Male,13.0,,5.0,8.0,,14155.094179,1.0,133.0
93169.0,27.0,Female,4.0,8.5,2.0,2.0,,25034.185099,1.0,124.0
93171.0,33.0,Male,3.0,7.0,2.0,1.0,,30939.261752,1.0,132.0
93172.0,19.0,Male,10.0,10.0,5.0,5.0,,17595.530517,1.0,121.0
93173.0,62.0,Female,12.0,8.0,4.0,8.0,,41350.245646,1.0,130.0
93174.0,23.0,Female,9.0,9.0,1.0,8.0,60.0,39958.805319,2.0,127.0
93175.0,72.0,Female,13.0,8.0,5.0,8.0,,10753.246218,2.0,119.0
93176.0,34.0,Female,8.0,7.5,5.397605346934028e-79,8.0,,88849.344917,2.0,126.0
93178.0,20.0,Female,9.0,7.5,1.0,8.0,,102151.593955,1.0,130.0
93180.0,37.0,Male,12.0,7.0,4.0,8.0,,25612.939661,1.0,125.0
93181.0,46.0,Female,3.0,7.0,2.0,1.0,,13683.300918,2.0,133.0
93183.0,28.0,Male,4.0,6.5,1.0,3.0,,133952.259397,2.0,121.0
93185.0,44.0,Female,8.0,7.5,4.0,4.0,,21219.686595,2.0,130.0
93186.0,38.0,Female,7.0,9.0,3.0,4.0,,24551.497429,2.0,133.0
93189.0,47.0,Female,3.0,7.5,1.0,2.0,,23511.676748,1.0,120.0
93191.0,80.0,Female,11.0,6.5,3.0,8.0,,55674.611845,1.0,130.0
93192.0,48.0,Male,10.0,6.5,2.0,8.0,,19504.099106,2.0,129.0
93196.0,56.0,Female,4.0,8.5,3.0,1.0,,31000.10173,1.0,132.0
93200.0,64.0,Female,3.0,7.5,2.0,1.0,,148835.559652,2.0,120.0
93201.0,33.0,Male,2.0,6.0,1.0,1.0,60.0,26015.122088,1.0,129.0
93202.0,52.0,Female,3.0,8.0,2.0,1.0,,51879.068281,1.0,130.0
93203.0,80.0,Male,4.0,7.5,2.0,2.0,,49362.560958,2.0,122.0
93205.0,20.0,Male,9.0,6.5,1.0,8.0,,38072.160149,2.0,122.0
93206.0,44.0,Female,2.0,8.5,1.0,1.0,5.0,32810.624671,1.0,124.0
93208.0,59.0,Female,7.0,8.5,5.0,2.0,,36664.83607,1.0,125.0
93209.0,60.0,Female,2.0,8.0,2.0,5.397605346934028e-79,,10002.527251,1.0,127.0
93210.0,55.0,Female,4.0,9.5,3.0,1.0,,38576.451887,1.0,122.0
93211.0,29.0,Male,4.0,10.0,2.0,2.0,,11501.897995,1.0,133.0
93212.0,69.0,Female,6.0,8.0,4.0,2.0,,38196.007236,2.0,132.0
93213.0,32.0,Female,10.0,7.5,2.0,8.0,,24153.14574,1.0,121.0
93214.0,31.0,Female,3.0,8.0,2.0,1.0,,26537.117529,2.0,126.0
93215.0,20.0,Female,3.0,7.0,2.0,1.0,,29451.253085,1.0,124.0
93217.0,73.0,Female,11.0,8.0,8.0,3.0,,16924.761205,2.0,119.0
93220.0,76.0,Male,3.0,8.0,2.0,1.0,,17108.835569,2.0,127.0
93222.0,22.0,Female,4.0,9.0,3.0,1.0,,83516.495042,2.0,124.0
93223.0,34.0,Male,4.0,8.0,3.0,1.0,,52199.596373,2.0,130.0
93226.0,17.0,Male,6.0,9.0,5.0,1.0,,13873.711831,2.0,132.0
93228.0,18.0,Female,6.0,11.0,2.0,4.0,,13667.859682,2.0,119.0
93232.0,80.0,Female,13.0,10.5,5.0,8.0,,29848.030146,1.0,131.0
93235.0,51.0,Female,8.0,8.0,5.397605346934028e-79,8.0,,16303.918612,1.0,133.0
93238.0,69.0,Female,10.0,7.0,5.0,5.0,,10423.295203,1.0,133.0
93239.0,24.0,Female,6.0,10.0,2.0,4.0,,103580.81757,1.0,130.0
93240.0,31.0,Female,16.0,8.0,8.0,8.0,,30343.023526,2.0,129.0
93241.0,21.0,Male,13.0,8.0,8.0,5.0,,48208.603727,1.0,119.0
93242.0,46.0,Female,2.0,3.0,2.0,5.397605346934028e-79,,16777.865737,2.0,128.0
93244.0,37.0,Female,2.0,8.0,1.0,1.0,,18224.981209,2.0,133.0
93245.0,63.0,Female,4.0,8.0,3.0,1.0,,21817.750387,2.0,128.0
93246.0,17.0,Male,12.0,13.0,4.0,8.0,,15201.120081,1.0,121.0
93247.0,28.0,Male,4.0,7.0,5.397605346934028e-79,4.0,,25557.21979,1.0,123.0
93249.0,37.0,Male,1.0,8.0,1.0,5.397605346934028e-79,,39405.660262,1.0,132.0
93250.0,17.0,Female,10.0,9.0,2.0,8.0,,42951.324965,2.0,127.0
93251.0,70.0,Male,7.0,9.0,3.0,4.0,,89599.449571,1.0,121.0
93252.0,48.0,Female,10.0,7.0,2.0,8.0,,24216.216576,1.0,122.0
93256.0,27.0,Male,1.0795210693868056e-78,8.0,5.397605346934028e-79,5.397605346934028e-79,,33989.13731,1.0,120.0
93258.0,80.0,Female,13.0,12.0,5.0,8.0,,38585.540279,1.0,131.0
93260.0,51.0,Female,2.0,9.5,2.0,5.397605346934028e-79,,13764.270731,1.0,125.0
93261.0,24.0,Female,10.0,8.0,5.0,5.0,,18092.597505,2.0,125.0
93263.0,40.0,Male,2.0,6.5,2.0,5.397605346934028e-79,,30622.67397,2.0,127.0
93265.0,56.0,Male,8.0,7.0,5.397605346934028e-79,8.0,,14227.517053,2.0,133.0
93266.0,46.0,Female,8.0,11.0,5.397605346934028e-79,8.0,,15266.124232,2.0,120.0
93267.0,35.0,Female,1.0795210693868056e-78,7.0,5.397605346934028e-79,5.397605346934028e-79,,115699.452062,2.0,124.0
93268.0,73.0,Female,8.0,8.0,4.0,4.0,,51136.319632,1.0,130.0
93270.0,67.0,Female,1.0,9.0,1.0,5.397605346934028e-79,,128614.087154,2.0,126.0
93272.0,62.0,Female,3.0,6.5,3.0,5.397605346934028e-79,,18523.63589,1.0,123.0
93273.0,53.0,Male,4.0,6.0,3.0,1.0,,35304.681498,2.0,127.0
93274.0,23.0,Female,9.0,10.0,5.0,4.0,,88624.575052,2.0,126.0
93275.0,40.0,Female,16.0,8.0,8.0,8.0,,108055.854056,2.0,123.0
93276.0,75.0,Female,5.0,8.0,4.0,1.0,,15587.724658,1.0,119.0
93277.0,40.0,Female,11.0,8.0,3.0,8.0,,16848.782277,1.0,120.0
93278.0,32.0,Male,3.0,7.5,1.0,2.0,,21620.108453,1.0,126.0
93279.0,46.0,Female,13.0,7.0,5.0,8.0,,17953.179899,1.0,123.0
93281.0,80.0,Male,12.0,5.0,4.0,8.0,,19074.783527,2.0,132.0
93282.0,47.0,Male,11.0,6.0,3.0,8.0,,23869.355712,1.0,133.0
93283.0,76.0,Female,10.0,8.0,5.0,5.0,,18069.441798,2.0,132.0
93284.0,71.0,Male,3.0,8.0,1.0,2.0,,86574.683917,2.0,130.0
93285.0,66.0,Female,10.0,7.0,5.0,5.0,,49951.298289,1.0,132.0
93286.0,56.0,Female,3.0,5.5,1.0,2.0,,17973.116026,1.0,128.0
93290.0,77.0,Male,6.0,7.0,5.0,1.0,,15354.823571,2.0,131.0
93291.0,24.0,Female,11.0,8.0,3.0,8.0,,34812.142387,2.0,122.0
93293.0,17.0,Male,7.0,8.0,5.0,2.0,,29082.931988,1.0,130.0
93294.0,18.0,Female,12.0,8.0,4.0,8.0,,19399.951141,2.0,132.0
93296.0,73.0,Male,13.0,7.5,5.0,8.0,,5.397605346934028e-79,2.0,121.0
93297.0,39.0,Female,1.0,8.0,1.0,5.397605346934028e-79,,39529.518949,1.0,129.0
93300.0,19.0,Male,1.0,10.0,1.0,5.397605346934028e-79,,22691.372943,1.0,126.0
93303.0,63.0,Male,13.0,6.0,5.0,8.0,,33473.419047,1.0,130.0
93304.0,76.0,Male,11.0,11.0,3.0,8.0,,9235.844174,1.0,128.0
93305.0,25.0,Female,7.0,9.5,4.0,3.0,,25689.861578,1.0,128.0
93306.0,43.0,Female,1.0,8.0,1.0,5.397605346934028e-79,,27760.97459,2.0,124.0
93307.0,31.0,Male,4.0,7.0,1.0,3.0,,27801.864884,2.0,130.0
93308.0,80.0,Female,13.0,9.0,5.0,8.0,,59970.736073,2.0,120.0
93310.0,57.0,Male,8.0,7.5,3.0,5.0,,21638.820553,2.0,130.0
93311.0,76.0,Male,11.0,8.5,3.0,8.0,,11780.770772,1.0,128.0
93312.0,75.0,Male,5.0,6.5,3.0,2.0,,82340.953229,2.0,120.0
93313.0,25.0,Male,1.0795210693868056e-78,8.0,5.397605346934028e-79,5.397605346934028e-79,,16408.280059,2.0,121.0
93315.0,16.0,Male,1.0,8.5,1.0,5.397605346934028e-79,,58538.973034,1.0,125.0
93318.0,80.0,Female,11.0,11.0,3.0,8.0,,29989.681815,1.0,131.0
93319.0,17.0,Female,9.0,8.0,8.0,1.0,,14640.063687,1.0,120.0
93321.0,21.0,Male,16.0,9.0,8.0,8.0,,27759.357892,2.0,132.0
93322.0,23.0,Female,9.0,8.5,5.0,4.0,,76003.688167,2.0,121.0
93324.0,33.0,Male,3.0,8.0,1.0,2.0,,115459.364757,1.0,119.0
93325.0,28.0,Female,9.0,8.0,1.0,8.0,,77260.121031,1.0,121.0
93326.0,66.0,Male,12.0,6.0,4.0,8.0,,11906.711113,2.0,131.0
93327.0,75.0,Female,8.0,7.5,5.0,3.0,,107886.35638,2.0,130.0
93328.0,34.0,Male,10.0,7.0,5.0,5.0,,16095.211068,2.0,120.0
93330.0,30.0,Female,7.0,7.5,3.0,4.0,,11364.752598,1.0,119.0
93333.0,43.0,Female,5.0,4.5,4.0,1.0,,20065.740604,2.0,133.0
93334.0,53.0,Male,12.0,7.5,4.0,8.0,,33304.881154,2.0,125.0
93336.0,25.0,Male,10.0,8.5,5.0,5.0,,30329.883934,1.0,123.0
93337.0,75.0,Male,11.0,2.0,3.0,8.0,,12734.208408,2.0,131.0
93338.0,50.0,Male,1.0,6.5,5.397605346934028e-79,1.0,,5.397605346934028e-79,2.0,128.0
93339.0,16.0,Male,3.0,8.5,3.0,5.397605346934028e-79,,34624.03259,2.0,127.0
93340.0,66.0,Female,16.0,3.5,8.0,8.0,,17672.441216,1.0,124.0
93342.0,23.0,Male,6.0,11.0,5.0,1.0,,29058.720876,1.0,124.0
93345.0,36.0,Female,8.0,5.0,5.0,3.0,,20968.906794,2.0,119.0
93347.0,28.0,Male,2.0,8.0,2.0,5.397605346934028e-79,,14067.404838,2.0,122.0
93348.0,75.0,Female,4.0,7.5,3.0,1.0,,78663.6421,2.0,129.0
93351.0,27.0,Male,6.0,6.0,4.0,2.0,,32118.872823,1.0,124.0
93352.0,40.0,Female,5.0,7.0,2.0,3.0,,22264.974331,1.0,129.0
93353.0,61.0,Female,6.0,8.5,3.0,3.0,,7353.574796,1.0,129.0
93354.0,64.0,Female,9.0,6.0,8.0,1.0,60.0,7121.992277,1.0,124.0
93355.0,69.0,Male,11.0,8.0,3.0,8.0,,9240.947956,2.0,125.0
93356.0,35.0,Male,10.0,8.5,8.0,2.0,,94266.310369,1.0,120.0
93360.0,62.0,Female,5.0,7.0,3.0,2.0,,18313.151355,2.0,126.0
93361.0,18.0,Female,3.0,7.5,5.397605346934028e-79,3.0,,29545.183262,1.0,120.0
93363.0,35.0,Male,3.0,8.0,1.0,2.0,,33439.957413,1.0,121.0
93364.0,69.0,Female,8.0,5.5,5.397605346934028e-79,8.0,,8988.42532,1.0,121.0
93365.0,26.0,Female,4.0,9.0,5.397605346934028e-79,4.0,,79998.861856,2.0,120.0
93366.0,74.0,Male,3.0,6.5,2.0,1.0,,16608.951479,2.0,126.0
93367.0,38.0,Male,2.0,7.5,2.0,5.397605346934028e-79,,112547.041823,1.0,127.0
93368.0,35.0,Female,1.0795210693868056e-78,7.5,5.397605346934028e-79,5.397605346934028e-79,,31532.538821,1.0,132.0
93369.0,16.0,Female,7.0,8.5,5.0,2.0,,14073.66963,1.0,128.0
93370.0,30.0,Male,1.0795210693868056e-78,8.0,5.397605346934028e-79,5.397605346934028e-79,,20506.616238,2.0,128.0
93371.0,73.0,Female,5.0,9.5,5.0,5.397605346934028e-79,,54884.140122,2.0,127.0
93373.0,44.0,Male,7.0,8.0,3.0,4.0,,12348.96463,2.0,132.0
93374.0,50.0,Female,1.0795210693868056e-78,8.0,5.397605346934028e-79,5.397605346934028e-79,,27448.0941,1.0,132.0
93375.0,36.0,Female,13.0,8.0,5.0,8.0,,54867.744076,2.0,130.0
93381.0,47.0,Female,5.0,7.0,3.0,2.0,,22746.095444,1.0,122.0
93383.0,16.0,Female,8.0,7.0,5.0,3.0,,10113.577675,1.0,119.0
93385.0,42.0,Female,1.0795210693868056e-78,5.5,5.397605346934028e-79,5.397605346934028e-79,30.0,5.397605346934028e-79,2.0,119.0
93386.0,50.0,Female,2.0,8.0,1.0,1.0,,21655.081351,2.0,126.0
93390.0,60.0,Male,11.0,6.5,3.0,8.0,,23283.943057,2.0,133.0
93391.0,69.0,Female,10.0,10.5,2.0,8.0,,7192.139159,2.0,126.0
93392.0,26.0,Female,9.0,9.0,1.0,8.0,,56732.286028,1.0,121.0
93395.0,72.0,Male,13.0,8.0,5.0,8.0,,12068.375552,1.0,124.0
93399.0,59.0,Female,8.0,9.0,3.0,5.0,,99329.647557,2.0,120.0
93405.0,61.0,Male,13.0,5.0,5.0,8.0,60.0,9267.012544,1.0,120.0
93407.0,60.0,Male,4.0,9.0,3.0,1.0,,151692.869453,2.0,125.0
93410.0,77.0,Female,13.0,7.5,5.0,8.0,,47433.332178,1.0,130.0
93413.0,57.0,Female,2.0,7.0,1.0,1.0,,15826.527508,1.0,124.0
93415.0,27.0,Male,1.0,10.0,5.397605346934028e-79,1.0,,33195.697413,2.0,129.0
93416.0,19.0,Female,1.0,7.5,5.397605346934028e-79,1.0,,13177.857303,1.0,123.0
93417.0,51.0,Female,7.0,7.0,5.0,2.0,,49994.641479,2.0,123.0
93419.0,19.0,Male,4.0,8.0,1.0,3.0,,53034.754709,1.0,131.0
93420.0,22.0,Male,6.0,9.0,3.0,3.0,,142614.924082,2.0,120.0
93421.0,80.0,Female,10.0,8.0,2.0,8.0,,10727.242785,1.0,128.0
93426.0,43.0,Female,3.0,7.0,5.397605346934028e-79,3.0,,26930.070069,2.0,128.0
93427.0,28.0,Male,10.0,8.5,2.0,8.0,,139040.927084,2.0,126.0
93428.0,30.0,Female,8.0,9.0,5.397605346934028e-79,8.0,10.0,29340.440054,1.0,132.0
93429.0,26.0,Female,8.0,7.0,3.0,5.0,,27228.19294,1.0,128.0
93430.0,26.0,Female,1.0795210693868056e-78,7.0,5.397605346934028e-79,5.397605346934028e-79,,87176.635074,1.0,130.0
93431.0,54.0,Female,9.0,10.0,1.0,8.0,,22577.667341,2.0,124.0
93432.0,17.0,Male,5.0,7.5,3.0,2.0,,5.397605346934028e-79,2.0,132.0
93433.0,71.0,Male,13.0,10.5,5.0,8.0,,10445.874704,2.0,123.0
93434.0,36.0,Female,3.0,7.0,3.0,5.397605346934028e-79,,24569.320006,2.0,131.0
93435.0,71.0,Male,2.0,7.0,2.0,5.397605346934028e-79,,94024.503652,2.0,127.0
93436.0,52.0,Female,1.0795210693868056e-78,,5.397605346934028e-79,5.397605346934028e-79,,51879.068281,1.0,130.0
93437.0,52.0,Male,2.0,8.0,2.0,5.397605346934028e-79,,19577.75466,2.0,122.0
93438.0,51.0,Female,1.0795210693868056e-78,9.0,5.397605346934028e-79,5.397605346934028e-79,,18256.179649,1.0,126.0
93441.0,80.0,Male,13.0,6.0,5.0,8.0,,14856.89084,2.0,126.0
93442.0,80.0,Male,10.0,8.0,2.0,8.0,,50573.907843,2.0,123.0
93443.0,73.0,Male,4.0,6.5,4.0,5.397605346934028e-79,,14685.810457,2.0,132.0
93445.0,38.0,Male,10.0,8.5,2.0,8.0,60.0,23755.676808,2.0,129.0
93446.0,19.0,Male,9.0,9.5,4.0,5.0,,14798.442544,2.0,121.0
93447.0,36.0,Male,2.0,5.5,1.0,1.0,,28664.101045,1.0,123.0
93449.0,56.0,Male,9.0,8.0,8.0,1.0,,5.397605346934028e-79,2.0,119.0
93451.0,48.0,Male,10.0,10.0,5.0,5.0,,25870.58989,2.0,132.0
93454.0,59.0,Male,,8.0,,8.0,,14568.226502,1.0,123.0
93455.0,73.0,Male,10.0,9.0,2.0,8.0,,10722.692186,1.0,123.0
93456.0,50.0,Male,3.0,5.0,2.0,1.0,,24131.672273,1.0,125.0
93457.0,25.0,Female,5.0,9.0,1.0,4.0,,26051.027906,2.0,131.0
93458.0,16.0,Female,10.0,8.0,5.0,5.0,,19976.342801,2.0,126.0
93459.0,44.0,Female,10.0,8.0,2.0,8.0,,18072.031282,1.0,119.0
93461.0,71.0,Female,2.0,9.0,1.0,1.0,,14358.887538,1.0,120.0
93462.0,17.0,Male,2.0,8.0,2.0,5.397605346934028e-79,,88607.833585,2.0,121.0
93463.0,69.0,Male,6.0,9.5,5.0,1.0,,29481.891843,2.0,132.0
93466.0,60.0,Female,11.0,,3.0,8.0,,5.397605346934028e-79,2.0,133.0
93469.0,50.0,Male,11.0,9.0,3.0,8.0,,25906.632579,1.0,129.0
93473.0,22.0,Male,4.0,4.0,2.0,2.0,60.0,24913.200394,1.0,124.0
93476.0,77.0,Female,9.0,5.5,1.0,8.0,,10136.293628,1.0,121.0
93478.0,19.0,Male,4.0,9.0,2.0,2.0,,8340.337822,1.0,119.0
93481.0,17.0,Male,11.0,8.5,8.0,3.0,,9164.671447,2.0,125.0
93482.0,29.0,Male,6.0,9.0,3.0,3.0,60.0,29215.059503,1.0,124.0
93483.0,42.0,Female,6.0,8.0,3.0,3.0,,115888.83883,1.0,133.0
93484.0,16.0,Male,6.0,8.0,1.0,5.0,,24018.709046,1.0,125.0
93485.0,60.0,Female,3.0,6.0,3.0,5.397605346934028e-79,,19881.496368,1.0,124.0
93486.0,29.0,Male,8.0,4.0,5.397605346934028e-79,8.0,,44253.174987,1.0,122.0
93488.0,47.0,Female,1.0,4.5,1.0,5.397605346934028e-79,,20717.243233,1.0,129.0
93489.0,47.0,Male,2.0,6.5,2.0,5.397605346934028e-79,,29434.191064,2.0,119.0
93490.0,80.0,Female,11.0,6.5,3.0,8.0,,37957.159622,1.0,130.0
93492.0,46.0,Male,10.0,5.5,2.0,8.0,,23952.571943,1.0,119.0
93493.0,18.0,Female,1.0795210693868056e-78,9.0,5.397605346934028e-79,5.397605346934028e-79,,13889.994577,1.0,129.0
93495.0,65.0,Female,2.0,7.5,2.0,5.397605346934028e-79,,143027.868461,2.0,124.0
93496.0,54.0,Female,1.0,9.0,5.397605346934028e-79,1.0,,15010.101081,2.0,130.0
93498.0,54.0,Male,10.0,6.0,5.0,5.0,,123454.015178,1.0,130.0
93499.0,30.0,Female,8.0,8.5,3.0,5.0,,28140.717107,2.0,129.0
93502.0,73.0,Female,11.0,7.5,3.0,8.0,,8069.622491,1.0,124.0
93503.0,54.0,Female,5.0,7.0,4.0,1.0,,19407.828122,2.0,132.0
93504.0,37.0,Male,1.0,8.0,1.0,5.397605346934028e-79,,20332.661807,2.0,122.0
93508.0,53.0,Female,2.0,8.0,5.397605346934028e-79,2.0,,140808.465733,2.0,133.0
93509.0,21.0,Female,5.0,7.5,3.0,2.0,,28260.681056,1.0,121.0
93511.0,40.0,Female,1.0795210693868056e-78,7.0,5.397605346934028e-79,5.397605346934028e-79,,20694.13823,2.0,130.0
93512.0,55.0,Male,9.0,6.5,1.0,8.0,,41848.3301,2.0,127.0
93513.0,47.0,Male,1.0795210693868056e-78,7.0,5.397605346934028e-79,5.397605346934028e-79,,36002.333801,2.0,126.0
93514.0,56.0,Female,8.0,7.0,5.397605346934028e-79,8.0,,11742.14525,1.0,120.0
93516.0,43.0,Female,9.0,5.5,1.0,8.0,,26860.659729,2.0,123.0
93518.0,41.0,Male,2.0,7.5,1.0,1.0,,128675.045659,1.0,130.0
93519.0,19.0,Male,12.0,9.0,4.0,8.0,,10766.006454,2.0,120.0
93520.0,52.0,Male,3.0,8.5,3.0,5.397605346934028e-79,,50256.149579,1.0,132.0
93522.0,64.0,Male,11.0,10.0,3.0,8.0,,10531.60361,2.0,127.0
93524.0,26.0,Female,5.0,8.0,3.0,2.0,,28762.21152,1.0,121.0
93528.0,27.0,Male,13.0,6.0,8.0,5.0,60.0,23624.799572,1.0,123.0
93529.0,59.0,Female,8.0,9.0,3.0,5.0,,158914.414634,2.0,121.0
93530.0,21.0,Female,2.0,8.0,2.0,5.397605346934028e-79,,5.397605346934028e-79,2.0,130.0
93531.0,52.0,Female,1.0,5.0,5.397605346934028e-79,1.0,,21344.533998,2.0,123.0
93532.0,51.0,Female,5.0,8.0,3.0,2.0,,163045.881654,1.0,125.0
93533.0,53.0,Male,13.0,9.0,5.0,8.0,,18930.935249,1.0,133.0
93535.0,31.0,Female,1.0795210693868056e-78,6.5,5.397605346934028e-79,5.397605346934028e-79,,27598.077406,2.0,132.0
93536.0,63.0,Female,13.0,7.0,5.0,8.0,,15848.688357,1.0,119.0
93538.0,28.0,Male,9.0,10.0,1.0,8.0,,138665.563645,2.0,121.0
93539.0,69.0,Female,1.0,6.5,1.0,5.397605346934028e-79,,8256.55913,1.0,120.0
93540.0,80.0,Male,13.0,7.0,5.0,8.0,,13255.61071,1.0,131.0
93541.0,73.0,Female,5.0,6.5,2.0,3.0,,23381.063934,1.0,132.0
93545.0,17.0,Female,3.0,7.5,3.0,5.397605346934028e-79,,13621.907505,1.0,121.0
93547.0,48.0,Male,3.0,8.0,1.0,2.0,,27015.18334,1.0,132.0
93549.0,80.0,Female,13.0,8.0,5.0,8.0,,23140.097228,1.0,119.0
93550.0,37.0,Male,13.0,8.5,8.0,5.0,,24729.521183,2.0,120.0
93554.0,54.0,Male,1.0,6.5,1.0,5.397605346934028e-79,,32514.85113,1.0,132.0
93555.0,57.0,Female,10.0,5.0,2.0,8.0,,21594.223102,2.0,132.0
93556.0,21.0,Female,8.0,7.0,5.397605346934028e-79,8.0,,19645.753824,2.0,133.0
93557.0,55.0,Male,1.0,7.5,1.0,5.397605346934028e-79,,205070.53569,2.0,127.0
93558.0,67.0,Female,5.0,8.0,4.0,1.0,,207197.231917,2.0,127.0
93560.0,59.0,Male,13.0,8.5,5.0,8.0,,22039.187764,1.0,125.0
93562.0,19.0,Female,10.0,7.0,5.0,5.0,,14650.779633,1.0,127.0
93563.0,80.0,Female,7.0,5.5,5.0,2.0,,11684.117184,1.0,133.0
93564.0,18.0,Male,7.0,6.5,3.0,4.0,,28049.819616,2.0,130.0
93565.0,60.0,Male,1.0795210693868056e-78,7.5,5.397605346934028e-79,5.397605346934028e-79,,134254.213866,1.0,123.0
93566.0,17.0,Female,8.0,8.0,5.397605346934028e-79,8.0,,99074.356362,2.0,124.0
93567.0,64.0,Female,10.0,8.5,2.0,8.0,,8249.981743,2.0,119.0
93568.0,46.0,Female,13.0,10.0,5.0,8.0,,27021.818082,2.0,121.0
93569.0,16.0,Female,1.0795210693868056e-78,7.5,5.397605346934028e-79,5.397605346934028e-79,,51823.827251,1.0,123.0
93571.0,53.0,Male,10.0,8.0,2.0,8.0,,147912.199325,2.0,125.0
93572.0,80.0,Male,6.0,7.0,1.0,5.0,,43444.43213,2.0,121.0
93573.0,55.0,Female,6.0,7.5,4.0,2.0,,29203.527415,2.0,125.0
93574.0,47.0,Male,3.0,7.0,3.0,5.397605346934028e-79,,27272.392056,2.0,126.0
93576.0,52.0,Male,1.0,6.0,1.0,5.397605346934028e-79,,20397.335735,1.0,119.0
93577.0,19.0,Male,9.0,7.0,5.0,4.0,,20458.73866,1.0,133.0
93578.0,65.0,Male,5.0,7.5,1.0,4.0,,11560.944267,2.0,129.0
93581.0,50.0,Male,4.0,9.0,3.0,1.0,,94146.175757,1.0,122.0
93582.0,20.0,Male,4.0,7.5,3.0,1.0,,18769.536815,1.0,119.0
93585.0,34.0,Female,1.0,8.5,1.0,5.397605346934028e-79,,20337.779206,2.0,126.0
93587.0,29.0,Male,9.0,6.0,1.0,8.0,,41778.706913,2.0,123.0
93589.0,66.0,Male,16.0,5.0,8.0,8.0,,38044.53524,2.0,120.0
93590.0,28.0,Female,16.0,8.0,8.0,8.0,,28941.456058,2.0,130.0
93591.0,75.0,Male,6.0,8.0,4.0,2.0,,16264.637042,1.0,133.0
93592.0,36.0,Male,12.0,8.0,4.0,8.0,,26545.556862,1.0,120.0
93593.0,74.0,Female,5.0,10.0,3.0,2.0,,117131.143413,1.0,120.0
93596.0,55.0,Female,10.0,5.0,2.0,8.0,,19219.665279,1.0,130.0
93597.0,19.0,Female,6.0,6.0,2.0,4.0,,6774.753046,2.0,119.0
93598.0,71.0,Male,13.0,7.0,5.0,8.0,,6846.874602,1.0,119.0
93600.0,22.0,Female,6.0,9.0,3.0,3.0,,83110.1968,1.0,122.0
93602.0,17.0,Female,12.0,8.5,4.0,8.0,,15441.330796,1.0,125.0
93606.0,28.0,Female,1.0795210693868056e-78,7.0,5.397605346934028e-79,5.397605346934028e-79,,52973.682822,2.0,132.0
93607.0,50.0,Male,4.0,6.5,2.0,2.0,,25399.223761,1.0,124.0
93608.0,57.0,Female,10.0,4.5,2.0,8.0,,30969.500152,1.0,132.0
93609.0,74.0,Female,5.0,8.0,4.0,1.0,,111800.896552,2.0,127.0
93610.0,28.0,Female,8.0,7.0,5.397605346934028e-79,8.0,,47886.140988,1.0,132.0
93611.0,70.0,Female,13.0,9.0,5.0,8.0,,49918.788212,1.0,130.0
93612.0,36.0,Female,4.0,7.0,2.0,2.0,,25706.637576,2.0,130.0
93614.0,60.0,Female,5.0,10.0,5.397605346934028e-79,5.0,,44322.114338,2.0,127.0
93617.0,72.0,Male,7.0,7.0,4.0,3.0,,17631.346174,2.0,130.0
93618.0,25.0,Male,2.0,8.0,2.0,5.397605346934028e-79,,45463.950635,1.0,132.0
93619.0,44.0,Female,2.0,6.5,1.0,1.0,,13721.095669,2.0,121.0
93620.0,48.0,Male,1.0,6.5,1.0,5.397605346934028e-79,,132928.390153,2.0,120.0
93621.0,66.0,Male,9.0,9.0,1.0,8.0,30.0,7778.892166,1.0,125.0
93622.0,80.0,Female,13.0,3.0,5.0,8.0,,36181.136653,2.0,125.0
93624.0,41.0,Male,2.0,7.0,5.397605346934028e-79,2.0,,28273.294674,2.0,119.0
93625.0,26.0,Male,1.0,11.0,1.0,5.397605346934028e-79,,132018.430421,2.0,125.0
93626.0,71.0,Male,6.0,9.5,5.0,1.0,,94734.593107,1.0,120.0
93629.0,51.0,Female,8.0,8.5,5.397605346934028e-79,8.0,,32570.984741,2.0,131.0
93631.0,68.0,Female,5.0,8.0,5.0,5.397605346934028e-79,,39729.988506,2.0,126.0
93633.0,63.0,Male,12.0,7.5,4.0,8.0,,13746.496331,2.0,133.0
93636.0,80.0,Female,13.0,11.0,5.0,8.0,,46140.782689,2.0,130.0
93638.0,33.0,Male,10.0,9.0,2.0,8.0,,30827.757665,2.0,126.0
93639.0,25.0,Male,6.0,8.0,2.0,4.0,,136203.795852,1.0,132.0
93640.0,38.0,Male,3.0,5.5,3.0,5.397605346934028e-79,,36899.078913,2.0,130.0
93641.0,80.0,Female,5.0,8.0,3.0,2.0,,5.397605346934028e-79,2.0,129.0
93643.0,64.0,Female,1.0795210693868056e-78,7.0,5.397605346934028e-79,5.397605346934028e-79,60.0,17275.064931,1.0,124.0
93644.0,75.0,Female,13.0,7.0,5.0,8.0,,20281.856989,2.0,119.0
93645.0,80.0,Male,7.0,6.5,2.0,5.0,,20821.787725,1.0,121.0
93646.0,16.0,Female,8.0,6.5,8.0,5.397605346934028e-79,,17986.390086,2.0,129.0
93651.0,34.0,Male,2.0,5.5,2.0,5.397605346934028e-79,,5.397605346934028e-79,1.0,133.0
93652.0,72.0,Male,11.0,8.5,3.0,8.0,,10821.302974,1.0,125.0
93653.0,25.0,Female,1.0,8.0,1.0,5.397605346934028e-79,,110393.459614,1.0,132.0
93654.0,29.0,Female,10.0,8.5,5.0,5.0,,24981.470226,1.0,126.0
93655.0,38.0,Male,8.0,8.0,4.0,4.0,,40480.829028,2.0,131.0
93656.0,75.0,Female,10.0,9.0,2.0,8.0,,10745.266811,1.0,127.0
93659.0,62.0,Male,12.0,8.0,4.0,8.0,,8295.484674,1.0,120.0
93661.0,27.0,Female,8.0,7.0,5.0,3.0,,24763.515585,1.0,127.0
93662.0,17.0,Female,5.0,8.0,5.0,5.397605346934028e-79,,35302.973812,2.0,131.0
93663.0,43.0,Male,10.0,8.0,2.0,8.0,,24609.690858,1.0,120.0
93664.0,39.0,Male,4.0,5.0,2.0,2.0,,26055.544114,1.0,120.0
93665.0,34.0,Female,1.0795210693868056e-78,8.0,5.397605346934028e-79,5.397605346934028e-79,,117425.338216,1.0,121.0
93668.0,73.0,Female,13.0,8.0,5.0,8.0,,14756.62682,1.0,128.0
93670.0,32.0,Male,11.0,7.0,3.0,8.0,,123905.918831,2.0,123.0
93671.0,45.0,Male,10.0,7.5,2.0,8.0,,21289.548417,1.0,124.0
93672.0,63.0,Female,10.0,11.5,2.0,8.0,,9594.546377,2.0,119.0
93675.0,38.0,Male,4.0,8.0,1.0,3.0,,30582.96756,2.0,122.0
93676.0,35.0,Female,4.0,8.0,4.0,5.397605346934028e-79,,32682.220771,2.0,132.0
93677.0,34.0,Female,1.0,8.0,5.397605346934028e-79,1.0,,138704.968188,1.0,122.0
93679.0,72.0,Female,7.0,9.0,5.0,2.0,,20542.102254,2.0,132.0
93680.0,17.0,Male,12.0,7.0,4.0,8.0,,12145.681241,2.0,129.0
93682.0,41.0,Female,1.0,7.0,5.397605346934028e-79,1.0,,28300.486848,2.0,121.0
93684.0,34.0,Male,1.0795210693868056e-78,7.5,5.397605346934028e-79,5.397605346934028e-79,,31309.362247,2.0,131.0
93685.0,53.0,Male,11.0,6.0,3.0,8.0,,22794.734098,1.0,126.0
93687.0,16.0,Female,8.0,14.0,8.0,5.397605346934028e-79,,17268.210255,1.0,126.0
93689.0,69.0,Female,13.0,8.0,5.0,8.0,,11665.798762,2.0,127.0
93690.0,32.0,Male,8.0,7.0,5.397605346934028e-79,8.0,,45710.936876,2.0,127.0
93691.0,25.0,Male,9.0,8.0,1.0,8.0,,13782.06768,2.0,133.0
93695.0,76.0,Female,7.0,9.5,5.0,2.0,,66678.487176,2.0,130.0
93696.0,26.0,Male,1.0,8.5,1.0,5.397605346934028e-79,,132143.889434,1.0,121.0
93697.0,80.0,Female,6.0,10.0,4.0,2.0,,52126.766231,2.0,132.0
93700.0,35.0,Male,1.0795210693868056e-78,6.0,5.397605346934028e-79,5.397605346934028e-79,,43194.215112,1.0,126.0
93702.0,24.0,Female,2.0,7.5,2.0,5.397605346934028e-79,,105080.445194,2.0,119.0
